OBJECTID;ULAND;UREGBEZ;UKREIS;UGEMEINDE;UJAHR;UMONAT;USTUNDE;UWOCHENTAG;UKATEGORIE;UART;UTYP1;ULICHTVERH;IstRad;IstPKW;IstFuss;IstKrad;IstGkfz;IstSonstige;LINREFX;LINREFY;XGCSWGS84;YGCSWGS84;STRZUSTAND
21604;08;3;25;045;2019;01;17;6;2;6;4;2;0;1;1;0;0;0;468498,535629620780000;5349123,288783298800000;8,575279387000023;48,294523404000074;0
21619;08;1;26;060;2019;01;18;6;2;6;4;2;0;1;1;0;0;0;544668,729580977930000;5460525,344215611000000;9,614356641000029;49,295840326000075;1
21620;08;2;25;058;2019;01;20;6;2;6;4;2;0;1;1;0;0;0;509773,257731085640000;5466023,692172873800000;9,134556207000060;49,346853344000067;1
21631;08;1;11;000;2019;01;12;6;2;5;3;0;1;1;0;0;0;0;516248,586010445840000;5405694,947040215100000;9,221282888000076;48,804032147000044;1
21639;08;3;35;055;2019;01;15;5;1;9;7;0;0;1;1;0;0;0;496529,261235589160000;5284715,848028803200000;8,953726111000037;47,715813054000080;0
21646;08;3;16;009;2019;01;12;5;3;5;3;0;1;1;0;0;0;0;416634,620000000110000;5324436,112000001600000;7,880960785000070;48,067750327000056;0
21674;08;4;17;031;2019;01;10;4;3;5;3;0;1;1;0;0;0;0;497181,088897331620000;5356383,370326098100000;8,961944740000035;48,360617907000062;1
21699;08;1;15;045;2019;01;16;4;3;6;1;0;0;1;1;0;0;0;500012,917841837740000;5395569,375376645500000;9,000175606000028;48,713154950000046;1
21701;08;1;11;000;2019;01;23;4;2;6;4;2;0;1;1;0;0;0;516840,168819180690000;5403647,752686368300000;9,229255419000026;48,785600114000033;0
21705;08;3;37;096;2019;01;06;3;3;6;4;2;0;1;1;0;0;0;419539,217098345980000;5267356,657285288000000;7,930538667000064;47,554642367000042;0
21706;08;3;35;075;2019;01;13;3;3;0;1;0;1;0;0;0;0;0;493048,900075602350000;5289401,041403902700000;8,907249143000058;47,757940410000060;0
21712;08;2;31;000;2019;01;16;3;3;0;7;0;0;0;1;0;0;1;478507,415000000970000;5415803,596699999600000;8,706771571000047;48,894807666000077;1
21713;08;2;26;056;2019;01;16;3;3;6;2;1;0;1;1;0;0;0;484213,252110482190000;5471170,393450329100000;8,782447612000055;49,393021757000042;1
21721;08;1;16;081;2019;01;01;3;1;2;1;2;0;1;1;0;0;0;516676,873312822540000;5386383,863355565800000;9,226334831000031;48,630298495000034;1
21796;08;1;36;065;2019;01;18;7;2;5;3;2;1;1;0;0;0;0;560581,416164948610000;5405878,355316847600000;9,825019268000062;48,802941983000039;1
21853;08;3;35;043;2019;01;16;5;3;0;1;0;1;0;0;0;0;0;515307,587465091610000;5281077,450085215300000;9,203961223000022;47,682904041000029;2
21865;08;2;22;000;2019;01;17;5;3;5;3;2;1;1;0;0;0;0;462939,941991252820000;5482900,327952185600000;8,488198271000044;49,497604135000074;0
21866;08;2;22;000;2019;01;21;5;3;6;4;2;1;0;1;0;0;0;462853,582747563720000;5482751,586408782800000;8,487019678000024;49,496261000000061;0
21871;08;2;12;000;2019;01;18;5;3;5;3;2;1;1;0;0;0;0;457000,311484859320000;5428269,414912981900000;8,412041014000067;49,005821120000064;1
21879;08;1;36;042;2019;01;16;5;3;1;5;0;1;1;0;0;0;0;546813,147304660640000;5403899,165585631500000;9,637306439000042;48,786327888000073;0
21886;08;1;19;086;2019;01;15;5;3;5;3;0;1;1;0;0;0;0;535191,114500234830000;5405241,049509652000000;9,479207691000056;48,799165203000030;1
21887;08;1;19;067;2019;01;17;5;3;6;4;2;0;1;1;0;0;0;539076,306727080610000;5405687,683045091100000;9,532153726000047;48,802950832000079;1
21891;08;1;18;046;2019;01;15;5;3;7;7;0;1;0;0;0;0;0;515191,063000001940000;5412650,717000000200000;9,207138828000041;48,866631721000033;0
21896;08;1;17;026;2019;01;11;5;2;6;4;0;0;1;1;0;0;0;547690,364000000060000;5394351,626000000200000;9,648142604000043;48,700376904000052;1
21905;08;1;11;000;2019;01;07;5;2;6;7;0;0;1;1;0;0;0;512592,260652123950000;5401559,131202118500000;9,171362425000041;48,766911542000059;1
21910;08;4;35;016;2019;01;07;4;3;5;3;1;1;1;0;0;0;0;537381,626964804720000;5278855,372642964100000;9,497881662000054;47,662011477000078;1
21915;08;4;21;000;2019;01;07;4;2;4;1;2;1;0;0;0;0;0;573126,141999999990000;5356008,872000001400000;9,987060752000048;48,353020190000052;2
21925;08;3;35;075;2019;01;07;4;3;6;4;1;0;1;1;0;0;0;488796,571221814490000;5287857,237728737300000;8,850548828000058;47,743990084000075;1
21946;08;2;36;071;2019;01;07;4;3;6;4;1;0;1;1;0;0;0;468710,975436409940000;5422367,375128340000000;8,572616155000048;48,953434753000067;1
21950;08;2;25;074;2019;01;17;4;3;6;1;2;0;0;1;0;0;1;507033,189951333220000;5466595,544969914500000;9,096841680000068;49,352034950000075;0
21955;08;2;21;000;2019;01;20;4;3;6;7;2;0;0;1;0;0;1;477495,283658791330000;5471493,954232689000000;8,689852213000052;49,395720888000028;1
21975;08;1;25;113;2019;01;17;4;2;6;6;2;0;0;1;0;1;0;527812,968155927960000;5452460,720932155800000;9,381975729000033;49,224298907000048;0
21982;08;1;17;051;2019;01;06;4;3;6;4;2;0;1;1;0;0;0;542522,698310013860000;5395207,612121911700000;9,578002844000025;48,708450706000065;1
21985;08;1;16;019;2019;01;17;4;3;5;3;2;1;1;0;0;0;0;524407,224889473990000;5397415,882166000100000;9,331899282000052;48,729288239000027;1
21988;08;1;16;056;2019;01;20;4;3;4;7;2;1;1;0;0;0;0;530273,560115288010000;5396160,075726654400000;9,411577941000076;48,717733856000052;1
22005;08;4;35;016;2019;01;08;3;3;7;7;1;1;0;0;0;0;0;538995,685133286750000;5279584,838483288900000;9,519443339000077;47,668479436000041;1
22012;08;3;37;066;2019;01;07;3;3;6;4;2;0;1;1;0;0;0;430285,167726548390000;5268477,114601133400000;8,073172198000066;47,565965612000070;1
22044;08;1;18;079;2019;01;07;3;3;5;3;2;1;1;0;0;0;0;508941,519000000320000;5423290,140000000600000;9,122156127000039;48,962462691000042;0
22046;08;1;17;042;2019;01;06;3;2;6;4;2;0;0;1;0;0;1;554176,623908294360000;5393142,357244234500000;9,736129279000068;48,688969504000056;1
22051;08;1;11;000;2019;01;08;3;3;5;2;0;1;1;0;0;0;0;513265,272997500370000;5402372,124126082300000;9,180547322000052;48,774211190000074;0
22054;08;4;35;016;2019;01;17;2;3;6;4;2;0;1;1;0;0;0;533099,352900713680000;5280341,954168038400000;9,440961043000073;47,675620224000056;1
22066;08;4;35;057;2019;01;17;2;3;6;4;2;0;1;1;0;0;0;544477,947114347480000;5279549,925931280500000;9,592462659000034;47,667811486000062;1
22067;08;3;35;079;2019;01;18;2;2;6;4;2;0;1;1;0;0;0;501102,027635551060000;5299734,999495202700000;9,014730999000051;47,850956680000081;1
22074;08;2;12;000;2019;01;07;2;3;6;4;0;0;1;1;0;0;0;454231,909403696660000;5432577,113003745700000;8,373703293000062;49,044369944000039;1
22080;08;2;26;013;2019;01;13;2;3;5;2;0;1;1;0;0;0;0;498661,336686305700000;5479506,481658563000000;8,981524078000064;49,468207586000062;1
22081;08;2;26;036;2019;01;13;2;3;5;3;0;1;1;0;0;0;0;469027,185836732390000;5480327,147627335000000;8,572462374000054;49,474800749000053;0
22085;08;2;12;000;2019;01;14;2;3;1;5;0;1;1;0;0;0;0;455816,940426166170000;5428232,792429575700000;8,395865029000049;49,005408113000044;0
22088;08;3;16;051;2019;01;22;7;3;3;6;2;1;1;0;0;0;0;400825,695557313040000;5337739,660899139900000;7,665711214000055;48,185147485000073;0
22128;08;2;12;000;2019;01;09;7;3;5;3;0;1;1;0;0;0;0;455114,458407263270000;5427754,513426927800000;8,386313112000039;49,001055258000065;1
22134;08;3;17;089;2019;01;10;7;2;6;4;0;0;1;1;0;0;0;431534,121930966150000;5375970,983690202200000;8,072571374000063;48,533108172000027;1
22135;08;4;16;036;2019;01;12;5;3;6;7;0;0;1;1;0;0;0;495467,138463538140000;5368926,885861614700000;8,938670864000073;48,473455993000073;1
22146;08;2;12;000;2019;01;07;4;3;4;6;0;1;0;0;0;0;0;455777,723052482120000;5431321,908379171000000;8,394992119000051;49,033192163000081;0
22154;08;1;36;088;2019;01;07;4;2;6;4;2;0;1;1;0;0;0;582364,873006005770000;5410746,836975963800000;10,122600218000059;48,844225228000028;0
22160;08;2;22;000;2019;01;11;5;2;6;2;0;0;1;1;0;0;0;463007,092407752760000;5486363,475597443100000;8,488801051000053;49,528757360000043;1
22161;08;1;18;050;2019;01;12;4;3;6;2;0;0;1;1;0;0;0;506066,565000000410000;5416681,496000001200000;9,082781146000059;48,903048134000073;0
22169;08;1;11;000;2019;01;15;4;2;6;4;0;0;1;1;0;0;0;515312,191899583670000;5399429,735850507400000;9,208297302000062;48,747694656000078;0
22170;08;1;11;000;2019;01;16;4;2;5;3;1;1;1;0;0;0;0;514856,690941479990000;5406113,233452113300000;9,202342502000022;48,807829825000056;0
22171;08;4;36;081;2019;01;18;3;2;0;1;2;1;0;0;0;0;0;557726,803945197720000;5279056,877248592700000;9,768862655000021;47,662328639000066;2
22180;08;4;36;064;2019;01;17;4;3;6;2;2;0;1;1;0;0;0;546058,987883634870000;5293482,307241763900000;9,614995507000060;47,793051758000047;1
22181;08;3;35;079;2019;01;14;3;3;6;4;0;0;1;1;0;0;0;500398,169898247350000;5299665,463541925000000;9,005322344000035;47,850331857000072;0
22184;08;3;26;012;2019;01;07;3;3;6;4;2;0;1;1;0;0;0;462707,501170995650000;5309967,767990730700000;8,500629835000041;47,941939782000077;1
22187;08;3;17;073;2019;01;12;3;3;5;3;0;1;1;0;0;0;0;411743,246174578550000;5349038,370549080900000;7,810206444000073;48,288388862000033;0
22197;08;2;31;000;2019;01;12;3;2;6;4;0;0;1;1;0;0;0;477798,134852846150000;5415679,194861888900000;8,697101594000060;48,893663579000076;0
22217;08;1;35;019;2019;01;15;3;3;6;4;0;1;0;1;0;0;0;584754,523453198370000;5392342,526833711200000;10,151373194000030;48,678372096000032;0
22219;08;1;27;014;2019;01;08;3;2;0;1;0;1;0;0;0;0;0;575522,573660998610000;5443050,609199818200000;10,035362335000059;49,135641108000073;2
22225;08;4;26;070;2019;01;15;4;3;6;6;0;0;1;1;0;0;0;565230,921571983020000;5342320,971043072600000;9,878389947000073;48,230753407000066;0
22233;08;1;18;028;2019;01;19;3;3;5;2;2;1;0;0;0;0;1;513760,185664529910000;5426598,392883770200000;9,188098821000040;48,992133932000058;0
22238;08;1;16;049;2019;01;12;3;2;6;4;0;0;1;1;0;0;0;525806,459095262920000;5385810,286702303200000;9,350201855000023;48,624828456000046;0
22240;08;1;15;046;2019;01;09;3;2;6;4;0;0;1;1;0;0;0;509250,710306791590000;5390598,717165947000000;9,125643111000045;48,668369887000040;0
22242;08;1;11;000;2019;01;09;3;3;5;3;0;1;1;0;0;0;0;507786,631467991510000;5395935,416806684800000;9,105858633000025;48,716399255000056;1
22244;08;4;37;104;2019;01;14;2;3;3;6;0;1;0;0;0;0;0;518332,729792521340000;5326926,646172933300000;9,246215953000046;48,095343344000071;1
22250;08;4;35;016;2019;01;18;2;3;6;2;2;0;1;1;0;0;0;537791,784557634960000;5278781,068602375700000;9,503337862000024;47,661319101000061;1
22256;08;1;25;065;2019;01;17;5;3;5;3;2;1;1;0;0;0;0;515795,309289173220000;5448528,494827404600000;9,216775502000075;49,189355487000057;1
22265;08;4;35;016;2019;01;16;2;2;5;3;0;1;1;0;0;0;0;536768,556482207030000;5279462,103258952500000;9,489767618000030;47,667505608000056;1
22268;08;2;36;072;2019;01;06;5;2;6;4;2;0;1;1;0;0;0;463310,620348901490000;5410235,555078327700000;8,499944030000052;48,844006924000041;1
22271;08;3;26;074;2019;01;07;2;3;6;2;2;0;1;1;0;0;0;459782,726375874130000;5322539,375740353000000;8,460288597000044;48,054866950000076;2
22279;08;2;26;096;2019;01;07;5;3;5;3;2;1;1;0;0;0;0;475352,229277025910000;5487294,023388154800000;8,659334344000058;49,537755207000032;1
22302;08;1;25;013;2019;01;10;2;2;6;2;0;0;1;1;0;0;0;504593,887369129810000;5435804,656776614500000;9,062901949000036;49,075085653000031;1
22312;08;1;16;078;2019;01;17;2;3;6;4;2;0;1;1;0;0;0;509552,349913842980000;5393282,606717871500000;9,129801990000033;48,692509870000038;1
22313;08;1;15;051;2019;01;14;2;3;6;4;0;0;1;1;0;0;0;504509,309820832680000;5385707,402295362200000;9,061192227000049;48,624419043000046;2
22320;08;2;16;007;2019;01;19;1;3;5;3;2;1;1;0;0;0;0;436516,846000000830000;5394258,333999998900000;8,137259842000049;48,698130479000042;1
22332;08;1;19;044;2019;01;07;5;3;6;4;2;0;1;1;0;0;0;542169,025168290360000;5425834,136729579400000;9,576348693000057;48,983972698000059;1
22344;08;2;22;000;2019;01;06;5;3;5;3;2;1;1;0;0;0;0;467210,724266607310000;5484629,139596840400000;8,547032439000077;49,513399893000042;1
22349;08;3;35;075;2019;01;06;4;3;5;3;2;1;1;0;0;0;0;488859,266291706820000;5287866,102404233100000;8,851384936000045;47,744070930000078;1
22354;08;2;31;000;2019;01;19;7;2;6;2;2;0;1;1;0;0;0;474800,003101845270000;5416826,755044415600000;8,656128224000042;48,903871899000080;1
22358;08;2;16;052;2019;01;09;7;3;1;5;0;1;1;0;0;0;0;441835,382698726840000;5416578,028453858600000;8,206370447000040;48,899416263000035;1
22362;08;4;36;064;2019;01;05;4;2;0;1;2;1;0;0;0;0;0;543361,911686077710000;5288144,146664537500000;9,578452355000025;47,745211128000051;0
22370;08;1;11;000;2019;01;22;7;2;6;4;2;0;0;1;1;0;0;512918,105486335230000;5401948,374007979400000;9,175808903000075;48,770406468000033;1
22371;08;2;11;000;2019;01;17;5;3;6;4;2;0;1;1;0;0;0;444232,003703273830000;5400485,436064453800000;8,241256842000041;48,754882253000062;1
22377;08;3;17;152;2019;01;16;4;3;9;7;0;1;0;0;0;0;0;408426,620000001970000;5348693,623999999800000;7,765580172000057;48,284816782000064;0
22381;08;3;37;096;2019;01;17;6;2;6;4;2;0;0;1;0;1;0;422039,463821955960000;5268020,326781554100000;7,963647788000060;47,560918048000076;1
22382;08;3;36;024;2019;01;06;6;3;8;1;2;1;0;0;0;0;0;394378,174704137260000;5278776,592706974600000;7,593445200000076;47,653760481000063;1
22408;08;1;17;051;2019;01;07;6;3;6;4;0;0;1;1;0;0;0;542673,722000000070000;5394486,304000001400000;9,579981004000047;48,701951778000080;1
22416;08;1;16;077;2019;01;17;6;2;6;4;2;0;1;1;0;0;0;517390,435087265450000;5391268,525152428100000;9,236224235000066;48,674221893000038;1
22421;08;1;16;033;2019;01;10;6;3;3;2;0;1;0;0;0;1;0;531485,705101431350000;5389268,925236849100000;9,427531858000066;48,655682010000078;1
22426;08;2;21;000;2019;01;08;6;3;5;2;0;1;1;0;0;0;0;477643,419895233590000;5472306,080061631300000;8,691848012000037;49,403031305000070;1
22452;08;1;26;072;2019;01;12;6;3;6;4;0;0;1;1;0;0;0;538222,711704373360000;5465837,716098493000000;9,526213709000047;49,344061017000058;1
22458;08;4;25;033;2019;01;14;4;3;5;3;0;1;1;0;0;0;0;553685,633079355580000;5347028,287174306800000;9,723534248000021;48,274183323000045;0
22467;08;3;17;040;2019;01;08;5;3;5;3;0;1;1;0;0;0;0;432159,571397783230000;5347463,261600920900000;8,085650935000047;48,276737812000079;1
22497;08;1;36;068;2019;01;14;4;2;6;7;0;0;0;1;0;0;1;597377,022212678570000;5428398,363337146100000;10,331370321000065;49,000797443000067;0
22517;08;1;11;000;2019;01;06;4;3;6;2;2;0;1;1;0;0;0;510609,469537952910000;5409875,373750250800000;9,144594517000030;48,841760545000056;0
22537;08;3;35;077;2019;01;06;3;3;5;2;2;1;1;0;0;0;0;494129,861660495400000;5293797,242876669400000;8,921613329000024;47,797506109000039;0
22538;08;3;26;074;2019;01;17;3;2;6;4;2;0;1;1;0;0;0;460474,668695742260000;5320515,074594784500000;8,469760933000032;48,036698102000059;0
22540;08;3;16;011;2019;01;16;3;3;0;1;0;1;0;0;0;0;0;412919,834264255130000;5331208,690258411700000;7,829724682000062;48,128174330000036;0
22552;08;1;11;000;2019;01;01;5;3;6;1;2;0;1;1;0;0;0;513135,932387980630000;5403460,510238030900000;9,178821713000048;48,784004967000044;2
22553;08;2;26;099;2019;01;18;3;3;6;7;2;0;1;1;0;0;0;482591,665501648560000;5479362,932618223100000;8,759741602000077;49,466668332000040;0
22567;08;1;11;000;2019;01;16;5;2;6;2;0;0;1;1;0;0;0;513456,094000000510000;5401630,615000003900000;9,183120223000060;48,767536528000051;1
22578;08;1;11;000;2019;01;07;3;2;6;4;2;0;1;1;0;0;0;509781,087738493460000;5403728,946562262300000;9,133158173000027;48,786481608000031;0
22579;08;1;11;000;2019;01;13;3;2;6;2;0;0;1;1;0;0;0;518375,131466716530000;5403113,383437845900000;9,250127707000047;48,780749540000045;0
22582;08;4;35;057;2019;01;14;2;3;5;3;0;1;1;0;0;0;0;544512,167184648100000;5279841,630122955900000;9,592948184000022;47,670433660000072;0
22594;08;3;17;065;2019;01;07;2;3;6;4;2;0;1;1;0;0;0;414183,926151689140000;5354821,065819660200000;7,841925650000064;48,340739023000026;0
22597;08;3;11;000;2019;01;16;2;3;5;3;0;1;1;0;0;0;0;410170,547038616610000;5318808,579001955700000;7,795391646000041;48,016252237000060;0
22599;08;3;25;045;2019;01;13;5;3;6;4;0;0;1;1;0;0;0;467122,858362967150000;5348927,406743206100000;8,556747543000029;48,292691170000069;1
22603;08;2;36;040;2019;01;17;2;3;6;7;2;1;0;1;0;0;0;488983,192208075900000;5420254,561101939500000;8,849574153000049;48,935122132000060;0
22619;08;1;25;039;2019;01;13;2;3;5;3;0;1;1;0;0;0;0;511418,172990467400000;5458638,490986436600000;9,156991721000054;49,280394203000071;0
22639;08;1;11;000;2019;01;14;2;1;6;4;0;0;0;1;0;0;1;516267,634419474750000;5405701,951040059300000;9,221542576000047;48,804094656000075;0
22650;08;1;19;067;2019;01;07;5;2;0;1;1;1;0;0;0;0;0;539623,812473150900000;5405942,143606266000000;9,539634051000064;48,805205176000072;2
22659;08;2;36;070;2019;01;00;1;3;1;5;2;1;1;0;0;0;0;470430,690916427410000;5416137,187516812200000;8,596557230000030;48,897475676000056;0
22663;08;2;12;000;2019;01;01;1;3;6;7;2;1;0;1;0;0;0;457875,762000001970000;5428001,250000001900000;8,424038722000034;49,003469310000071;0
22690;08;1;17;024;2019;01;07;6;3;6;4;2;0;1;1;0;0;0;562001,001208170320000;5386631,252524698200000;9,841456962000052;48,629672641000070;0
22695;08;2;12;000;2019;01;03;7;3;6;4;2;0;1;1;0;0;0;460496,568080433640000;5425706,821426212800000;8,460094148000053;48,983003708000069;0
22697;08;3;17;001;2019;01;18;7;3;6;4;2;0;1;1;0;0;0;431966,098483969460000;5386622,375664018100000;8,076678576000063;48,628965562000076;0
22703;08;1;19;079;2019;01;18;7;3;6;2;2;0;1;1;0;0;0;521752,763370579110000;5411178,023371903200000;9,296532030000037;48,853188346000081;0
22704;08;1;27;102;2019;01;06;5;2;6;1;2;0;1;1;0;0;0;586231,397972855720000;5435625,334468260400000;10,180556966000040;49,067451911000035;2
22718;08;4;26;128;2019;01;17;6;2;6;4;2;0;1;1;0;0;0;559673,639552005570000;5331057,588536340700000;9,801982300000077;48,129975126000033;1
22728;08;3;35;075;2019;01;07;6;3;0;3;2;1;1;0;0;0;0;487322,128910695200000;5290201,638368425900000;8,830811827000048;47,765056612000080;1
22735;08;3;26;060;2019;01;14;6;3;6;7;0;0;0;1;0;0;1;442795,959316611290000;5330904,186535850200000;8,231225241000061;48,128821889000051;1
22740;08;3;17;150;2019;01;14;6;3;1;6;0;1;1;0;0;0;0;408108,791416108610000;5355980,195805266500000;7,759708998000065;48,350310372000081;0
22787;08;1;17;051;2019;01;12;6;3;5;3;0;1;1;0;0;0;0;542261,245632926930000;5395364,026420777700000;9,574465172000032;48,709875523000051;0
22790;08;1;16;014;2019;01;14;6;3;1;6;0;1;1;0;0;0;0;528368,835320068520000;5395609,773360986300000;9,385645442000055;48,712872999000069;1
22796;08;1;15;003;2019;01;13;6;3;6;4;0;0;1;1;0;0;0;500452,232687002050000;5392365,968493484000000;9,006144163000045;48,684336652000070;1
22797;08;1;19;079;2019;01;13;5;3;6;4;0;0;1;1;0;0;0;523946,120579639450000;5411432,505596708500000;9,326446110000063;48,855396818000031;0
22804;08;1;26;058;2019;01;12;5;3;6;4;0;0;1;1;0;0;0;541975,131706608460000;5450560,588248932700000;9,576267710000025;49,206400681000048;1
22815;08;1;18;021;2019;01;18;5;2;2;6;2;1;1;0;0;0;0;518278,588000000450000;5429152,968300001700000;9,249978874000021;49,014996453000037;0
22824;08;1;15;051;2019;01;11;5;3;5;3;0;1;1;0;0;0;0;503842,155657727270000;5385442,357248609900000;9,052136361000066;48,622039098000073;2
22831;08;2;12;000;2019;02;14;6;3;0;3;0;1;1;0;0;0;0;456267,194244597110000;5428245,664463022700000;8,402019814000028;49,005555968000067;1
22835;08;4;25;020;2019;01;13;4;3;0;3;0;1;1;0;0;0;0;558350,194824432020000;5361517,195511242400000;9,788401084000043;48,404110007000043;0
22855;08;3;26;054;2019;02;13;6;3;6;4;0;0;1;1;0;0;0;442993,691926840690000;5327985,300358593500000;8,234272647000068;48,102580748000037;1
22870;08;2;22;000;2019;01;17;4;3;1;5;0;1;1;0;0;0;0;461951,143483597790000;5481467,696014622200000;8,474681413000042;49,484657156000026;0
22885;08;2;22;000;2019;02;07;6;3;6;4;1;0;0;1;0;0;1;462941,766000000760000;5482580,570999998600000;8,488253449000069;49,494728199000065;0
22889;08;1;18;050;2019;01;15;4;3;6;3;0;0;1;1;0;0;0;506880,202089666390000;5416877,473039973500000;9,093886896000072;48,904802591000077;0
22890;08;2;37;004;2019;02;09;6;3;6;4;0;0;1;1;0;0;0;453572,027725507510000;5372732,987877590600000;8,371430898000028;48,505997468000032;1
22893;08;1;11;000;2019;02;07;6;3;6;2;1;0;1;1;0;0;0;515814,955041560340000;5405505,825007153700000;9,215370203000020;48,802342017000058;1
22904;08;4;15;080;2019;01;10;3;3;0;1;0;1;0;0;0;0;0;511758,864283236670000;5374082,479448339000000;9,159241106000025;48,519744012000046;2
22919;08;1;28;047;2019;02;18;6;3;5;3;2;1;1;0;0;0;0;553851,326584147290000;5495209,173214796900000;9,745355553000024;49,607051601000080;1
22920;08;3;17;041;2019;01;12;3;3;6;4;0;0;1;1;0;0;0;438762,304276749490000;5348294,417878612900000;8,174511581000047;48,284887827000034;1
22930;08;1;19;067;2019;02;07;6;3;6;4;1;0;1;1;0;0;0;539036,084259619940000;5407051,568753337500000;9,531735702000049;48,815222232000053;1
22931;08;2;21;000;2019;01;18;3;3;5;2;2;1;1;0;0;0;0;476978,268360633400000;5475432,146013651000000;8,682498703000022;49,431124926000052;0
22932;08;3;35;075;2019;02;12;6;3;5;2;0;1;1;0;0;0;0;486998,735171363690000;5289725,604345178200000;8,826510348000056;47,760767044000033;1
22934;08;2;11;000;2019;01;13;3;3;6;7;0;0;1;1;0;0;0;442535,493120886390000;5403065,546416072200000;8,217817060000073;48,777936448000048;0
22951;08;1;16;008;2019;01;07;3;3;5;2;1;1;1;0;0;0;0;519813,192999999970000;5379822,176000002800000;9,268586675000051;48,571177103000082;0
22952;08;1;15;003;2019;01;08;3;3;6;4;0;0;1;1;0;0;0;500917,525114663880000;5392778,140333071400000;9,012466675000042;48,688044084000069;1
22961;08;4;15;061;2019;01;07;2;3;6;4;2;0;1;1;0;0;0;514345,726812079550000;5371341,617887979400000;9,194178548000025;48,495032508000065;1
22970;08;4;15;061;2019;02;21;6;3;6;4;2;0;1;1;0;0;0;515202,651843741540000;5372143,974400322900000;9,205806715000051;48,502230634000057;1
22972;08;3;35;063;2019;01;07;2;3;5;3;1;1;1;0;0;0;0;496921,484580096790000;5287964,317964468200000;8,958932485000048;47,745043507000048;1
22981;08;4;17;002;2019;01;15;2;3;6;4;0;0;1;1;0;0;0;488952,770613613540000;5347134,113322807500000;8,851105148000045;48,277315156000043;1
22982;08;4;17;008;2019;01;15;5;3;0;7;0;1;0;0;0;0;0;491564,137180526740000;5350840,143880225700000;8,886227084000041;48,310697411000035;0
22997;08;2;31;000;2019;01;19;2;2;6;4;2;0;1;1;0;0;0;477927,694095189680000;5414115,160724204000000;8,698953604000053;48,879598673000032;1
23010;08;2;26;013;2019;01;09;2;2;4;2;0;1;1;0;0;0;0;499563,950828321280000;5480512,930316386700000;8,993980641000064;49,477261786000042;1
23014;08;2;11;000;2019;01;17;2;3;5;3;0;1;1;0;0;0;0;441068,839715708980000;5403591,701953826500000;8,197780180000052;48,782532056000036;1
23028;08;1;28;131;2019;01;06;2;2;6;4;2;0;1;1;0;0;0;536892,164510403760000;5512335,931256514000000;9,512252110000077;49,762366219000057;1
23032;08;2;22;000;2019;02;07;6;3;6;4;2;1;0;1;0;0;0;463169,819318458440000;5483124,861514398800000;8,491351828000063;49,499637699000061;0
23042;08;1;21;000;2019;01;16;2;3;5;3;0;1;1;0;0;0;0;513240,416966552850000;5445761,952943082900000;9,181621177000068;49,164530118000073;1
23046;08;1;19;093;2019;01;07;2;3;6;4;2;0;1;1;0;0;0;523710,125188503410000;5406181,645307114300000;9,322925246000068;48,808170523000058;1
23048;08;1;18;073;2019;01;16;2;2;6;4;1;0;1;1;0;0;0;497103,606740852820000;5419925,880837211400000;8,960454297000069;48,932256725000059;1
23052;08;1;18;079;2019;01;17;2;3;6;2;0;0;1;1;0;0;0;509882,655985211020000;5422316,498898131800000;9,134989962000077;48,953689818000043;0
23056;08;1;17;026;2019;01;18;2;3;6;4;2;0;1;1;0;0;0;547777,163425315170000;5395056,185845416000000;9,649403722000045;48,706708132000074;1
23063;08;3;37;022;2019;02;16;6;2;6;4;0;0;1;1;0;0;0;450247,592685687360000;5296180,059374287700000;8,335382428000060;47,817048332000070;1
23072;08;3;17;005;2019;01;11;1;3;5;2;0;1;1;0;0;0;0;426602,997697428800000;5374631,410854259500000;8,006021070000031;48,520501282000055;0
23073;08;3;15;022;2019;01;05;1;1;6;4;2;0;1;1;0;0;0;397669,072281346660000;5300903,465428860900000;7,632049406000022;47,853320911000026;1
23086;08;2;16;028;2019;01;12;1;2;0;7;0;1;0;0;0;0;0;429427,548673679120000;5396042,079675624100000;8,040624270000023;48,713413273000072;0
23103;08;4;35;057;2019;02;06;6;3;5;3;2;1;1;0;0;0;0;544568,125705476850000;5278839,173026179900000;9,593591300000071;47,661410469000032;0
23117;08;4;15;061;2019;01;13;7;3;5;3;0;1;1;0;0;0;0;516480,178644103930000;5370194,959154797700000;9,223024259000056;48,484664404000057;0
23134;08;2;12;000;2019;01;14;6;3;5;3;0;1;1;0;0;0;0;455001,943000000900000;5428246,080000001900000;8,384720394000055;49,005468753000059;0
23155;08;3;35;043;2019;01;08;5;2;4;6;0;1;0;0;0;0;0;513502,734076928350000;5279417,130890706600000;9,179861797000058;47,668005289000064;0
23160;08;3;16;043;2019;02;17;6;2;3;2;1;1;0;0;0;0;1;411550,864247835240000;5331174,803477440000000;7,811338125000020;48,127680730000066;1
23162;08;1;17;026;2019;01;10;7;3;5;3;0;1;1;0;0;0;0;547450,887771431360000;5394886,023761954200000;9,644949604000033;48,705202348000057;1
23163;08;1;16;015;2019;01;18;7;2;6;4;2;0;1;1;0;0;0;523813,731333073230000;5393341,317012097700000;9,323593722000055;48,692656715000055;1