OBJECTID;ULAND;UREGBEZ;UKREIS;UGEMEINDE;UJAHR;UMONAT;USTUNDE;UWOCHENTAG;UKATEGORIE;UART;UTYP1;ULICHTVERH;IstRad;IstPKW;IstFuss;IstKrad;IstGkfz;IstSonstige;LINREFX;LINREFY;XGCSWGS84;YGCSWGS84;STRZUSTAND
26917;08;2;21;000;2019;04;17;2;3;5;3;0;1;1;0;0;0;0;477458,766764100640000;5474334,133523367300000;8,689187728000036;49,421266508000031;0
26920;08;1;16;063;2019;04;15;6;1;8;1;0;1;0;0;0;0;0;518082,920227357190000;5384070,599442098300000;9,245316352000032;48,609448992000068;0
26925;08;4;35;059;2019;04;14;2;3;5;2;0;1;1;0;0;0;0;517273,075109713710000;5294358,913909543300000;9,230676871000071;47,802354736000041;0
26931;08;4;36;064;2019;04;15;5;3;5;3;0;1;1;0;0;0;0;546058,128628849980000;5293480,855880374100000;9,614983881000057;47,793038761000048;0
26932;08;4;35;052;2019;04;11;5;3;2;2;0;1;1;0;0;0;0;523226,317000001670000;5290205,903000000900000;9,309957418000067;47,764801158000068;0
26934;08;4;35;036;2019;04;19;5;2;6;4;0;0;1;1;0;0;0;520391,480306179260000;5282534,738175258000000;9,271767403000069;47,695875700000045;0
26946;08;3;17;102;2019;04;12;2;3;0;1;0;1;0;0;0;0;0;440514,287847103550000;5375888,191390324400000;8,194213708000063;48,533279044000039;0
26958;08;2;26;076;2019;04;13;1;3;5;3;0;1;1;0;0;0;0;474626,112453968260000;5466487,592825243200000;8,650630883000076;49,350576518000025;0
26961;08;2;26;037;2019;04;15;1;3;2;1;0;1;0;0;0;0;0;463503,334088719450000;5467330,094594085600000;8,497411118000059;49,357590277000043;0
26967;08;4;35;054;2019;04;15;5;2;0;1;0;1;0;0;0;0;0;522529,514232814310000;5282167,768406687300000;9,300242706000063;47,692502851000029;0
26970;08;2;11;000;2019;04;16;1;3;5;3;0;1;1;0;0;0;0;437853,427000002000000;5397697,627000000300000;8,154903968000042;48,729201795000051;0
26972;08;2;16;009;2019;04;10;1;2;0;7;0;1;0;0;0;0;0;446867,686697876080000;5419151,286904007200000;8,274692920000064;48,923014876000082;0
26979;08;3;17;098;2019;04;12;5;3;8;1;0;1;0;0;0;0;0;440152,930999999870000;5369997,981000000600000;8,190164011000036;48,480259354000054;0
26982;08;3;15;015;2019;04;17;5;2;8;1;0;1;0;0;0;0;0;398166,613353313880000;5315146,682580033300000;7,635333114000048;47,981514391000076;0
26991;08;1;26;066;2019;04;16;1;3;3;2;0;1;0;0;1;0;0;534082,732798953540000;5452366,245234508100000;9,468072203000077;49,223132285000077;0
26993;08;2;37;004;2019;04;14;5;3;3;6;0;1;0;0;0;1;0;455022,953121945260000;5381397,953725921000000;8,390137367000023;48,584051530000067;0
27005;08;2;21;000;2019;04;18;5;3;5;2;0;1;1;0;0;0;0;478241,833438314500000;5473501,903219740800000;8,700030597000023;49,413809247000074;0
27011;08;3;17;151;2019;04;18;5;2;0;7;0;1;0;0;0;0;0;412194,539787772110000;5365356,391893371900000;7,812882918000071;48,435227183000052;0
27012;08;2;15;089;2019;04;21;5;2;4;7;2;1;1;0;0;0;0;469000,684737563130000;5431010,846187016000000;8,575913813000057;49,031200673000058;0
27071;08;1;16;081;2019;04;16;5;3;6;4;0;0;1;1;0;0;0;514897,016149776990000;5386015,102416992200000;9,202165918000048;48,627026004000072;0
27072;08;3;36;050;2019;04;16;7;3;5;3;0;1;1;0;0;0;0;399742,957900997250000;5274262,951306268600000;7,665900911000051;47,614012346000038;0
27076;08;1;15;003;2019;04;16;5;2;0;1;0;1;0;0;0;0;0;500121,253262666050000;5392196,570701813300000;9,001647332000061;48,682812883000054;0
27082;08;3;35;043;2019;04;10;7;3;6;7;0;0;1;1;0;0;0;512600,332526453770000;5279825,707464870100000;9,167853291000029;47,671699739000076;0
27099;08;3;17;026;2019;04;12;7;3;5;3;0;1;1;0;0;0;0;412832,217625412160000;5344655,451904958100000;7,825787297000034;48,249115999000026;0
27101;08;3;17;057;2019;04;15;7;3;5;3;0;1;1;0;0;0;0;411900,742235955780000;5380953,551366005100000;7,805619450000052;48,575473873000078;0
27110;08;3;11;000;2019;04;14;4;2;6;4;0;1;0;1;0;0;0;417475,554749065080000;5315522,475921373800000;7,893963812000038;47,987677419000079;0
27116;08;3;15;015;2019;04;17;7;2;0;7;0;1;0;0;0;0;0;400850,069566390480000;5316159,839913988500000;7,671049941000035;47,991049081000028;0
27121;08;3;15;006;2019;04;15;7;1;2;1;0;1;0;0;1;0;0;404405,051387368700000;5305888,225108606700000;7,720968161000030;47,899196973000073;0
27125;08;2;16;007;2019;04;12;4;3;3;6;0;1;1;0;0;0;0;437356,735045111740000;5393925,471422160000000;8,148723152000059;48,695221249000042;0
27126;08;2;16;043;2019;04;17;4;3;5;2;0;1;1;0;0;0;0;442432,947999999860000;5411959,512000002000000;8,215173390000075;48,857928707000042;0
27136;08;2;37;040;2019;04;11;7;3;0;7;0;1;0;0;0;0;0;483712,309621129180000;5365881,837747449100000;8,779748599000072;48,445866904000070;1
27143;08;2;35;007;2019;04;14;7;3;5;3;0;1;1;0;0;0;0;484930,604896060190000;5397025,413691861600000;8,795093453000050;48,726071365000053;0
27146;08;2;25;002;2019;04;17;4;2;6;4;0;0;0;1;1;0;0;498779,074585232880000;5467158,351412607400000;8,983187047000058;49,357136771000057;0
27152;08;2;35;067;2019;04;10;2;1;6;4;0;0;1;1;0;0;0;487243,818030820230000;5399594,741062490300000;8,826467734000062;48,749236639000060;0
27155;08;2;26;006;2019;04;15;7;3;5;3;0;1;1;0;0;0;0;485077,451397483240000;5467497,884239541400000;8,794494575000044;49,360009445000060;0
27157;08;3;26;031;2019;04;11;2;2;6;4;0;0;0;1;1;0;0;456853,537191167470000;5331404,761690950000000;8,420085027000027;48,134433719000072;0
27172;08;1;18;003;2019;04;17;4;3;6;4;0;0;1;1;0;0;0;509619,815189847720000;5416802,250243414200000;9,131269659000054;48,904089413000065;0
27173;08;2;15;021;2019;04;13;2;3;0;7;0;1;0;0;0;0;0;469317,710950989280000;5447484,994495250300000;8,578998972000022;49,179404939000051;0
27175;08;2;15;007;2019;04;19;7;3;5;3;0;1;1;0;0;0;0;478261,910454367290000;5431399,912208601800000;8,702588997000021;49,035096544000055;0
27177;08;2;12;000;2019;04;13;7;3;0;2;0;1;1;0;0;0;0;455697,249607344160000;5427790,998096644900000;8,394276737000041;49,001425545000075;0
27204;08;3;35;043;2019;04;10;2;2;8;1;0;1;0;0;0;0;0;511068,460366039540000;5281872,330590043200000;9,147498674000076;47,690142596000044;0
27210;08;3;25;053;2019;04;16;3;2;0;4;0;0;1;1;1;0;0;452697,293891480190000;5346638,274787833900000;8,362527741000065;48,271183736000069;0
27215;08;2;15;007;2019;04;13;7;3;0;1;0;1;0;0;0;0;0;478503,156501296910000;5431054,928207866800000;8,705907867000065;49,032001718000060;1
27219;08;1;19;068;2019;04;13;7;3;5;3;0;1;1;0;0;0;0;526383,279040846040000;5413174,811582680800000;9,359782412000072;48,870971146000045;1
27220;08;1;19;003;2019;04;09;7;3;0;1;0;0;1;1;0;0;1;534325,304020289330000;5417419,421123376100000;9,468439100000069;48,908764705000067;0
27223;08;4;16;041;2019;04;06;1;1;6;6;1;0;1;1;0;0;0;499113,972830656920000;5372024,589607233200000;8,988005573000066;48,501339954000059;0
27232;08;1;11;000;2019;04;22;7;2;6;4;2;0;1;1;0;0;0;511863,602829419080000;5402064,286213502300000;9,161461059000033;48,771470205000071;1
27242;08;4;35;016;2019;04;12;6;3;5;2;0;1;1;0;0;0;0;535527,799000000580000;5278342,492000000600000;9,473149932000069;47,657501360000026;0
27259;08;2;12;000;2019;04;12;2;3;5;2;0;1;1;0;0;0;0;455373,313000000080000;5429726,908999998100000;8,389635191000025;49,018815903000075;0
27261;08;1;11;000;2019;05;12;4;3;6;6;0;1;0;1;0;0;0;512734,881939833050000;5399711,386722011500000;9,173246114000051;48,750286416000051;0
27269;08;4;15;061;2019;04;15;2;3;3;2;0;1;1;0;0;0;0;515349,136638441120000;5370730,038943478800000;9,207737773000076;48,489506815000027;0
27271;08;2;15;109;2019;05;11;4;2;4;6;0;1;0;0;0;0;0;462358,986550204460000;5438303,415669206500000;8,484377318000043;49,096428778000075;0
27279;08;1;25;013;2019;04;15;3;3;2;6;0;1;1;0;0;0;0;503897,444750986990000;5439354,650998426600000;9,053400129000067;49,107024322000029;0
27285;08;1;36;088;2019;04;07;3;3;2;6;0;1;1;0;0;0;0;580526,919999999930000;5413178,464000003400000;10,098032780000040;48,866336919000048;1
27286;08;2;36;040;2019;04;16;6;3;6;4;0;0;1;1;0;0;0;487939,657858027150000;5421704,963653687400000;8,835282641000049;48,948150014000078;0
27290;08;3;26;074;2019;04;17;2;3;6;4;0;0;1;1;0;0;0;465643,446000000460000;5323172,866000000400000;8,538885057000073;48,060908854000047;0
27293;08;2;15;009;2019;04;09;6;3;6;4;0;0;1;1;0;0;0;470852,161907854490000;5441959,019777542000000;8,600453072000050;49,129772771000034;1
27294;08;1;11;000;2019;04;17;2;3;5;2;0;1;1;0;0;0;0;518701,457438975570000;5402654,502147764000000;9,254548833000058;48,776611776000038;0
27296;08;3;17;129;2019;04;15;3;3;5;3;0;1;1;0;0;0;0;430063,779931898230000;5350411,552531249800000;8,056919656000048;48,303031157000078;0
27300;08;1;18;019;2019;04;17;3;3;6;4;0;0;1;1;0;0;0;504503,229345929810000;5405356,274188751400000;9,061324156000069;48,801181553000049;0
27302;08;3;17;096;2019;05;18;4;2;0;7;0;1;0;0;0;0;0;422856,506532311440000;5368509,051997583400000;7,956423608000023;48,464981952000073;0
27307;08;1;18;010;2019;05;11;4;3;0;7;0;1;0;0;0;0;0;507025,259468260220000;5432012,170657845200000;9,096127738000064;49,040947352000046;0
27309;08;4;15;053;2019;05;20;4;3;0;3;0;1;1;0;0;0;0;536888,510999999940000;5362079,739000001900000;9,498484845000064;48,410792274000073;0
27318;08;1;15;028;2019;04;17;6;3;0;1;0;1;0;0;0;0;0;502811,624988664870000;5404103,035796089100000;9,038279625000030;48,789917455000079;1
27324;08;1;11;000;2019;04;15;6;2;6;4;0;0;0;1;0;0;1;515834,452371273190000;5406313,408178884500000;9,215666869000074;48,809606423000048;1
27325;08;2;16;029;2019;04;12;2;3;5;2;0;1;1;0;0;0;0;455424,283022983000000;5402557,333450852000000;8,393297233000055;48,774421887000074;0
27332;08;2;21;000;2019;04;20;3;3;0;7;0;1;0;0;0;0;0;476126,405782436950000;5472975,861246125800000;8,670898329000067;49,408998259000043;0
27333;08;4;35;052;2019;04;17;5;3;2;7;0;1;1;0;0;0;0;521388,760006579570000;5291507,888166669800000;9,285499480000055;47,776579289000040;0
27334;08;4;35;029;2019;04;10;5;3;0;7;0;1;0;0;0;0;0;545170,140851934440000;5271438,506544269600000;9,600845300000060;47,594782861000056;0
27340;08;3;37;125;2019;04;08;5;2;4;2;0;1;1;0;0;0;0;447067,563612853180000;5273016,694511378200000;8,295718903000022;47,608394757000042;0
27341;08;1;11;000;2019;04;06;3;3;0;1;0;1;0;0;0;0;0;513287,206383214330000;5401172,135885149200000;9,180807084000037;48,763415706000046;1
27344;08;3;36;050;2019;04;21;5;2;7;1;2;1;0;0;0;0;0;399332,963165636170000;5275639,473524315300000;7,660130347000063;47,626331038000046;0
27346;08;3;35;075;2019;04;15;5;2;3;6;0;1;1;0;0;0;0;487056,384707602670000;5289755,161672515800000;8,827278743000022;47,761034147000032;0
27347;08;4;35;057;2019;04;17;3;3;6;4;0;0;1;1;0;0;0;542995,835000000890000;5278980,195000000300000;9,572665344000029;47,662785707000069;0
27352;08;3;26;074;2019;04;10;5;3;0;2;0;1;1;0;0;0;0;459770,777000000700000;5322601,881000002800000;8,460122367000054;48,055428538000058;0
27361;08;2;16;052;2019;05;13;4;2;4;6;0;1;0;0;0;0;0;441043,716831894590000;5415991,630090549600000;8,195654271000024;48,894066836000036;0
27373;08;3;17;039;2019;04;12;2;3;0;7;0;1;0;0;0;0;0;441609,596681525930000;5342957,533352160800000;8,213626178000027;48,237146685000027;0
27395;08;1;21;000;2019;04;09;5;2;0;7;0;1;0;0;0;0;1;514467,308844756340000;5441316,984880935400000;9,198290968000038;49,124518441000077;0
27396;08;1;25;056;2019;05;11;4;3;0;1;0;1;0;0;0;0;0;511099,303287371990000;5436276,982671715300000;9,151990294000029;49,079251532000058;0
27402;08;1;18;011;2019;04;18;5;3;5;3;0;1;1;0;0;0;0;503613,147614196870000;5406580,372729232500000;9,049213965000035;48,812199252000028;0
27406;08;2;15;107;2019;05;19;4;2;9;1;0;1;0;0;0;0;0;462372,315747714600000;5456529,375715291100000;8,482854619000023;49,260371584000040;0
27420;08;4;37;124;2019;04;16;4;2;0;7;0;1;0;0;0;0;0;512579,813244393100000;5301114,195773776600000;9,168196352000052;47,863243627000031;0
27423;08;4;36;008;2019;04;18;4;3;6;4;0;0;1;1;0;0;0;547094,563219489530000;5310912,427552394600000;9,630722029000026;47,949792946000059;0
27429;08;4;37;078;2019;04;16;4;2;6;4;0;0;1;1;0;1;0;508239,759848174640000;5315727,424244808000000;9,110448097000074;47,994793311000080;0
27434;08;4;21;000;2019;04;06;4;3;0;2;0;1;1;0;0;0;0;570771,295248482380000;5358435,967356300000000;9,955687959000045;48,375121117000049;0
27439;08;4;25;033;2019;04;17;4;3;5;3;0;1;1;0;0;0;0;553690,259906543420000;5347025,134988902100000;9,723596199000042;48,274154573000033;0
27442;08;4;17;013;2019;04;17;4;2;0;1;0;1;0;0;0;0;0;504832,300582487140000;5348626,323897885200000;9,065147038000021;48,290818124000054;0
27444;08;4;15;061;2019;04;07;2;2;4;6;0;1;1;0;0;0;0;509829,559253531510000;5369240,133476376500000;9,133000114000026;48,476213603000076;0
27445;08;4;16;011;2019;04;15;4;3;4;6;0;1;0;0;0;0;0;504929,841000000010000;5368604,416000001100000;9,066696420000028;48,470551925000052;0
27446;08;2;15;040;2019;05;14;4;3;0;1;0;1;0;0;0;0;0;488652,414984098640000;5436761,467947954300000;8,844596231000026;49,083605171000045;0
27450;08;3;35;075;2019;04;16;3;3;5;2;0;1;1;0;0;0;0;488609,436000001620000;5288030,951000003100000;8,848047947000055;47,745549801000038;0
27451;08;4;15;061;2019;04;16;4;3;5;2;0;1;1;0;0;0;0;516590,726988414300000;5370140,266160205000000;9,224518113000045;48,484169458000054;0
27453;08;3;35;015;2019;04;12;4;3;9;1;0;1;0;0;0;0;0;477258,902007743720000;5282592,652549404700000;8,696915482000065;47,696318352000048;0
27454;08;1;25;084;2019;04;19;3;1;2;6;0;1;1;0;0;0;0;523519,922286437820000;5468606,106278110300000;9,323967757000048;49,369706686000029;0
27455;08;3;35;100;2019;04;10;4;3;5;3;0;1;1;0;0;0;0;488694,190122860480000;5286921,329275341700000;8,849207411000066;47,735567399000047;0
27467;08;1;36;087;2019;05;18;4;2;5;2;0;1;0;0;0;0;0;605344,441471111960000;5416195,992072952900000;10,437113731000068;48,889754986000071;0
27468;08;3;11;000;2019;04;15;4;2;9;1;0;1;0;0;0;0;0;414668,019000001250000;5316022,420000001800000;7,856243993000021;47,991806183000051;0
27470;08;2;36;071;2019;04;15;4;3;5;3;0;1;1;0;0;0;0;468585,985984368250000;5422269,726428410000000;8,570916479000061;48,952550023000072;0
27478;08;2;12;000;2019;04;13;4;3;0;7;0;1;0;0;0;0;0;457898,207000001330000;5427944,026999998800000;8,424351527000056;49,002956111000060;0
27479;08;2;31;000;2019;04;23;2;3;6;2;2;0;0;1;0;0;1;477651,515999999830000;5415372,289000000800000;8,695118101000048;48,890897487000075;1
27480;08;2;11;000;2019;04;10;4;3;0;2;0;1;0;0;0;0;1;442717,250000000930000;5402867,615000002100000;8,220318394000060;48,776172792000068;0
27481;08;1;36;019;2019;04;12;4;2;8;1;0;1;0;0;0;0;0;580238,077330156230000;5421828,320496045100000;10,095794856000055;48,944172205000029;0
27497;08;1;16;049;2019;04;16;3;3;0;7;0;1;1;0;0;0;0;525244,171055244280000;5385788,534113310300000;9,342570247000026;48,624655717000053;0
27507;08;1;19;008;2019;04;20;1;3;0;1;0;1;0;0;0;0;0;532034,435999999750000;5421193,626000002000000;9,437472968000066;48,942838198000061;0
27516;08;1;18;078;2019;04;20;4;3;0;7;2;1;0;0;0;0;0;514372,582828410900000;5420133,991068348300000;9,196241816000054;48,933968668000034;0
27531;08;2;12;000;2019;05;02;4;2;3;6;2;1;1;0;0;0;0;457558,540159869010000;5433877,732828125400000;8,419086520000064;49,056307172000061;0
27535;08;3;26;074;2019;04;13;3;3;0;6;0;1;1;0;0;0;0;465464,622476240620000;5323974,284926196600000;8,536420327000030;48,068109396000068;0
27540;08;4;35;016;2019;04;09;3;3;5;2;0;1;1;0;0;0;0;535248,937302076260000;5277759,475626502200000;9,469389241000044;47,652270967000049;0
27551;08;4;15;034;2019;04;17;3;3;0;1;0;1;0;0;0;0;0;535536,518895956690000;5347413,568427121300000;9,478977795000048;48,278928271000041;0
27561;08;3;35;066;2019;04;17;3;3;0;7;0;1;0;0;0;0;0;506491,464974124920000;5281497,986964851600000;9,086500008000030;47,686836568000047;0
27565;08;3;17;065;2019;05;13;4;2;0;1;0;1;0;0;0;0;0;414213,919316377490000;5355294,905823638700000;7,842233787000055;48,345005197000035;0
27581;08;2;12;000;2019;04;18;3;3;5;2;0;1;1;0;0;0;0;455810,462000001220000;5430984,460000000900000;8,395476775000077;49,030159140000080;0
27590;08;3;37;125;2019;04;16;7;2;8;1;0;1;0;0;0;0;0;451166,150999999610000;5273020,716000001900000;8,350247556000056;47,608752765000077;1
27591;08;2;15;096;2019;04;18;2;3;5;3;0;1;1;0;0;0;0;463828,790890301580000;5418262,244410850100000;8,506295997000052;48,916241185000047;0
27599;08;3;35;043;2019;04;12;7;3;0;1;0;1;0;0;0;0;0;513414,356705331240000;5279359,616361040600000;9,178682815000059;47,667489632000070;0
27600;08;2;22;000;2019;04;17;2;3;5;3;0;1;1;0;0;0;0;461987,989394530650000;5481532,184364497700000;8,475183901000037;49,485239504000049;1
27601;08;2;16;028;2019;04;18;3;3;5;3;0;1;1;0;0;0;0;427516,757306395100000;5397509,444572333200000;8,014394703000050;48,726392620000070;0
27607;08;1;35;019;2019;04;21;3;2;4;2;1;1;1;0;0;0;0;582690,797218963500000;5394827,198273103700000;10,123840859000040;48,700996913000040;0
27613;08;3;17;026;2019;04;11;7;3;5;3;0;1;1;0;0;0;0;411686,668999999760000;5346741,340000001700000;7,809923927000057;48,267719625000041;0
27614;08;1;27;076;2019;04;16;3;3;0;6;0;1;0;0;0;0;1;551948,092349289920000;5439327,028809819400000;9,711725144000070;49,104594230000032;0
27621;08;4;26;097;2019;04;19;3;3;5;3;0;1;1;0;0;0;0;530578,094972556460000;5335766,271290224000000;9,411307314000055;48,174401151000040;0
27624;08;1;16;019;2019;04;18;1;3;6;6;0;0;1;1;0;0;0;523725,595999998970000;5399545,324000001000000;9,322752990000026;48,748470774000054;0
27626;08;1;18;050;2019;04;10;3;2;0;6;0;1;0;0;0;0;0;506139,753216214480000;5416978,886453395700000;9,083784304000062;48,905722665000042;0
27629;08;2;21;000;2019;04;17;3;3;3;6;0;1;1;0;0;0;0;477593,630916479970000;5472117,652340767900000;8,691172385000073;49,401334594000048;0
27634;08;1;16;020;2019;04;17;3;3;0;7;0;1;0;0;0;0;0;526232,150216653010000;5382264,479414232100000;9,355754366000042;48,592912464000051;0
27635;08;2;15;106;2019;05;18;4;2;2;6;0;1;0;0;0;0;0;463315,279975809160000;5455344,314889950700000;8,495922506000056;49,249769398000069;0
27646;08;4;17;002;2019;05;15;4;2;0;7;0;1;0;0;0;0;0;490701,275000001300000;5343884,986999999700000;8,874742911000055;48,248111668000035;0
27647;08;1;11;000;2019;04;09;3;3;5;2;0;1;1;0;0;0;0;513432,118864167480000;5405179,001518452500000;9,182909914000049;48,799458012000059;0
27648;08;3;17;031;2019;04;15;2;3;6;4;0;0;1;1;0;0;0;417237,868076747280000;5358392,802855501000000;7,882427286000052;48,373273977000053;0
27651;08;1;11;000;2019;04;23;3;3;0;1;2;1;0;0;0;0;0;516243,053528807130000;5404830,089195996500000;9,221173334000071;48,796252150000043;0
27661;08;3;35;028;2019;05;18;5;3;5;3;0;1;1;0;0;0;0;483414,233176174570000;5287216,487979514500000;8,778774561000034;47,738108966000027;1
27662;08;3;17;065;2019;05;09;3;3;5;3;0;1;1;0;0;0;0;416198,104743854140000;5354472,844352185700000;7,869170387000054;48,337877217000027;0
27666;08;3;15;074;2019;05;07;3;3;6;4;0;0;1;1;0;0;0;398710,908325593920000;5295716,910394452500000;7,647185716000024;47,806833227000027;0
27674;08;1;25;098;2019;05;12;4;3;1;6;0;1;1;0;0;0;0;520258,430077843370000;5437751,207573948400000;9,277485125000055;49,092279454000050;1
27689;08;1;11;000;2019;05;05;5;3;5;3;0;1;1;0;0;0;0;515548,654000001030000;5405750,764000000400000;9,211752982000064;48,804552173000047;0
27692;08;3;17;026;2019;05;09;6;3;5;3;0;1;1;0;0;0;0;409904,377000001260000;5347599,925000004500000;7,785729020000076;48,275191336000034;0
27698;08;1;35;010;2019;05;14;3;2;8;1;0;1;0;0;0;0;0;602440,256818602790000;5397839,912391716600000;10,392926542000055;48,725161088000050;0
27703;08;1;26;011;2019;05;16;3;2;5;3;0;1;1;0;0;0;0;532367,266954639000000;5448624,615824891300000;9,444212163000032;49,189569303000042;0
27716;08;2;12;000;2019;05;06;4;3;5;3;0;1;1;0;0;0;0;452818,875083999710000;5429274,559585869300000;8,354752676000032;49,014556929000037;1
27717;08;1;19;085;2019;05;21;3;2;6;4;2;0;1;1;0;0;0;529224,941911567000000;5414069,716060642200000;9,398596501000043;48,878893925000057;0
27721;08;1;18;050;2019;05;14;3;2;3;2;0;1;1;0;0;0;0;506102,778639091180000;5416629,224357571500000;9,083274516000074;48,902577555000050;0
27727;08;4;37;100;2019;05;12;6;3;6;4;0;0;1;1;0;0;0;537282,985000000340000;5318045,072000002500000;9,499943882000025;48,014610863000030;1
27733;08;1;17;026;2019;05;12;3;3;3;2;0;1;1;0;0;0;0;547788,341362699870000;5395074,042060438500000;9,649557714000025;48,706867901000066;0
27734;08;1;15;016;2019;05;19;1;3;5;3;0;1;1;0;0;0;0;487229,870770811100000;5377796,316609669500000;8,826950355000065;48,553135058000066;0
27742;08;4;35;016;2019;05;12;2;3;5;3;0;1;1;0;0;0;0;533878,627000001260000;5279553,068000000000000;9,451281276000032;47,668481913000051;0
27744;08;4;35;016;2019;05;17;2;3;0;7;0;1;0;0;0;0;0;536576,334685794080000;5279232,841043725600000;9,487188069000069;47,665453748000061;0
27747;08;1;27;076;2019;05;08;5;3;5;3;0;1;0;0;0;1;0;553454,105039566760000;5440738,354744266700000;9,732543713000041;49,117159646000061;0
27754;08;4;16;022;2019;05;08;2;3;5;2;0;1;1;0;0;0;0;510293,566374668850000;5375318,454769916800000;9,139428305000024;48,530888998000080;0
27761;08;3;35;075;2019;05;05;2;3;5;3;2;1;1;0;0;0;0;488512,519000000320000;5290262,245999999300000;8,846696104000046;47,765624248000051;0
27766;08;3;17;065;2019;05;12;2;3;0;5;0;1;0;0;0;0;1;416301,523164304900000;5354447,663169080400000;7,870570645000043;48,337664424000081;0
27768;08;3;17;059;2019;05;08;4;3;5;2;0;1;0;0;0;1;0;412718,013691352680000;5349421,455852698500000;7,823265262000064;48,291969835000032;1
27778;08;3;15;064;2019;05;13;2;3;0;6;0;1;0;0;0;0;1;421691,394268874080000;5314344,560296742200000;7,950671433000025;47,977611354000032;0
27779;08;1;36;027;2019;05;12;6;3;6;7;0;0;1;1;0;0;0;553822,390143384230000;5420500,138688182500000;9,734904532000030;48,935088159000031;0
27788;08;1;11;000;2019;05;15;5;3;5;2;0;1;0;0;0;0;1;509942,404737100940000;5399226,154121445500000;9,135245494000060;48,745972118000054;1
27793;08;2;36;040;2019;05;16;2;3;0;7;0;1;1;0;0;0;0;485273,454239320940000;5420215,531891016300000;8,798922294000022;48,934693858000060;0
27796;08;1;18;051;2019;05;14;4;3;6;4;0;0;1;1;0;0;0;509516,636000000870000;5415056,282000001500000;9,129821028000038;48,888384703000042;0
27802;08;2;12;000;2019;05;10;2;3;0;7;0;1;0;0;0;0;0;455368,620889190580000;5429717,578518455800000;8,389572046000069;49,018731635000051;0
27825;08;1;17;051;2019;05;10;2;3;0;2;0;1;1;0;0;0;0;542831,888604437930000;5395117,087868599200000;9,582195988000024;48,707615226000030;0
27827;08;4;15;061;2019;05;13;4;3;0;5;0;1;0;0;0;0;0;514907,079057792200000;5371042,781166609400000;9,201766093000060;48,492330999000046;1
27830;08;2;21;000;2019;05;09;6;2;0;7;0;1;0;0;0;0;0;478242,415314442480000;5473502,087776273500000;8,700038609000046;49,413810928000032;0
27845;08;1;19;041;2019;05;08;5;1;5;3;0;1;1;0;0;0;0;526116,279418244030000;5411464,915815906600000;9,356032352000057;48,855600813000081;0
27846;08;4;35;052;2019;05;18;1;3;3;2;0;1;1;0;0;0;0;521445,447301263920000;5290222,331448901400000;9,286192672000027;47,765010691000043;0
27865;08;1;19;085;2019;05;15;1;3;5;2;0;1;1;0;0;0;0;530937,467524456790000;5413387,452557751900000;9,421901234000075;48,872673477000035;0
27870;08;1;11;000;2019;05;18;1;2;6;4;0;0;1;1;0;0;0;514952,644794678320000;5404289,897495847200000;9,203582958000027;48,791425023000045;0
27879;08;3;37;096;2019;05;12;7;3;5;3;0;1;1;0;0;0;0;420285,395999999720000;5267364,316999999800000;7,940453515000058;47,554803320000076;0
27882;08;4;16;023;2019;05;01;7;1;6;4;2;0;1;1;0;0;0;510465,477666882800000;5371701,614085163900000;9,141666126000075;48,498347788000046;0
27883;08;1;18;048;2019;05;10;7;3;5;2;0;1;1;0;0;0;0;514788,987706637010000;5414941,079341068900000;9,201739172000032;48,887244975000044;1
27895;08;3;17;026;2019;05;15;4;2;6;4;0;0;1;1;0;0;0;411370,667096810420000;5346507,719104602900000;7,805715533000068;48,265574106000031;1
27899;08;3;17;065;2019;05;14;7;3;5;3;0;1;1;0;0;0;0;416542,276000000540000;5354490,820000000300000;7,873810166000055;48,338084466000055;1
27905;08;4;36;064;2019;05;06;3;3;4;2;0;1;1;0;0;0;0;543972,318760185500000;5292023,890533784400000;9,586987371000021;47,780076199000064;0
27922;08;4;17;016;2019;05;07;3;3;5;3;0;1;1;0;0;0;0;484051,203999999910000;5341569,042000001300000;8,785251855000070;48,227143220000073;0
27923;08;1;18;019;2019;05;08;4;2;5;3;0;1;1;0;0;0;0;504707,299425932580000;5405603,467286622200000;9,064105977000054;48,803403771000035;1
27927;08;2;15;105;2019;05;12;5;3;5;3;0;1;1;0;0;0;0;459045,673508438280000;5440415,898720867900000;8,438778069000023;49,115218959000060;1
27939;08;4;15;050;2019;05;21;5;3;5;3;2;1;1;0;0;0;0;521399,093000001270000;5375839,230000000400000;9,289880023000023;48,535293563000039;1
27946;08;4;21;000;2019;05;13;6;3;4;2;0;1;1;0;0;0;0;573564,736628834160000;5361891,335140695800000;9,994009726000058;48,405883390000042;1
27962;08;4;36;055;2019;05;14;5;2;6;4;0;0;1;1;0;0;0;576356,272508666850000;5297414,690541133300000;10,020174853000071;47,825547768000035;0
27966;08;1;15;046;2019;05;17;5;3;6;4;0;0;1;1;0;0;0;508816,480447530750000;5389660,195862485100000;9,119725416000051;48,659933115000058;1
27967;08;4;26;021;2019;05;11;6;3;5;3;0;1;1;0;0;0;0;559153,155912620950000;5326372,698683338200000;9,794338197000059;48,087877752000054;1