OBJECTID;ULAND;UREGBEZ;UKREIS;UGEMEINDE;UJAHR;UMONAT;USTUNDE;UWOCHENTAG;UKATEGORIE;UART;UTYP1;ULICHTVERH;IstRad;IstPKW;IstFuss;IstKrad;IstGkfz;IstSonstige;LINREFX;LINREFY;XGCSWGS84;YGCSWGS84;STRZUSTAND
27970;08;4;17;002;2019;05;07;4;2;0;1;0;1;0;0;0;0;0;489180,042166396980000;5343319,980076329800000;8,854265876000056;48,243004283000062;1
27989;08;1;19;089;2019;05;15;7;3;8;6;0;1;0;0;0;0;1;534150,403185217640000;5408572,852566137900000;9,465313810000055;48,829194851000068;0
27990;08;3;36;081;2019;05;13;6;2;5;3;0;1;1;0;0;0;0;409851,767955412160000;5278222,943878110500000;7,799568912000041;47,651120965000075;0
27998;08;1;18;067;2019;05;12;6;3;5;3;0;1;0;0;1;0;0;507198,884731789120000;5413457,959825886400000;9,098175375000039;48,874037792000081;0
28000;08;2;12;000;2019;05;13;6;3;6;4;0;1;0;1;0;0;0;459103,749929551970000;5429605,450950779000000;8,440666425000075;49,017981958000064;0
28007;08;4;26;087;2019;05;17;4;3;4;2;0;1;1;0;0;0;0;570554,408721161070000;5324777,883143181000000;9,947156579000023;48,072370843000044;1
28015;08;2;21;000;2019;05;07;6;3;6;7;0;1;0;1;0;0;0;477329,109866270800000;5469142,399155959500000;8,687696224000035;49,374562767000043;1
28031;08;1;36;019;2019;05;17;6;3;6;4;0;0;1;1;0;0;0;589122,649290030820000;5421836,447890566700000;10,217104176000021;48,943028963000074;0
28032;08;2;26;006;2019;05;12;6;2;6;4;0;0;0;1;0;0;1;484132,054942107760000;5467290,633964479000000;8,781483432000073;49,358121353000058;1
28049;08;1;18;010;2019;05;10;6;3;3;6;0;1;1;0;0;0;0;508689,776631554590000;5431936,615619916500000;9,118901923000067;49,040246475000060;0
28059;08;1;11;000;2019;05;15;6;3;5;3;0;1;1;0;0;0;0;507037,134512562300000;5407975,582757877200000;9,095875291000027;48,824721062000037;0
28068;08;4;21;000;2019;05;13;5;2;0;1;0;1;0;0;0;0;0;575405,406398043970000;5363679,807542286800000;10,019198396000036;48,421753369000044;0
28079;08;3;27;050;2019;05;18;4;3;4;2;0;1;1;0;0;0;0;486716,891023065890000;5315014,126232294400000;8,821971758000075;47,988290767000080;1
28089;08;3;25;015;2019;05;17;5;3;6;4;0;0;1;1;0;0;0;470088,071085031140000;5343973,057091599300000;8,597074270000064;48,248266297000043;0
28091;08;4;17;079;2019;05;16;5;2;6;4;0;0;1;1;0;0;0;499948,425151546490000;5347713,290250094600000;8,999304801000051;48,282622251000078;0
28094;08;3;17;153;2019;05;13;5;2;0;7;0;1;0;0;0;0;0;424742,976498960520000;5392909,224384747400000;7,977522471000043;48,684686520000071;0
28097;08;3;11;000;2019;05;12;4;2;5;3;0;1;1;0;0;0;0;414575,622121936640000;5318190,922325238600000;7,854574003000039;48,011300360000064;0
28108;08;1;11;000;2019;05;07;5;3;6;4;0;0;1;1;0;0;0;516857,583258234900000;5406593,533519562300000;9,229613410000070;48,812099473000046;0
28111;08;1;19;090;2019;05;12;6;2;5;2;0;1;1;0;0;0;0;530518,252774421130000;5407741,868459103600000;9,415763812000023;48,821908731000065;0
28112;08;2;12;000;2019;05;10;5;3;5;3;0;1;1;0;0;0;0;459007,996607249600000;5428312,262863025100000;8,439487489000044;49,006343161000075;0
28113;08;1;19;055;2019;05;13;4;3;6;2;0;0;1;1;0;0;0;543858,572348973710000;5405102,015498405300000;9,597214113000064;48,797363447000066;1
28126;08;2;21;000;2019;05;15;5;3;4;6;0;1;0;0;0;0;0;478318,191879913210000;5473525,353524737100000;8,701082019000069;49,414022905000081;0
28151;08;2;21;000;2019;05;13;4;2;0;7;0;1;0;0;0;0;0;477675,836803465150000;5473490,761247631200000;8,692228217000036;49,413688521000040;1
28153;08;1;26;046;2019;05;16;5;3;6;4;0;0;1;1;0;0;0;550300,334642037750000;5458996,707574786600000;9,691613625000059;49,281653274000064;0
28154;08;4;17;002;2019;05;10;5;3;5;3;0;1;1;0;0;0;0;488174,479343822230000;5344851,317339884100000;8,840679204000026;48,256763392000039;1
28158;08;1;18;048;2019;05;19;5;3;0;7;0;1;0;0;0;0;0;513992,713995675560000;5415144,875851851000000;9,190884106000056;48,889096766000080;1
28164;08;3;37;076;2019;05;16;4;2;6;4;0;0;1;1;0;0;0;426398,470640736630000;5267152,179966438600000;8,021729778000065;47,553616604000069;1
28165;08;1;15;045;2019;05;14;5;3;5;3;0;1;0;0;0;0;1;501720,531999999660000;5394889,657999999800000;9,023386155000026;48,707037790000072;0
28172;08;3;35;075;2019;05;14;3;3;5;2;0;1;0;0;0;0;1;487659,275857975710000;5289470,939147317800000;8,835331835000034;47,758488671000066;0
28176;08;1;11;000;2019;05;17;3;3;5;2;1;1;1;0;0;0;0;513418,006948898550000;5405227,470859309700000;9,182719332000033;48,799894341000027;1
28179;08;2;12;000;2019;05;16;5;3;2;6;0;1;1;0;0;0;0;455734,824000000020000;5428237,941999999800000;8,394741718000034;49,005448550000040;0
28183;08;2;31;000;2019;05;17;5;2;6;4;0;0;1;1;0;0;0;478168,331945066340000;5414914,050406307000000;8,702192974000070;48,886793749000049;0
28184;08;4;15;050;2019;05;08;2;3;0;1;0;1;0;0;0;0;0;521422,371109494940000;5376527,378362907100000;9,290230740000027;48,541483506000077;1
28204;08;3;11;000;2019;05;18;2;3;3;6;0;1;0;0;0;0;0;411545,303448341790000;5319394,450075270600000;7,813702022000030;48,021714091000035;1
28206;08;3;36;081;2019;05;13;3;3;2;6;0;0;1;1;0;0;0;411768,077540212310000;5277807,569048913200000;7,825165074000040;47,647648449000030;1
28212;08;2;12;000;2019;05;15;2;3;5;3;0;1;1;0;0;0;0;457067,497581126170000;5428246,837204489900000;8,412962024000024;49,005622708000033;1
28217;08;1;21;000;2019;05;15;5;3;0;3;0;1;0;0;0;0;1;514475,787414204330000;5447992,387143489000000;9,198647140000048;49,184565624000072;0
28223;08;2;26;095;2019;05;08;2;3;5;3;0;1;0;0;0;0;1;474092,018444274550000;5460995,879791641600000;8,643633863000048;49,301156474000038;0
28232;08;1;36;088;2019;05;06;4;3;0;1;0;1;0;0;0;0;0;581686,762274073440000;5413894,515303881800000;10,113987797000050;48,872625493000044;1
28234;08;3;17;096;2019;05;11;3;2;6;4;0;0;1;1;0;0;0;421624,221605136060000;5368808,876082129800000;7,939700355000070;48,467526496000062;1
28249;08;4;36;013;2019;05;07;4;3;5;2;0;1;0;0;0;0;1;544659,857026676650000;5297138,202852893600000;9,596691543000077;47,826042413000039;0
28251;08;4;35;054;2019;05;22;4;3;0;1;2;1;0;0;0;0;0;522337,760698651890000;5282601,296238027500000;9,297709513000029;47,696410196000045;0
28255;08;1;25;049;2019;05;06;2;3;2;6;0;1;0;0;0;1;0;498723,053839355710000;5447899,231317021000000;8,982477070000073;49,183897164000030;0
28257;08;4;35;016;2019;05;09;4;3;0;1;0;1;0;0;0;0;0;537705,885389999490000;5278734,026261732000000;9,502189782000073;47,660900857000058;0
28273;08;3;11;000;2019;05;11;4;3;3;6;0;1;1;0;0;0;0;414914,824460174890000;5316002,074853852400000;7,859555429000068;47,991656058000046;0
28279;08;3;35;043;2019;05;12;4;2;6;2;0;0;1;1;0;0;0;513726,004595777020000;5279784,931160217200000;9,182847392000042;47,671309931000053;0
28289;08;4;36;064;2019;05;12;1;3;5;3;0;1;0;0;0;0;0;542726,553000002170000;5291322,572000000600000;9,570289478000063;47,773850207000066;0
28292;08;3;17;113;2019;05;01;4;2;3;6;2;1;0;0;0;1;0;408288,209366671740000;5345593,030729804200000;7,764387458000044;48,256907944000034;0
28295;08;3;37;090;2019;05;17;1;2;0;1;0;1;0;0;0;0;0;422985,424364131880000;5273784,170809848200000;7,975208900000041;47,612884807000057;1
28304;08;2;25;074;2019;05;17;4;3;4;2;0;1;0;0;1;0;0;506958,609693589620000;5466570,985206866600000;9,095814339000071;49,351814890000071;0
28305;08;3;35;028;2019;05;12;1;3;0;1;0;1;0;0;0;0;0;482721,103596401400000;5287171,743943030000000;8,769531264000023;47,737688187000060;0
28309;08;3;17;122;2019;05;15;4;3;5;3;0;1;0;0;0;0;0;418166,732437694450000;5367522,739719158000000;7,893186487000037;48,455517607000047;0
28313;08;3;26;012;2019;05;21;1;2;6;4;2;0;1;1;0;0;0;462530,535272120500000;5310713,148213695700000;8,498195337000027;47,948635587000069;1
28315;08;3;17;034;2019;05;03;1;2;6;4;2;0;1;1;0;0;0;426882,471197353680000;5360907,074993262100000;8,012203480000039;48,397081796000066;0
28331;08;2;31;000;2019;05;12;1;3;6;7;0;0;1;1;0;0;0;475272,368972753170000;5411343,378599381100000;8,662905501000068;48,854564403000040;0
28334;08;2;26;056;2019;05;14;1;3;3;2;0;1;1;0;0;0;0;485594,377572399560000;5471552,420201204700000;8,801466507000043;49,396492312000078;0
28336;08;1;15;029;2019;05;12;1;2;5;3;0;1;1;0;0;0;0;493489,072163288480000;5397489,212710250200000;8,911459900000068;48,730391892000057;0
28345;08;1;25;110;2019;05;08;4;2;5;3;0;1;1;0;0;0;0;524865,205000000070000;5443855,439000001200000;9,340960481000025;49,147019740000076;0
28347;08;4;35;052;2019;05;10;3;2;5;3;0;1;1;0;0;0;0;521674,598547432570000;5289774,538068169700000;9,289228355000034;47,760974028000078;1
28348;08;1;21;000;2019;05;17;4;3;5;3;0;1;1;0;0;0;0;514922,578053600150000;5446267,016053147600000;9,204714265000064;49,169034716000056;0
28352;08;1;19;083;2019;05;18;4;3;5;3;0;1;1;0;0;0;0;534305,920831969940000;5419462,965625194800000;9,468346417000021;48,927148370000054;0
28354;08;1;27;103;2019;05;00;1;2;8;1;2;1;0;0;0;0;0;578138,443820199000000;5436933,761812523000000;10,070033852000051;49,080299824000065;1
28368;08;1;18;003;2019;05;15;4;2;5;3;0;1;1;0;0;0;0;509717,627000001260000;5416981,940000001300000;9,132608649000076;48,905704329000059;0
28380;08;1;16;049;2019;05;12;4;3;5;3;0;1;1;0;0;0;0;525949,112497979780000;5387308,123427504700000;9,352231446000076;48,638297129000080;0
28392;08;4;26;128;2019;05;10;7;2;6;4;0;0;1;1;0;0;0;559323,016233900560000;5331068,884922070400000;9,797272155000030;48,130109532000063;0
28396;08;4;21;000;2019;05;12;7;3;5;3;0;1;1;0;0;0;0;570788,203161783520000;5364282,175846405300000;9,956902186000036;48,427707625000039;0
28398;08;1;11;000;2019;05;18;4;2;0;7;0;0;0;1;0;0;1;510057,635359223000000;5399684,403037950400000;9,136824151000042;48,750092669000026;0
28405;08;3;36;014;2019;05;15;7;3;5;3;0;1;1;0;0;0;0;395807,889215055850000;5280509,359786389400000;7,612065620000067;47,669578659000081;0
28408;08;3;35;002;2019;05;20;7;3;0;7;0;1;0;0;0;0;0;506079,785264221950000;5284312,881878014700000;9,081053549000046;47,712168015000032;0
28409;08;3;37;096;2019;05;16;3;3;5;3;0;1;1;0;0;0;0;421144,456878457220000;5267735,214801879600000;7,951803406000067;47,558244964000039;0
28418;08;4;36;082;2019;05;17;3;3;2;3;0;1;1;0;0;0;0;547323,575314218180000;5294366,386276722000000;9,631976118000068;47,800914077000073;0
28423;08;3;17;141;2019;05;08;7;3;5;3;0;1;1;0;0;0;0;420151,154427296480000;5376578,713471850400000;7,918289515000026;48,537229286000070;0
28424;08;3;17;089;2019;05;13;3;2;0;1;0;1;0;0;0;0;0;432004,871000000280000;5377213,351000003500000;8,078744437000069;48,544334674000027;0
28432;08;3;15;102;2019;05;12;7;2;5;3;0;1;1;0;0;0;0;438072,365164523940000;5296822,604398703200000;8,172663602000057;47,821772243000055;0
28435;08;3;11;000;2019;05;06;3;3;5;7;0;1;1;0;0;0;0;410045,641371397300000;5318707,873934321100000;7,793738183000073;48,015328805000081;0
28440;08;2;12;000;2019;05;14;3;3;5;2;0;1;1;0;0;0;0;457254,921371315610000;5428214,854765873400000;8,415527992000023;49,005348031000040;0
28465;08;1;27;076;2019;05;17;7;3;5;3;0;1;1;0;0;0;0;555160,779596577400000;5438648,590211760300000;9,755644649000033;49,098212151000041;1
28467;08;1;18;003;2019;05;16;3;3;6;4;0;0;1;1;0;0;0;509953,798643162470000;5416860,942513575800000;9,135828534000041;48,904612116000067;1
28477;08;1;36;028;2019;05;14;3;3;0;1;0;1;0;0;0;0;0;566746,722660213710000;5405098,839961579100000;9,908843384000022;48,795298930000058;0
28478;08;1;17;030;2019;05;11;7;3;0;7;0;1;1;0;0;0;0;547591,777095102710000;5390525,172573788100000;9,646362218000036;48,665963419000036;0
28481;08;2;15;096;2019;05;17;4;3;6;4;0;0;1;1;0;0;0;461182,684622864240000;5416200,826868565800000;8,470376628000054;48,897537701000033;0
28495;08;1;19;020;2019;05;10;3;3;3;2;0;1;1;0;0;0;0;519330,414512271060000;5408907,152113236500000;9,263403992000065;48,832840313000077;0
28496;08;1;11;000;2019;05;12;7;3;5;2;0;1;1;0;0;0;0;516157,983916495930000;5405676,520975470500000;9,220048299000041;48,803868751000039;0
28498;08;4;36;049;2019;05;15;6;2;5;2;0;1;1;0;0;0;0;575016,211144698780000;5281478,888588769400000;9,999524118000068;47,682343805000073;0
28508;08;1;15;002;2019;05;08;3;3;5;3;0;1;1;0;0;0;0;499454,570000000300000;5386200,633000003200000;8,992597756000066;48,628872264000051;0
28517;08;4;26;062;2019;05;07;2;3;6;7;0;0;0;1;0;0;1;553688,675602898930000;5315873,276952058100000;9,719647901000030;47,993904433000068;0
28521;08;4;21;000;2019;05;12;2;3;6;2;0;0;1;1;0;0;0;569619,377525420860000;5358172,595207938900000;9,940091163000034;48,372880140000063;0
28523;08;4;15;088;2019;05;16;2;2;6;4;0;0;1;1;0;0;0;538034,940513653680000;5370965,775293510400000;9,514783632000047;48,490663928000060;0
28525;08;4;15;061;2019;05;07;2;3;5;3;0;1;1;0;0;0;0;516156,268558001150000;5373109,105414582400000;9,218753622000065;48,510889461000033;0
28529;08;4;15;060;2019;05;12;2;3;0;1;0;1;0;0;0;0;0;515142,446341509000000;5378080,073150573300000;9,205207341000062;48,555635001000041;0
28538;08;3;36;014;2019;05;11;6;3;0;1;0;1;0;0;0;0;0;391787,226664670740000;5278696,922364305700000;7,558972660000052;47,652615732000072;0
28539;08;3;35;077;2019;05;07;2;3;5;2;0;1;1;0;0;0;0;494879,199308464300000;5292535,379435483400000;8,931634466000048;47,786158879000027;0
28542;08;3;35;075;2019;05;18;6;3;6;4;0;0;1;1;0;0;0;488046,224334081630000;5288945,800896445300000;8,840509491000034;47,753771012000072;0
28545;08;4;35;016;2019;05;07;2;2;5;3;0;1;1;0;0;0;0;537360,136000000870000;5278833,128000000500000;9,497593535000021;47,661812575000056;0
28551;08;3;26;027;2019;05;13;6;3;3;6;0;1;1;0;0;0;0;461946,479038377290000;5308441,079320358100000;8,490574617000050;47,928159506000043;0
28552;08;3;17;041;2019;05;09;2;2;8;1;0;1;0;0;0;0;0;438277,033394719470000;5349813,189808899500000;8,167748809000045;48,298503225000047;0
28561;08;3;15;095;2019;05;07;2;3;1;3;0;1;0;0;0;0;1;427938,102960971180000;5319090,370743185300000;8,033566842000028;48,021038358000055;0
28569;08;3;17;141;2019;05;20;6;3;2;6;0;1;0;0;0;0;0;420175,460940350780000;5379909,516589894900000;7,917980056000033;48,567192000000034;0
28570;08;3;36;091;2019;05;09;2;3;3;6;0;1;0;0;0;0;1;395042,909320996140000;5271728,791437219800000;7,603983779000032;47,590472938000062;0
28572;08;3;36;050;2019;05;07;2;3;5;3;0;1;1;0;0;0;0;399026,662135123280000;5275977,563953211500000;7,655976685000042;47,629324579000070;0
28574;08;3;36;050;2019;05;12;6;3;5;3;0;1;0;0;1;0;0;399245,847163503990000;5275252,260776625900000;7,659060265000051;47,622834392000073;0
28582;08;2;15;108;2019;05;09;6;3;5;3;0;1;1;0;0;0;0;445974,653999999170000;5424170,401000000500000;8,261837596000021;48,968084279000038;0
28592;08;2;16;043;2019;05;16;4;1;0;7;0;1;0;0;0;0;0;437779,004120381550000;5412210,574051646500000;8,151693798000053;48,859737662000043;0
28602;08;2;31;000;2019;05;15;6;3;4;2;0;1;1;0;0;0;0;475290,418695721780000;5411250,197146646700000;8,663157179000052;48,853726891000065;0
28626;08;2;21;000;2019;05;16;6;3;3;6;0;1;1;0;0;0;0;477663,108891227280000;5473813,656187426300000;8,692034575000037;49,416592441000034;0
28651;08;1;17;042;2019;05;07;2;3;6;4;0;0;1;1;0;0;0;554393,654743817630000;5393300,088418604800000;9,739098713000033;48,690369472000043;0
28656;08;1;16;019;2019;05;23;2;3;1;1;2;1;1;0;0;0;0;523523,530590108600000;5397208,650102516600000;9,319870825000066;48,727457985000058;0
28674;08;1;19;091;2019;05;05;4;3;4;2;1;1;1;0;0;0;0;527107,736634075640000;5406878,219997642600000;9,369244829000024;48,814297800000077;1
28677;08;1;18;048;2019;05;14;6;3;0;7;0;1;0;0;0;0;0;515225,921530776660000;5416715,728265564900000;9,207765568000070;48,903198641000074;0
28678;08;4;16;041;2019;05;21;1;3;0;7;0;1;0;0;0;0;0;505479,335151775740000;5377233,900744108500000;9,074243909000074;48,548181491000037;0
28684;08;1;18;011;2019;05;07;4;3;6;4;0;0;1;1;0;0;0;498386,868572788310000;5411014,743895672300000;8,978010404000031;48,852098730000080;0
28686;08;1;16;049;2019;05;08;6;3;5;2;0;1;1;0;0;0;0;525296,666000000200000;5385342,296000002000000;9,343255382000052;48,620639217000075;0
28690;08;1;11;000;2019;05;16;6;2;6;4;0;1;0;1;0;0;0;509587,895733142270000;5398574,353164278000000;9,130407988000059;48,740114078000033;0
28696;08;3;17;096;2019;05;16;1;3;0;7;0;1;0;0;0;0;0;422499,925945986990000;5371359,097904220200000;7,951072301000068;48,490574072000072;0
28699;08;3;17;096;2019;05;12;1;3;5;2;0;1;1;0;0;0;0;422848,052987067030000;5368535,393859380900000;7,956304412000065;48,465217859000063;0
28700;08;4;36;081;2019;05;12;5;3;5;2;0;1;0;0;0;0;1;562999,640974466690000;5281713,262022085500000;9,839467295000077;47,685735348000037;0
28701;08;1;17;018;2019;05;12;4;3;5;3;0;1;1;0;0;0;0;539421,871289673260000;5396177,166528271500000;9,535948531000031;48,717376228000035;0
28724;08;3;27;049;2019;05;13;5;3;3;2;0;1;1;0;0;0;0;472625,544066252190000;5324546,319537919000000;8,632504762000053;48,073603524000077;0
28728;08;1;18;076;2019;05;02;1;1;6;6;2;0;1;1;0;0;0;506055,644999999550000;5422631,401000002400000;9,082720507000033;48,956571903000054;1
28737;08;3;17;034;2019;05;12;5;2;0;7;0;1;0;0;0;0;0;426923,903879450630000;5361686,700710816300000;8,012627414000065;48,404099504000044;0
28746;08;3;11;000;2019;05;07;5;3;0;1;0;1;0;0;0;0;0;413169,323224514720000;5315630,488520748900000;7,836239601000045;47,988078873000063;0
28760;08;2;26;076;2019;05;14;1;2;6;6;0;1;0;1;0;0;0;474468,697455093260000;5466670,994429253000000;8,648451747000024;49,352219626000078;0
28761;08;2;26;029;2019;05;11;1;2;1;6;0;1;0;0;0;0;0;485292,780153868720000;5481387,628586558600000;8,796945067000024;49,484951523000063;0
28771;08;1;35;019;2019;05;17;1;3;5;3;0;1;1;0;0;0;0;585273,565000000410000;5390135,332000004100000;10,157967765000024;48,658449251000036;0
28781;08;1;15;048;2019;05;12;1;3;5;3;0;1;1;0;0;0;0;509664,113495307040000;5387276,317852050100000;9,131180375000042;48,638474868000060;0
28787;08;4;35;054;2019;05;01;7;2;0;7;2;1;0;0;0;0;0;524660,227634532380000;5282750,241568394000000;9,328670425000041;47,697665855000025;0
28796;08;3;36;105;2019;05;15;7;3;5;3;0;1;1;0;0;0;0;403961,950971003620000;5266557,498502871000000;7,723713399000076;47,545336185000053;0
28798;08;3;17;096;2019;05;11;7;3;0;1;0;1;0;0;0;0;0;421795,335950309410000;5368840,147638816400000;7,942009002000020;48,467829082000037;0
28802;08;3;17;153;2019;05;00;7;2;0;1;2;1;0;0;0;0;0;424895,483705140650000;5394473,956139594300000;7,979309697000076;48,698779138000077;0
28811;08;2;22;000;2019;05;17;7;3;2;6;0;1;1;0;0;0;0;461936,300037018020000;5481407,389046050600000;8,474482293000051;49,484113795000042;0
28814;08;2;16;049;2019;05;23;7;2;0;7;2;1;0;0;0;0;0;437597,853099999950000;5400904,812000000800000;8,150943122000058;48,758024981000062;0
28832;08;1;15;003;2019;05;10;7;2;0;1;0;1;0;0;0;0;0;499857,504810101350000;5392085,565256662700000;8,998064116000023;48,681814261000056;0
28834;08;1;11;000;2019;05;18;7;3;0;2;0;1;1;0;0;0;0;516086,686689214780000;5405643,588615277800000;9,219076051000059;48,803574346000062;0
28836;08;4;36;064;2019;05;13;6;3;0;1;0;1;0;0;0;0;0;546336,997933449220000;5291640,729859156500000;9,618510781000055;47,776463136000075;0
28837;08;4;36;064;2019;05;22;6;3;6;6;2;1;0;1;0;0;0;541660,315003536640000;5292965,824504515200000;9,556216333000066;47,788704552000070;0
28849;08;3;35;066;2019;05;17;6;3;0;7;0;1;0;0;0;0;0;504247,815000001340000;5282811,167000001300000;9,056615751000038;47,698670766000077;0
28864;08;2;35;008;2019;05;12;6;3;0;6;0;1;0;0;0;0;1;477520,165000000970000;5403119,396999999900000;8,693998286000067;48,780668841000079;0
28865;08;2;31;000;2019;05;06;6;2;0;7;0;1;0;0;0;0;0;475764,917000000370000;5414508,536000000300000;8,669432441000026;48,883056558000078;0
28870;08;2;21;000;2019;05;15;6;3;5;3;0;1;1;0;0;0;0;473657,595287417060000;5467855,668817041400000;8,637205294000069;49,362841121000031;0
28871;08;2;21;000;2019;05;10;6;3;3;2;0;1;1;0;0;0;0;476315,198000000790000;5471758,194000002000000;8,673573432000069;49,398052917000030;0
28873;08;2;16;043;2019;05;22;6;3;6;4;2;0;1;1;0;0;0;441494,928027692250000;5410858,970194734600000;8,202543652000031;48,847941610000078;0
28874;08;2;16;009;2019;05;13;6;3;4;6;0;1;0;0;0;0;0;445435,692123875020000;5421146,782826699300000;8,254879450000033;48,940839706000077;0
28886;08;3;17;126;2019;05;14;6;2;6;4;0;0;1;1;0;0;0;438776,731062389910000;5380705,015952630000000;8,169970999000043;48,576441033000037;0
28890;08;1;35;015;2019;05;10;6;2;5;3;0;1;1;0;0;0;0;575299,043198539880000;5386670,863154491400000;10,021913463000033;48,628569135000077;0
28904;08;1;15;003;2019;05;17;6;3;5;3;0;1;1;0;0;0;0;500560,766528089530000;5392842,740950394400000;9,007619382000030;48,688625661000060;0
28912;08;4;36;082;2019;05;11;5;3;5;3;0;1;1;0;0;0;0;548320,265263790260000;5294848,574738571400000;9,645339142000069;47,805178243000057;0
28915;08;4;36;055;2019;05;09;5;3;0;7;0;1;0;0;0;0;0;575937,237421712840000;5297146,362865382800000;10,014530111000056;47,823183490000076;0
28918;08;4;35;057;2019;05;10;5;2;5;3;0;1;1;0;0;0;0;544084,886343942960000;5280274,607032204000000;9,587300378000066;47,674358525000059;0
28921;08;4;21;000;2019;05;14;5;3;5;3;0;1;1;0;0;0;0;566382,697464909400000;5358567,236931150800000;9,896453331000032;48,376778954000031;0
28926;08;4;15;092;2019;05;09;5;2;5;2;0;1;0;0;0;1;0;519497,853744916620000;5360741,942855015400000;9,263421572000027;48,399534948000053;0
28932;08;3;35;063;2019;05;14;5;2;0;1;0;1;0;0;0;0;0;501122,830097293480000;5292531,294515749400000;9,014990400000045;47,786141505000046;0
28933;08;3;35;043;2019;05;17;5;2;0;1;0;1;0;0;0;0;0;514220,204740327780000;5279762,222358485700000;9,189429975000053;47,671094925000034;0
28937;08;3;27;016;2019;05;17;5;3;2;6;0;1;1;0;0;0;0;495361,829854344950000;5319639,446228997800000;8,937786278000033;48,030026680000049;0
28939;08;3;26;003;2019;05;12;5;3;9;7;0;1;0;0;0;0;0;473240,117425643840000;5315295,010978259100000;8,641333138000050;47,990395960000058;0
28945;08;3;11;000;2019;05;07;5;3;4;7;0;1;0;0;0;0;0;419325,410906303670000;5315171,081954874100000;7,918817962000048;47,984752445000026;0
28948;08;2;12;000;2019;05;07;5;3;5;3;0;1;1;0;0;0;0;453790,350498377350000;5428233,548970153600000;8,368156187000068;49,005266509000080;0
28951;08;2;26;046;2019;05;17;5;3;5;2;0;1;0;0;1;0;0;475439,312788236890000;5454975,259023191400000;8,662535290000051;49,247056465000071;0
28958;08;2;12;000;2019;05;21;5;3;0;7;2;1;0;0;0;0;0;455678,836768993180000;5427676,378927812000000;8,394037513000058;49,000393211000073;0
28963;08;1;36;042;2019;05;16;5;3;0;6;0;1;0;0;0;0;1;547731,267419546840000;5403276,359757987800000;9,649732419000031;48,780655729000046;0
28964;08;3;17;026;2019;05;11;1;3;4;7;0;1;0;0;1;0;0;417822,565595950930000;5343267,826511519000000;7,893266776000075;48,237300902000072;0
28967;08;1;27;014;2019;05;17;5;2;7;7;0;1;0;0;0;0;1;578743,721280676310000;5440043,708762353300000;10,078927109000063;49,108193164000056;0
28968;08;1;27;014;2019;05;15;5;2;5;3;0;1;1;0;0;0;0;578256,389945087950000;5442860,185513660300000;10,072797335000075;49,133586337000054;0
28976;08;1;19;085;2019;05;18;5;3;5;2;0;1;1;0;0;0;0;531104,085042686200000;5414955,065116943800000;9,424292628000046;48,886766691000048;0
28979;08;1;18;054;2019;05;07;5;3;5;3;0;1;1;0;0;0;0;518397,223386056720000;5422944,353936290400000;9,251320291000070;48,959143025000060;0
28982;08;1;18;046;2019;05;18;5;3;5;2;0;1;1;0;0;0;0;514646,165367611680000;5412678,311530744700000;9,199709873000074;48,866893063000077;0
28984;08;3;15;007;2019;05;12;1;3;8;1;0;1;0;0;0;0;0;400416,804614767430000;5293010,322609558700000;7,670584467000026;47,782753457000069;0
28993;08;2;15;040;2019;05;16;1;1;5;3;0;1;1;0;0;0;0;487126,548999998720000;5435839,991000002300000;8,823729119000063;49,075286048000066;0
28997;08;1;15;028;2019;05;13;5;2;5;3;0;1;1;0;0;0;0;499991,967046553270000;5404506,461403701500000;8,999890625000035;48,793553005000035;0
28998;08;1;11;000;2019;05;14;5;3;5;3;0;1;1;0;0;0;0;513033,276488578880000;5407017,902739374000000;9,177537153000060;48,816009027000064;0
29014;08;3;35;043;2019;05;16;4;3;5;2;0;1;1;0;0;0;0;511460,853926234880000;5280191,078307479600000;9,152683559000025;47,675008427000080;0
29023;08;2;12;000;2019;05;14;6;3;0;1;0;1;1;0;0;0;0;455192,116045438680000;5428587,271425159600000;8,387282908000032;49,008551637000039;0
29028;08;1;36;065;2019;05;10;6;3;5;3;0;1;1;0;0;0;0;558688,162000002340000;5405001,888000000300000;9,799113672000033;48,795239755000068;0
29031;08;1;26;072;2019;05;12;6;3;5;3;0;1;1;0;0;0;0;540309,912587712520000;5465990,270492700900000;9,554962346000025;49,345298812000067;0
29032;08;1;25;013;2019;05;13;6;2;7;7;0;1;0;0;0;0;0;505898,602257861760000;5436452,818210959400000;9,080776237000066;49,080905062000056;0
29036;08;1;17;025;2019;05;14;6;3;6;4;0;0;0;1;0;0;1;557247,032426230610000;5389813,687192929900000;9,777383985000029;48,658753014000069;0
29046;08;4;36;064;2019;05;17;5;2;0;7;0;1;0;0;0;0;0;543016,680771456100000;5288858,070898946400000;9,573917791000042;47,751657517000069;0
29051;08;4;35;035;2019;05;16;5;3;8;6;0;1;0;0;0;0;0;542178,939897200090000;5282707,336883505800000;9,562145708000060;47,696373553000058;0
29053;08;4;26;108;2019;05;16;5;3;5;3;0;1;1;0;0;0;0;570537,324464126490000;5333925,825025836000000;9,948440593000044;48,154665572000056;0
29059;08;4;25;005;2019;05;19;5;2;0;1;0;1;0;0;0;0;0;575517,525117548180000;5381572,813469696800000;10,023950557000035;48,582686876000025;0