OBJECTID;ULAND;UREGBEZ;UKREIS;UGEMEINDE;UJAHR;UMONAT;USTUNDE;UWOCHENTAG;UKATEGORIE;UART;UTYP1;ULICHTVERH;IstRad;IstPKW;IstFuss;IstKrad;IstGkfz;IstSonstige;LINREFX;LINREFY;XGCSWGS84;YGCSWGS84;STRZUSTAND
29066;08;3;36;080;2019;05;21;5;2;0;1;1;1;0;0;0;0;0;416413,565596079450000;5293733,278953902400000;7,883952903000022;47,791531607000081;0
29068;08;3;35;100;2019;05;16;5;3;0;7;0;1;0;0;0;0;0;487770,204521942880000;5286602,563305830600000;8,836892649000049;47,732682426000054;0
29072;08;3;17;039;2019;05;15;5;3;0;7;0;1;0;0;0;0;0;440167,518431008790000;5348127,499448036800000;8,193475635000027;48,283520654000029;0
29074;08;3;17;096;2019;05;03;5;3;6;4;2;0;1;1;0;0;0;422286,803989845330000;5369879,069359665700000;7,948463554000057;48,477235030000031;0
29076;08;3;17;153;2019;05;18;5;3;8;7;0;1;0;0;0;0;0;420878,031249872410000;5389397,408872151700000;7,925692635000075;48,652621339000063;0
29081;08;2;37;028;2019;05;11;5;3;8;1;0;1;0;0;0;0;0;455582,833999999800000;5368740,544000001600000;8,399077275000025;48,470227175000048;0
29089;08;2;11;000;2019;05;17;5;3;8;7;0;1;0;0;0;0;0;443373,074815431610000;5402160,217156205300000;8,229341447000024;48,769869674000063;0
29096;08;4;25;019;2019;05;10;5;3;0;1;0;1;0;0;0;0;0;575859,129636787810000;5371791,368577094700000;10,026800542000046;48,494662564000066;0
29103;08;1;21;000;2019;05;20;5;2;9;7;0;1;0;0;0;0;0;517312,859000001100000;5445782,903000000900000;9,237484052000070;49,164617201000056;0
29104;08;3;17;001;2019;05;14;6;3;5;3;0;1;0;0;1;0;0;427930,827523921620000;5391631,683840828000000;8,021050094000032;48,673571527000036;0
29107;08;1;18;079;2019;05;20;5;3;5;3;0;1;1;0;0;0;0;510793,178659155030000;5422765,997832540400000;9,147438921000060;48,957718132000082;0
29109;08;1;17;026;2019;05;23;5;2;4;2;2;1;1;0;0;0;0;549128,886450312100000;5393299,665242167200000;9,667566550000061;48,690802373000054;0
29121;08;3;37;065;2019;05;14;4;3;6;4;0;0;1;1;0;0;0;448494,951402434150000;5275180,986100398000000;8,314454780000062;47,627982221000082;1
29123;08;3;36;045;2019;05;12;4;2;4;2;0;1;1;0;0;0;0;397639,090653855350000;5285616,492013420900000;7,635253414000033;47,715810360000035;0
29124;08;3;35;075;2019;05;08;4;3;5;3;0;1;1;0;0;0;0;488158,937772219070000;5288762,481672912800000;8,842018331000077;47,752123670000060;0
29125;08;3;35;002;2019;05;09;4;3;3;6;0;1;0;0;1;0;0;504685,866701049730000;5284935,650025246700000;9,062477030000025;47,717783074000067;0
29127;08;3;35;075;2019;05;19;4;3;5;2;0;1;1;0;0;0;0;488807,954273270440000;5287876,495134083600000;8,850700179000057;47,744163551000042;1
29130;08;3;26;061;2019;05;01;4;2;8;1;2;1;0;0;0;0;0;469938,896894872190000;5318944,663478842000000;8,596831616000031;48,023085043000037;1
29133;08;2;12;000;2019;05;10;4;2;0;1;0;1;0;0;0;0;0;455678,804140347060000;5427675,891776286100000;8,394037120000064;49,000388827000052;0
29139;08;2;16;007;2019;05;20;4;2;8;1;0;1;0;0;0;0;0;437620,111369271760000;5394065,878081278900000;8,152280631000053;48,696510611000065;0
29142;08;2;15;084;2019;05;21;4;3;4;6;1;0;1;1;0;0;0;472184,166137422430000;5445629,488860355700000;8,618457800000044;49,162851069000055;0
29144;08;2;15;109;2019;05;08;4;2;3;6;0;1;0;0;0;0;0;462134,686291253190000;5438310,276148226100000;8,481304246000036;49,096476724000070;0
29146;08;1;36;088;2019;05;02;4;3;0;1;2;1;0;0;0;0;0;580795,595113680700000;5412180,486799061300000;10,101498607000053;48,857326001000047;1
29149;08;4;25;135;2019;05;06;4;2;0;1;0;1;0;0;0;0;0;570539,224737948740000;5374586,994154389900000;9,955275680000057;48,520429381000042;0
29164;08;1;16;080;2019;05;08;4;3;6;7;0;0;1;1;0;0;0;519018,693307962270000;5397150,193112934000000;9,258612491000065;48,727085869000064;0
29171;08;1;11;000;2019;05;18;4;2;5;2;0;1;1;0;0;0;0;509531,004606773150000;5398477,713129960000000;9,129631960000040;48,739245577000077;0
29174;08;1;11;000;2019;05;17;4;3;3;2;0;1;0;0;1;0;0;513112,414648019710000;5402136,359845481800000;9,178459333000035;48,772093511000037;0
29181;08;3;35;100;2019;05;18;3;3;0;1;0;1;0;0;0;0;0;489115,504003590900000;5285911,338935809200000;8,854851969000038;47,726487174000056;1
29184;08;3;17;065;2019;05;17;3;3;0;1;0;1;0;0;0;0;0;417264,732000000770000;5355696,212000003100000;7,883320313000070;48,349021915000037;1
29185;08;3;17;057;2019;05;07;3;3;5;3;0;1;1;0;0;0;0;411895,003000002350000;5380958,758000005000000;7,805540556000040;48,575519896000060;0
29193;08;2;12;000;2019;05;10;3;3;3;6;0;1;1;0;0;0;0;455183,064666055140000;5428482,244247859300000;8,387170738000066;49,007606251000027;0
29202;08;1;35;032;2019;05;16;3;2;6;7;0;0;1;1;0;0;0;578284,063922582190000;5393781,962698377700000;10,063762427000029;48,692164092000041;0
29206;08;1;25;078;2019;05;09;3;3;6;4;0;0;0;1;0;1;0;518613,611752962690000;5454136,774765048200000;9,255713726000067;49,239723964000063;0
29208;08;1;16;077;2019;05;07;2;3;0;7;0;1;0;0;0;0;0;514764,724000002260000;5389742,596000004600000;9,200503481000055;48,660562121000055;0
29211;08;1;19;008;2019;05;16;3;3;5;2;0;1;1;0;0;0;0;532165,323000001720000;5421032,580000000100000;9,439247636000061;48,941382725000039;0
29213;08;3;17;057;2019;05;04;6;3;3;6;2;1;1;0;0;0;0;414261,793510490100000;5380371,199444532400000;7,837741843000060;48,570563487000072;0
29218;08;1;17;026;2019;05;13;3;3;6;2;0;0;1;1;0;0;0;547715,645693414840000;5395590,315885681700000;9,648629361000076;48,711517606000029;0
29221;08;1;15;045;2019;05;09;2;3;8;1;0;1;0;0;0;0;0;499642,113848444070000;5398067,913796702400000;8,995132711000053;48,735631820000037;0
29227;08;1;15;045;2019;05;07;3;3;3;6;0;1;1;0;0;0;0;500198,784037538800000;5394416,897189777300000;9,002701724000076;48,702787138000076;1
29232;08;4;37;088;2019;05;13;1;3;0;7;0;1;0;0;0;0;0;519634,887813430280000;5309174,651082711300000;9,262891133000039;47,935588639000059;0
29237;08;4;35;052;2019;05;15;2;3;4;3;0;1;0;0;0;0;0;522453,661252067420000;5290638,759486569100000;9,299668771000029;47,768723136000062;0
29238;08;4;35;057;2019;05;12;2;2;0;7;0;1;0;0;0;0;0;543980,512423171660000;5281098,344897966800000;9,585992963000024;47,681776987000035;0
29240;08;4;35;015;2019;05;17;1;3;0;1;0;1;0;0;0;0;0;520295,333133991810000;5295347,715601356700000;9,271084101000042;47,811163170000043;0
29242;08;4;16;036;2019;05;20;2;3;2;6;0;1;1;0;0;0;0;500786,768161387180000;5362825,826113876000000;9,010633429000052;48,418583743000056;0
29259;08;4;21;000;2019;05;13;1;3;4;6;0;1;0;0;0;0;0;570050,501901654530000;5361534,587830992400000;9,946472606000043;48,403074721000053;0
29262;08;3;36;008;2019;05;14;2;2;6;4;0;0;0;1;0;1;0;396736,707936926740000;5276257,557552626400000;7,625438744000064;47,631482072000040;0
29264;08;3;11;000;2019;05;14;2;3;0;1;0;1;0;0;0;0;0;415245,393442986530000;5320408,398056266800000;7,863114340000038;48,031336584000030;0
29285;08;2;15;007;2019;05;19;2;3;5;3;0;1;1;0;0;0;0;478148,337881777440000;5431534,311111031100000;8,701027924000073;49,036301506000029;0
29287;08;1;11;000;2019;05;10;2;3;5;3;0;1;1;0;0;0;0;513445,587977025660000;5402529,746568707700000;9,183006644000045;48,775625278000064;0
29288;08;2;12;000;2019;05;16;2;3;0;3;0;1;1;0;0;0;0;456422,514865873380000;5426771,173321740700000;8,404301662000023;48,992303713000069;0
29291;08;1;15;003;2019;05;16;2;3;5;3;0;1;1;0;0;0;0;500421,791826714760000;5393032,688199449300000;9,005731266000055;48,690334555000049;0
29292;08;3;36;081;2019;05;11;6;2;4;6;0;1;0;0;1;0;0;415907,431134781800000;5279858,628617927400000;7,879876092000075;47,666650906000029;0
29312;08;1;28;020;2019;06;16;3;1;5;2;0;1;1;0;0;0;0;575129,620540005150000;5473619,447704486500000;10,035716730000047;49,410617029000036;0
29314;08;1;27;076;2019;06;15;3;3;6;4;0;0;1;1;0;0;0;561307,182110634630000;5438346,989367634100000;9,839789122000070;49,094917577000047;0
29319;08;1;19;067;2019;06;14;3;2;0;1;0;1;0;0;0;0;0;539378,119424830190000;5405880,885104052700000;9,536282251000046;48,804669739000076;0
29324;08;1;17;026;2019;06;11;3;2;5;3;0;1;1;0;0;0;0;548745,249042172920000;5394434,282732009900000;9,662487936000048;48,701038902000050;0
29325;08;4;26;021;2019;06;23;4;3;5;3;2;1;1;0;0;0;0;558461,997726827860000;5327069,906146463000000;9,785153365000042;48,094213747000026;0
29327;08;1;17;051;2019;06;11;3;2;0;7;0;1;1;0;0;0;0;542146,347717452790000;5395498,576622046500000;9,572917166000025;48,711093661000064;0
29329;08;1;15;028;2019;06;06;3;3;5;3;0;1;1;0;0;0;0;499463,000000001860000;5405259,964000003400000;8,992687356000033;48,800331234000055;0
29330;08;1;15;028;2019;06;19;3;3;0;7;0;1;0;0;0;0;0;497978,874244413340000;5402919,735822890000000;8,972488657000042;48,779275616000064;0
29335;08;1;11;000;2019;06;17;3;3;2;6;0;1;0;0;0;0;0;515516,565760919820000;5405791,349446732600000;9,211317518000044;48,804918076000035;0
29336;08;2;31;000;2019;06;15;3;3;6;7;0;0;1;1;0;0;0;477037,665391569030000;5415969,167736165200000;8,686710426000047;48,896244355000078;0
29341;08;1;27;014;2019;06;12;4;3;6;4;0;0;1;1;0;0;0;578053,489655036480000;5443491,354726966500000;10,070138546000067;49,139288776000058;0
29345;08;4;25;108;2019;06;12;2;2;8;1;0;1;0;0;1;0;0;554127,659276293590000;5357633,413622388600000;9,730852701000060;48,369548871000063;0
29347;08;3;36;050;2019;06;05;3;3;5;3;1;1;1;0;0;0;0;399598,945030163040000;5274757,468749692700000;7,663871762000042;47,618438400000059;0
29348;08;4;26;058;2019;06;07;2;3;5;3;0;1;1;0;0;0;0;558303,162564475090000;5318849,609718838700000;9,781899805000023;48,020276401000046;0
29351;08;2;26;085;2019;06;19;3;3;0;1;0;1;0;0;0;0;0;498214,145010584970000;5453649,386833310100000;8,975467975000072;49,235620194000035;0
29368;08;3;11;000;2019;06;12;2;3;3;2;0;1;1;0;0;0;0;406059,488925533370000;5316869,552967162800000;7,740700781000044;47,998219471000027;0
29373;08;3;11;000;2019;06;23;2;3;3;6;2;1;0;0;0;0;0;413144,533543007450000;5315421,643509125300000;7,835949674000062;47,986196873000040;0
29377;08;2;37;040;2019;06;10;2;3;3;6;0;1;1;0;0;0;0;483454,867050766010000;5365222,683345768600000;8,776293383000052;48,439930157000049;0
29389;08;2;26;105;2019;06;18;2;3;1;5;0;1;1;0;0;0;0;469777,720948297530000;5477209,546086126900000;8,583060185000022;49,446796820000031;1
29392;08;2;21;000;2019;06;17;2;3;7;7;0;1;0;0;0;0;0;479464,906052717940000;5473547,432564988700000;8,716889934000051;49,414261289000081;0
29399;08;2;16;043;2019;06;09;2;1;0;7;0;1;0;0;0;0;0;442075,043510825370000;5412094,746937416500000;8,210275331000048;48,859111829000028;0
29401;08;1;18;054;2019;06;19;2;2;5;3;0;1;1;0;0;0;0;518332,558131949980000;5423329,489784946700000;9,250454269000045;48,962609471000064;0
29403;08;1;36;065;2019;06;06;2;3;2;6;0;1;1;0;0;0;0;565183,676470333710000;5407924,930275835100000;9,888011960000029;48,820884985000077;0
29416;08;1;25;013;2019;06;09;2;3;5;3;0;1;1;0;0;0;0;504890,150999999610000;5436563,892000002800000;9,066967727000076;49,081913062000069;0
29418;08;3;36;084;2019;06;11;3;2;5;3;0;1;1;0;0;0;0;405531,796000001020000;5277272,513000000300000;7,742262608000033;47,641955051000082;0
29421;08;1;19;042;2019;06;16;2;3;4;1;0;1;0;0;1;0;0;527849,425493057820000;5417616,193721741400000;9,380078166000033;48,910859881000079;0
29423;08;3;25;045;2019;06;06;3;2;6;4;0;1;0;1;0;0;0;468475,812271527010000;5348906,115765124600000;8,574989241000026;48,292568480000057;0
29424;08;1;18;060;2019;06;11;2;3;5;2;0;1;1;0;0;0;0;523516,667870250530000;5430198,179419279100000;9,321674648000055;49,024221167000064;1
29425;08;1;18;048;2019;06;10;2;3;8;1;0;0;1;1;0;0;0;519428,639711791650000;5417373,439889973000000;9,265144557000042;48,908997624000051;0
29426;08;1;17;026;2019;06;15;2;3;5;3;0;1;1;0;0;0;0;547576,422492676410000;5394859,805183494500000;9,646652730000028;48,704956935000041;0
29427;08;4;25;031;2019;06;17;2;3;5;3;0;1;1;0;0;0;0;563622,797925541180000;5371331,767967037900000;9,861125515000026;48,491886510000029;0
29428;08;1;16;033;2019;06;13;2;3;3;2;0;1;1;0;0;0;0;531331,347920025700000;5389327,217337070000000;9,425440376000040;48,656214161000037;0
29429;08;1;16;014;2019;06;12;2;3;5;3;0;1;1;0;0;0;0;528954,054999999700000;5395845,559000002200000;9,393617260000042;48,714967191000028;0
29430;08;1;16;014;2019;06;12;4;3;5;3;0;1;1;0;0;0;0;529451,625000001860000;5395679,916000004900000;9,400369504000025;48,713453787000049;0
29432;08;1;11;000;2019;06;09;2;3;5;3;0;1;1;0;0;0;0;513054,059710571540000;5406970,746800027800000;9,177818756000022;48,815584383000044;0
29435;08;4;36;094;2019;06;14;1;2;8;1;0;1;0;0;0;0;0;568142,567494321610000;5282181,755262492200000;9,908061164000060;47,689428383000063;0
29436;08;4;36;027;2019;06;16;1;3;0;7;0;1;0;0;0;0;0;537153,175250272270000;5309589,272438984400000;9,497471936000068;47,938542576000032;0
29440;08;4;26;087;2019;06;11;1;3;0;1;0;1;0;0;0;0;0;571784,654360539280000;5323861,025548704000000;9,963515617000041;48,063985658000036;0
29442;08;4;17;002;2019;06;16;1;3;7;7;0;1;0;0;0;0;0;488941,598309891300000;5347333,129209755000000;8,850949360000072;48,279105451000078;0
29451;08;1;35;016;2019;06;19;4;3;6;6;0;1;0;1;0;0;0;591350,392261508850000;5385912,445709193100000;10,239537170000062;48,619609305000040;0
29455;08;4;35;015;2019;06;13;1;2;0;1;0;1;0;0;0;0;0;519069,940999998710000;5296901,466000000000000;9,254785137000056;47,825180343000056;0
29456;08;3;27;056;2019;06;15;1;3;8;7;0;1;0;0;0;0;0;483384,732174899430000;5320600,402925377700000;8,777095963000022;48,038473152000051;0
29464;08;2;37;045;2019;06;15;1;2;5;3;0;1;1;0;0;0;0;459287,063000000080000;5359810,482000002600000;8,450057070000071;48,390142226000080;0
29465;08;3;17;114;2019;06;01;1;3;0;7;2;1;0;0;0;0;0;406938,521251687780000;5345917,243136057600000;7,746136582000077;48,259627302000069;0
29485;08;2;26;041;2019;06;17;1;3;3;6;0;1;0;0;1;0;0;476231,838931864130000;5463988,002223983400000;8,672888542000067;49,328157561000069;0
29488;08;1;15;053;2019;06;14;1;2;8;1;0;1;0;0;0;0;0;483927,318244913590000;5377428,054165227300000;8,782211566000058;48,549746115000062;0
29491;08;1;17;024;2019;06;08;1;3;5;3;0;1;1;0;0;0;0;560825,636555748990000;5386119,392201997300000;9,825431948000073;48,625183750000076;0
29497;08;1;19;083;2019;06;11;1;3;8;1;0;1;0;0;0;0;0;535144,251933705060000;5419440,993113553200000;9,479789053000047;48,926903678000031;0
29505;08;4;21;000;2019;06;19;3;3;0;1;0;1;0;0;0;0;0;572137,618831689470000;5361420,579389147500000;9,974648469000044;48,401813783000080;0
29509;08;4;35;036;2019;06;10;7;3;0;7;0;1;0;0;0;0;0;517935,850539876150000;5284403,822619792100000;9,239117215000022;47,712765769000043;0
29510;08;4;35;016;2019;06;16;7;3;0;1;0;1;0;0;0;0;0;533132,116875379350000;5280423,295199807700000;9,441403695000076;47,676350406000040;0
29511;08;4;35;035;2019;06;14;7;3;4;6;0;1;0;0;0;0;0;544760,517428733410000;5285339,292334079700000;9,596820453000021;47,719879968000043;0
29515;08;4;16;036;2019;06;14;7;3;0;7;0;1;0;0;0;0;0;495270,740932906050000;5371163,135184180000000;8,935988317000067;48,493572788000051;0
29523;08;4;15;078;2019;06;09;7;3;8;1;0;1;0;0;0;0;0;531202,604347057640000;5368863,434898506900000;9,422157355000024;48,472127294000074;0
29534;08;3;35;043;2019;06;07;3;3;0;7;0;1;0;0;0;0;0;513819,097825404260000;5279548,868036653800000;9,184080034000033;47,669183933000056;0
29539;08;3;26;005;2019;06;13;7;3;0;1;0;1;0;0;0;0;0;465925,646062674000000;5296464,804687401300000;8,544786918000057;47,820631700000035;0
29540;08;3;26;027;2019;06;19;7;3;1;7;0;1;1;0;0;0;0;462058,136483523060000;5307712,665610916900000;8,492133480000064;47,921612624000034;0
29542;08;3;25;045;2019;06;20;7;2;8;7;0;1;0;0;0;0;0;469537,154544001450000;5347565,993596045300000;8,589394579000043;48,280564052000045;0
29555;08;3;15;074;2019;06;10;7;3;0;7;0;1;1;0;0;0;0;398747,743000000720000;5295694,157000001500000;7,647682851000070;47,806634357000064;0
29569;08;4;15;061;2019;05;15;6;3;0;1;0;1;0;0;0;0;0;515014,116311565040000;5370152,047850109600000;9,203182810000044;48,484315090000052;0
29571;08;2;26;107;2019;06;17;7;3;8;7;0;1;0;0;0;0;0;475130,384240220300000;5484589,741440134100000;8,656438690000073;49,513422119000040;0
29576;08;4;15;061;2019;05;22;6;3;6;4;2;0;1;1;0;0;0;514306,469091109000000;5371181,991748360900000;9,193641705000061;48,493597350000073;0
29577;08;2;21;000;2019;06;12;7;3;5;2;0;1;1;0;0;0;0;477455,492883305070000;5474344,829041343200000;8,689141978000066;49,421362591000047;0
29585;08;4;15;059;2019;06;08;3;3;2;6;0;1;1;0;0;0;0;516330,334417215550000;5367217,478054288800000;9,220880163000061;48,457881766000071;0
29588;08;2;15;007;2019;06;13;7;3;5;3;0;1;1;0;0;0;0;478150,384397694840000;5431532,008163228600000;8,701056048000055;49,036280863000059;0
29602;08;1;27;014;2019;06;12;7;3;2;6;0;1;1;0;0;0;0;577349,316265668720000;5443720,147763999200000;10,060529754000072;49,141435576000049;0
29603;08;3;36;050;2019;05;19;6;3;3;6;0;1;1;0;0;0;0;400886,901000000540000;5276563,771999998000000;7,680598143000054;47,634885124000050;0
29605;08;1;28;058;2019;06;00;4;3;5;3;2;1;1;0;0;0;0;561021,583191364070000;5486491,927676552900000;9,843236747000049;49,527969348000056;0
29607;08;1;19;093;2019;06;19;7;3;3;6;0;1;0;0;0;0;0;524459,005397669040000;5406209,396326962900000;9,333126260000029;48,808391141000072;0
29608;08;3;27;017;2019;06;13;3;3;3;2;0;1;1;0;0;0;0;478614,850756552070000;5330515,278082469500000;8,712609349000047;48,127534757000035;0
29625;08;4;37;053;2019;05;17;6;3;5;2;0;1;1;0;0;0;0;527092,496000002140000;5314333,409000001800000;9,363064160000022;47,981730394000067;0
29627;08;3;35;079;2019;05;14;6;3;9;1;0;1;0;0;0;0;0;501126,093828190120000;5299756,317522853600000;9,015052751000042;47,851148445000035;0
29632;08;4;35;057;2019;05;13;6;3;5;3;0;1;1;0;0;0;0;543260,408088451250000;5279325,606986828100000;9,576223234000054;47,665875826000047;0
29633;08;4;35;035;2019;05;07;6;3;0;3;0;1;1;0;0;0;0;544740,005071756430000;5285381,677628640100000;9,596551317000035;47,720262737000041;0
29638;08;1;19;042;2019;06;09;1;3;5;3;0;1;1;0;0;0;0;527031,776996378790000;5416243,876680806300000;9,368828604000044;48,898551329000043;0
29651;08;3;15;113;2019;06;09;2;3;5;3;0;1;1;0;0;0;0;439430,372999999670000;5308194,716000000000000;8,189209862000041;47,924210607000077;1
29653;08;4;36;094;2019;06;21;7;3;6;6;0;1;0;1;0;0;0;567440,054999999700000;5281697,245000002900000;9,898625867000021;47,685143150000044;0
29655;08;4;36;012;2019;06;14;7;1;5;3;0;1;1;0;0;0;0;548269,754223692230000;5299444,835168547900000;9,645176849000052;47,846534086000077;0
29656;08;4;36;094;2019;06;16;7;3;5;3;0;1;1;0;0;0;0;566632,228947038760000;5287264,729048606000000;9,888714272000073;47,735315149000030;0
29663;08;4;15;080;2019;06;10;3;3;5;3;0;1;1;0;0;0;0;511096,466391214170000;5373644,578026050700000;9,150259151000057;48,515816560000076;0
29671;08;2;12;000;2019;06;00;1;2;5;2;2;1;1;0;0;0;0;455144,347663394180000;5428120,725075570900000;8,386681291000059;49,004351540000073;0
29673;08;3;17;001;2019;06;14;1;2;2;6;0;1;0;0;0;0;0;431550,245874201880000;5382940,991988431700000;8,071642927000028;48,595805985000027;0
29676;08;3;35;098;2019;06;19;7;3;0;1;0;1;0;0;0;0;0;504515,074883339930000;5295906,390896355700000;9,060313860000065;47,816494070000033;0
29678;08;3;35;063;2019;06;17;7;2;4;6;0;1;0;0;0;0;0;496146,865676764400000;5287224,299189314200000;8,948605597000039;47,738380958000050;0
29679;08;3;26;031;2019;06;14;7;3;5;3;0;1;1;0;0;0;0;458581,922063124370000;5332036,710151799000000;8,443252954000059;48,140233934000037;0
29694;08;3;15;064;2019;06;15;7;2;5;3;0;1;0;0;0;0;1;421400,590200622570000;5312929,380423773100000;7,947034218000056;47,964845143000048;0
29705;08;2;12;000;2019;06;15;1;3;0;7;0;1;0;0;0;0;0;459090,669077826660000;5428753,917734563400000;8,440573366000024;49,010321409000028;0
29715;08;4;37;076;2019;06;08;1;3;0;1;0;1;0;0;0;0;0;525670,273000000040000;5322553,428999999500000;9,344497786000034;48,055744532000062;0
29718;08;2;15;101;2019;06;16;7;3;1;6;0;1;1;0;0;0;0;466640,316879849880000;5425938,606828503300000;8,544040637000023;48,985451084000033;0
29723;08;1;27;014;2019;06;11;7;3;5;3;0;1;1;0;0;0;0;578185,893874160010000;5443998,159881254700000;10,072051842000064;49,143830052000055;0
29728;08;3;17;089;2019;06;11;2;2;5;2;0;1;1;0;0;0;0;431758,140999999830000;5375785,560000000500000;8,075635854000041;48,531464657000072;0
29729;08;1;19;079;2019;06;17;7;2;0;1;0;1;0;0;0;0;0;522845,833978735840000;5409201,537315214100000;9,311322235000034;48,835369131000050;0
29731;08;4;15;059;2019;06;17;1;3;0;1;0;1;0;0;0;0;0;516477,088067966510000;5369337,242697859200000;9,222948618000032;48,476948157000038;1
29734;08;3;35;002;2019;06;14;3;3;0;2;0;1;1;0;0;0;0;504331,049886702560000;5285101,001481665300000;9,057747876000065;47,719273323000039;0
29739;08;1;15;003;2019;06;14;7;3;6;7;0;0;1;1;0;0;0;501578,866657257080000;5391691,169060582300000;9,021448358000043;48,678264245000037;0
29743;08;1;11;000;2019;06;16;7;3;5;3;0;1;0;0;0;0;0;513416,111210017470000;5402554,457365196200000;9,182606247000024;48,775848211000039;0
29749;08;3;25;072;2019;06;21;1;2;6;7;2;0;1;1;0;0;0;472922,609116436910000;5331311,560635797700000;8,636063293000063;48,134482015000060;1
29750;08;4;36;081;2019;06;16;6;3;5;3;0;1;1;0;0;0;0;560222,709233276550000;5279808,348866341600000;9,802205886000024;47,668861932000027;0
29755;08;1;16;081;2019;06;06;3;3;0;1;0;1;0;0;0;0;0;517706,384025336240000;5385602,803915610500000;9,240273640000055;48,623243684000045;1
29756;08;4;35;057;2019;06;07;6;3;0;6;0;1;0;0;0;0;0;542436,382213194850000;5279467,276374951000000;9,565261631000055;47,667205060000072;0
29757;08;4;35;016;2019;06;09;6;3;2;7;0;1;0;0;0;0;0;536585,454000000840000;5281718,764000002300000;9,487517837000041;47,687820002000080;0
29759;08;4;35;016;2019;06;14;6;3;3;6;0;1;0;0;0;0;0;537164,085418165660000;5279163,122747838500000;9,495010539000077;47,664792958000078;0
29762;08;4;35;016;2019;06;09;6;3;6;6;0;1;0;1;0;0;0;536603,313652924260000;5281716,594529140700000;9,487755634000052;47,687799471000062;0
29776;08;3;35;075;2019;06;15;6;3;5;3;0;1;0;0;0;0;0;488633,768382116220000;5290097,518639206900000;8,848318517000053;47,764144259000034;0
29786;08;3;16;043;2019;06;16;6;2;5;3;0;1;1;0;0;0;0;409431,623358416370000;5329102,246340051300000;7,783304701000077;48,108740089000037;0
29788;08;3;15;047;2019;06;13;6;3;4;7;0;1;0;0;0;0;0;414986,380234139040000;5322560,985710766200000;7,859213206000050;48,050665407000054;0
29789;08;3;11;000;2019;06;15;6;3;0;7;0;1;0;0;0;0;1;414071,064101205210000;5315895,991120524700000;7,848269624000068;47,990588967000065;0
29802;08;3;36;079;2019;06;14;1;2;4;6;0;1;0;0;0;0;0;416687,557000001890000;5291688,837000003100000;7,888002859000039;47,773175657000081;1
29804;08;2;26;041;2019;06;14;6;3;4;6;0;1;0;0;0;0;0;475958,072589632120000;5464133,786819469200000;8,669112085000052;49,329458162000037;0
29805;08;4;17;029;2019;06;17;3;2;8;7;0;1;1;0;0;0;0;485678,192000000740000;5337553,269000003100000;8,807294461000026;48,191052913000078;0
29808;08;1;18;048;2019;06;16;3;3;5;3;0;1;1;0;0;0;0;514231,051871385430000;5415611,857133651200000;9,194151680000061;48,893292178000081;0
29817;08;2;15;029;2019;06;14;6;3;3;6;0;1;1;0;0;0;0;467270,382276048880000;5448242,667566983000000;8,550846152000077;49,186114428000053;0
29824;08;2;16;009;2019;06;16;6;1;5;3;0;1;0;0;1;0;0;445985,083711830900000;5421056,332152091000000;8,262393181000050;48,940074323000033;0
29829;08;4;21;000;2019;06;00;2;3;0;3;2;1;1;0;0;0;0;571371,637020773250000;5361245,746702848000000;9,964271125000039;48,400328308000041;0
29857;08;1;17;024;2019;06;18;6;3;5;3;0;1;1;0;0;0;0;560711,121048909610000;5386197,659725587800000;9,823889548000068;48,625898914000061;0
29859;08;1;16;049;2019;06;06;6;3;5;3;0;1;0;0;1;0;0;524466,428857443850000;5386136,190068723600000;9,332036779000021;48,627814155000067;0
29862;08;1;15;028;2019;06;18;6;3;0;7;0;1;0;0;0;0;0;501343,225194945930000;5403612,987037103600000;9,018286101000058;48,785513907000052;0
29868;08;1;11;000;2019;06;18;6;3;5;3;0;1;1;0;0;0;0;516569,486626463010000;5407315,670094259100000;9,225718504000042;48,818603445000065;0
29875;08;3;17;151;2019;06;13;2;3;0;7;0;1;0;0;0;0;0;412274,573000001720000;5368597,590000001700000;7,813285532000066;48,464391454000065;1
29878;08;4;15;060;2019;06;13;1;3;9;7;0;1;0;0;0;0;0;512773,365415308620000;5377469,760948123400000;9,173083479000070;48,550197207000053;0
29879;08;4;26;073;2019;06;16;5;3;8;1;0;1;0;0;0;0;0;563727,031815974040000;5336029,360041640700000;9,857196272000067;48,174307879000025;0
29883;08;3;37;128;2019;06;14;5;2;6;4;0;0;1;1;0;0;0;448539,651999999770000;5288343,512999998400000;8,313497466000058;47,746409486000061;0
29884;08;1;25;065;2019;06;15;3;3;5;3;0;1;1;0;0;0;0;516340,319576149810000;5447444,158322166700000;9,224211114000070;49,179587319000063;0
29899;08;3;17;065;2019;06;18;5;3;5;2;0;1;1;0;0;0;0;409218,874084207230000;5353826,135828198900000;7,775152946000048;48,331096036000076;0
29902;08;3;36;050;2019;06;06;5;2;3;6;0;1;1;0;0;0;0;399795,095486066300000;5274637,214290365600000;7,666508894000060;47,617387039000050;1
29911;08;2;22;000;2019;06;14;5;3;5;3;0;1;1;0;0;0;0;464701,139331270940000;5481912,868788978100000;8,512607767000077;49,488827457000070;0