OBJECTID;ULAND;UREGBEZ;UKREIS;UGEMEINDE;UJAHR;UMONAT;USTUNDE;UWOCHENTAG;UKATEGORIE;UART;UTYP1;ULICHTVERH;IstRad;IstPKW;IstFuss;IstKrad;IstGkfz;IstSonstige;LINREFX;LINREFY;XGCSWGS84;YGCSWGS84;STRZUSTAND
30789;08;1;18;073;2019;06;13;4;3;3;2;0;1;1;0;0;0;0;498412,639000002290000;5421902,661000002200000;8,978319375000069;48,950044005000052;0
30793;08;1;18;079;2019;06;10;4;3;5;3;0;1;1;0;0;0;0;509431,522485332560000;5421488,251910043900000;9,128808640000045;48,946246226000028;0
30795;08;1;17;015;2019;06;21;3;2;0;1;1;1;0;0;0;0;0;560098,037431088280000;5392745,186922129200000;9,816521096000031;48,684854727000072;0
30798;08;1;17;026;2019;06;17;4;3;5;2;0;1;1;0;0;0;0;547187,662495295520000;5395020,140956712900000;9,641387428000030;48,706428772000038;0
30800;08;4;36;055;2019;06;11;2;3;3;6;0;1;1;0;0;0;0;576458,848367978820000;5297505,654057806400000;10,021561174000055;47,826353892000043;0
30802;08;1;15;022;2019;06;15;4;3;6;2;0;0;1;1;0;0;0;497910,045592091980000;5385824,081514785100000;8,971638310000060;48,625481477000051;0
30804;08;1;15;003;2019;06;07;4;2;5;3;0;1;1;0;0;0;0;501166,512000001040000;5392879,332000000400000;9,015850016000059;48,688953999000034;0
30807;08;1;11;000;2019;06;10;4;3;6;7;0;1;0;1;0;0;0;513699,686835544180000;5402314,815782727700000;9,186457981000046;48,773686234000081;0
30813;08;4;15;061;2019;06;07;2;3;1;6;0;1;1;0;0;0;0;516779,148800334890000;5379048,848688744000000;9,227426491000074;48,564308667000034;0
30817;08;2;21;000;2019;06;10;2;3;4;2;0;1;1;0;0;0;0;476556,165060500610000;5472854,116070630000000;8,676829724000072;49,407919891000063;0
30819;08;1;15;045;2019;07;15;2;3;3;6;0;1;1;0;0;0;0;502379,163441687820000;5394895,559193681900000;9,032338568000057;48,707088713000076;0
30820;08;4;35;067;2019;06;06;6;3;4;6;0;1;0;0;0;0;0;528933,547060395590000;5293804,907144522300000;9,386359187000039;47,796951630000081;0
30823;08;4;26;021;2019;06;23;6;3;0;1;2;1;0;0;0;0;0;557430,214234171440000;5327293,340339245300000;9,771327737000036;48,096317647000035;0
30824;08;4;25;033;2019;06;13;6;2;5;3;0;1;0;0;0;0;1;553181,280314612200000;5347468,668811826000000;9,716792936000047;48,278187580000065;0
30825;08;4;25;081;2019;06;07;6;2;5;3;0;1;1;0;0;0;0;548018,183999234810000;5342717,836176436400000;9,646668831000056;48,235860779000063;0
30830;08;2;12;000;2019;06;22;7;3;8;7;2;1;0;0;0;0;0;455709,900303728880000;5428131,162064945300000;8,394412592000037;49,004486265000025;0
30831;08;4;26;108;2019;06;11;6;2;6;7;0;0;1;1;0;0;0;572449,551192883400000;5336902,498225990700000;9,974655746000053;48,181227577000072;0
30838;08;2;12;000;2019;06;09;1;3;0;7;0;1;0;0;0;0;0;455226,053389788610000;5429028,616491997600000;8,387698268000065;49,012524037000048;0
30849;08;1;35;027;2019;07;18;2;2;5;3;0;1;1;0;0;0;0;591045,416000001130000;5377195,348000003000000;10,233490562000043;48,541250582000032;0
30853;08;4;36;081;2019;06;09;1;3;0;6;0;1;1;0;0;0;0;561965,407797617840000;5278447,215233095000000;9,825224294000066;47,656451464000043;0
30857;08;3;15;070;2019;06;07;6;3;1;3;0;1;0;0;1;0;0;450160,866000001320000;5303734,218000000300000;8,333353487000068;47,885004971000058;0
30861;08;3;15;131;2019;06;07;6;3;5;3;0;1;1;0;0;0;0;405502,693430067970000;5308676,530979277600000;7,735039374000053;47,924440775000051;0
30862;08;4;17;002;2019;06;07;3;3;5;3;0;1;1;0;0;0;0;491872,288999999870000;5343228,529000002900000;8,890529452000067;48,242221757000038;0
30867;08;1;19;089;2019;06;17;7;2;2;2;0;1;0;0;0;0;0;535263,036351492630000;5411996,767789028600000;9,480768099000045;48,859932645000072;0
30872;08;2;15;047;2019;06;18;6;2;5;3;0;1;1;0;0;0;0;460128,470275226050000;5413844,092773795100000;8,456223518000058;48,876271011000028;0
30873;08;4;26;028;2019;06;11;1;2;4;2;0;1;1;0;0;0;0;569509,827662218360000;5343123,227802975100000;9,936132970000074;48,237515608000081;0
30879;08;1;16;073;2019;06;21;7;3;5;3;0;1;1;0;0;0;0;520553,959000000730000;5389828,455000000100000;9,279124144000036;48,661170848000040;0
30883;08;1;18;070;2019;07;19;2;3;5;3;0;1;1;0;0;0;0;520194,198000000790000;5423857,134000001500000;9,275913361000050;48,967297910000070;0
30887;08;2;36;013;2019;06;18;6;3;0;7;0;1;0;0;0;0;0;475378,444614551960000;5408760,567405428700000;8,664506755000048;48,831334406000053;0
30888;08;2;25;033;2019;06;12;6;3;0;1;0;1;0;0;0;0;0;509740,732583771460000;5458940,219717234400000;9,133935536000024;49,283137331000034;0
30889;08;2;16;041;2019;06;10;6;3;2;2;0;1;1;0;0;0;0;434491,058000001130000;5390942,673999998700000;8,110258189000035;48,668096597000044;0
30893;08;2;16;043;2019;06;07;6;3;5;2;0;1;1;0;0;0;0;442432,947999999860000;5411959,512000002000000;8,215173390000075;48,857928707000042;0
30897;08;1;16;049;2019;06;16;7;3;0;1;0;1;0;0;0;0;0;525794,834192166100000;5388101,808666238600000;9,350186747000066;48,645443514000078;0
30913;08;2;16;007;2019;06;12;7;2;5;3;0;1;1;0;0;0;0;435022,778715142050000;5399101,364187298300000;8,116194944000029;48,741539641000031;0
30915;08;1;11;000;2019;07;16;2;3;6;6;0;1;0;1;0;0;0;514901,390408092180000;5395391,076993865900000;9,202563072000032;48,711372909000033;0
30919;08;2;15;009;2019;06;17;7;3;0;7;0;0;0;1;0;0;1;470956,691725839860000;5442229,854873407600000;8,601866381000036;49,132213935000038;0
30927;08;1;19;061;2019;06;17;6;3;0;7;0;1;0;1;0;0;0;540047,827999999750000;5415777,102000000000000;9,546370157000069;48,893647815000065;0
30931;08;1;19;020;2019;06;19;6;3;0;3;0;1;0;0;0;0;0;519325,489936033260000;5408948,607882274300000;9,263338843000042;48,833213394000040;0
30937;08;2;35;050;2019;06;12;1;3;0;7;0;1;0;0;0;0;0;468697,612748404960000;5392665,749184029200000;8,574700174000043;48,686248658000068;0
30944;08;1;11;000;2019;06;09;6;2;5;2;0;1;1;0;0;0;0;512707,952999999750000;5399707,824000002800000;9,172879663000060;48,750254916000074;0
30946;08;1;11;000;2019;06;09;6;3;5;2;0;1;1;0;0;0;0;513297,965619617140000;5402410,566258652100000;9,180993526000066;48,774556314000051;0
30976;08;4;35;016;2019;06;14;7;2;3;6;0;1;0;0;0;0;0;531476,068000001830000;5279582,897000001700000;9,419280983000022;47,668871706000061;0
30981;08;1;16;019;2019;07;17;2;3;2;6;0;1;0;0;0;0;1;523081,331084120090000;5398692,856459952900000;9,313941053000065;48,740826289000040;0
30991;08;3;11;000;2019;06;16;5;3;0;6;0;1;0;0;0;0;0;407290,071803456170000;5316865,412333821900000;7,757193942000072;47,998361864000060;0
30993;08;3;36;050;2019;06;18;5;3;5;2;0;1;1;0;0;0;0;399032,731578026900000;5275667,553887793800000;7,656128947000070;47,626536894000026;0
30994;08;4;16;036;2019;06;23;7;1;6;4;2;0;1;1;0;0;0;495549,410965002140000;5368235,772298771900000;8,939791357000047;48,467239017000054;0
31000;08;1;11;000;2019;07;07;2;3;6;4;0;0;1;1;0;0;0;516198,748611532150000;5398550,011002300300000;9,220322769000063;48,739758264000045;0
31002;08;2;12;000;2019;06;12;5;3;6;4;0;0;1;1;0;0;0;455131,421533006240000;5427995,688103359200000;8,386518377000073;49,003225881000049;0
31015;08;4;35;016;2019;06;17;1;3;5;2;0;1;1;0;0;0;0;530631,807993155900000;5279722,940305210600000;9,408045030000039;47,670172287000071;0
31022;08;2;11;000;2019;06;21;5;3;0;1;0;1;0;0;0;0;0;439225,855040710420000;5397249,660973344000000;8,173630819000039;48,725307648000069;0
31036;08;1;15;028;2019;06;08;5;2;5;2;0;1;1;0;0;0;0;499700,053000000310000;5401197,931000001700000;8,995918410000058;48,763789514000052;0
31038;08;1;15;013;2019;06;08;5;2;6;4;0;0;1;1;0;0;0;495930,788236739110000;5389173,028021169800000;8,944745947000058;48,655599443000028;0
31039;08;1;36;088;2019;06;10;5;3;0;1;0;1;0;0;0;0;0;576909,761000000870000;5414552,672000000300000;10,048977890000060;48,879156071000068;0
31042;08;1;15;046;2019;06;11;7;2;0;7;0;1;0;0;0;0;0;507515,872470822190000;5390083,407906044300000;9,102071231000025;48,663757389000068;0
31043;08;1;35;016;2019;06;07;5;3;0;7;0;1;1;0;0;0;0;591673,180892367850000;5385779,618623565900000;10,243886670000052;48,618367428000056;0
31050;08;1;27;100;2019;06;17;5;3;0;1;0;1;0;0;0;0;0;553845,803861143070000;5438008,491425840200000;9,737547139000071;49,092571146000068;0
31054;08;3;35;075;2019;06;15;1;3;0;1;0;1;0;0;0;0;0;488204,683052620850000;5287672,106457864900000;8,842658225000037;47,742313801000080;0
31056;08;1;27;014;2019;06;15;5;2;5;3;0;1;1;0;0;0;0;577277,729166786190000;5443745,897747013700000;10,059553343000061;49,141676178000068;0
31061;08;1;19;008;2019;06;13;5;3;8;1;0;1;0;0;0;0;0;529557,506870947780000;5420110,526472479100000;9,403569557000026;48,933218513000043;0
31086;08;4;35;036;2019;06;19;4;3;1;5;0;1;0;0;1;0;0;518167,040570767600000;5284044,252869645100000;9,242184377000058;47,709524054000042;0
31088;08;4;35;059;2019;06;13;4;3;0;7;0;1;0;0;0;0;0;514378,697655796070000;5291437,333159113300000;9,191926749000061;47,776139072000035;0
31093;08;3;15;022;2019;06;17;1;3;0;6;0;1;0;0;0;0;0;398065,104940813030000;5300278,112957345300000;7,637489355000071;47,847758892000058;0
31094;08;4;37;088;2019;06;18;4;2;5;3;0;1;0;0;0;0;1;518199,856971278790000;5308480,443780507900000;9,243648378000046;47,929385082000067;0
31099;08;1;35;019;2019;07;07;2;3;6;4;0;0;1;1;0;0;0;586555,847435509790000;5391008,377517219600000;10,175559275000069;48,666125301000079;0
31102;08;4;25;066;2019;06;18;4;3;2;3;0;1;1;0;0;0;0;578465,254142109300000;5346602,309156408500000;10,057366371000057;48,267765735000069;0
31105;08;4;15;080;2019;06;09;4;3;0;1;0;1;0;0;0;0;0;510835,071520753200000;5374152,885209586500000;9,146732777000068;48,520394031000080;0
31106;08;2;35;047;2019;06;18;1;3;8;1;0;1;0;0;0;0;0;479453,924733448770000;5391482,903037363700000;8,720900736000033;48,676054571000066;0
31119;08;3;35;066;2019;06;22;4;2;6;6;2;1;0;1;0;0;0;507146,226824114100000;5281540,861626016000000;9,095225525000046;47,687215431000027;0
31120;08;1;25;094;2019;06;09;7;3;3;6;0;1;1;0;0;0;0;514301,608479695390000;5436793,763565518000000;9,195859674000076;49,083834131000060;0
31123;08;3;26;074;2019;06;12;4;3;0;7;0;1;0;0;0;0;0;465633,474317487330000;5325097,306002920500000;8,538596486000074;48,078222091000043;0
31128;08;1;11;000;2019;06;13;7;3;5;3;0;1;1;0;0;0;0;514390,138579960910000;5406012,638752646700000;9,195984748000058;48,806935867000050;0
31131;08;3;17;114;2019;06;16;4;2;2;6;0;1;0;0;0;0;0;405451,982000521380000;5346630,968622710600000;7,725953256000025;48,265826826000080;0
31135;08;3;25;072;2019;06;08;1;3;5;2;0;1;1;0;0;0;0;470645,486937363630000;5328995,061483517300000;8,605617673000040;48,113539999000068;0
31137;08;3;11;000;2019;06;14;4;3;1;5;0;1;1;0;0;0;0;414229,720009383750000;5315873,317247571400000;7,850400222000076;47,990406306000068;0
31141;08;2;12;000;2019;06;08;4;3;5;3;0;1;1;0;0;0;0;456364,118214099670000;5426317,402671152700000;8,403552159000071;48,988217856000063;0
31146;08;2;35;046;2019;06;16;4;3;4;2;0;1;1;0;0;0;0;478092,963395819070000;5382123,593032067600000;8,702908353000055;48,591811296000060;0
31147;08;1;11;000;2019;06;20;7;3;5;2;0;1;1;0;0;0;0;516176,151404180560000;5405682,039132015800000;9,220295929000031;48,803917919000071;0
31158;08;2;26;003;2019;06;07;4;3;9;7;0;1;0;0;0;0;0;460430,613290257750000;5462924,012193521500000;8,455536539000036;49,317767264000054;0
31160;08;4;15;093;2019;06;22;7;2;8;7;2;1;0;0;0;0;0;527338,423325498590000;5365087,071526920400000;9,369631226000024;48,438333939000074;0
31163;08;2;26;012;2019;06;08;4;3;3;2;0;1;1;0;0;0;0;476082,552697076460000;5477328,704571863600000;8,670031326000071;49,448149477000072;0
31169;08;2;15;007;2019;06;17;4;3;5;6;0;1;1;0;0;0;0;478133,544344392610000;5431550,958303509300000;8,700824625000053;49,036450731000059;0
31172;08;2;15;064;2019;06;19;7;3;5;3;0;1;1;0;0;0;0;479063,196063843560000;5451829,560612099200000;8,712491122000074;49,218895187000044;0
31176;08;2;11;000;2019;06;13;4;2;0;7;0;1;0;0;0;0;0;444425,147172234020000;5394604,463999472600000;8,244677139000032;48,701998657000047;0
31179;08;1;15;050;2019;06;21;4;2;0;2;1;1;1;0;0;0;0;488938,187000000850000;5401820,406000001400000;8,849457644000040;48,769291042000077;0
31188;08;1;26;046;2019;06;15;4;3;0;7;0;1;0;0;0;0;0;550133,159844077190000;5458916,924836441900000;9,689305197000067;49,280949401000044;0
31190;08;4;35;016;2019;06;11;1;3;3;6;0;1;0;0;0;0;0;531650,555091369900000;5279527,161681605500000;9,421601158000044;47,668361713000081;0
31197;08;3;35;043;2019;06;10;3;2;5;2;0;1;1;0;0;0;0;509808,709204402750000;5288210,803204992800000;9,130853959000035;47,747194031000049;0
31199;08;1;21;000;2019;06;15;4;3;4;2;0;1;1;0;0;0;0;516367,384454214950000;5444808,090527808300000;9,224475257000051;49,155874417000064;0
31202;08;4;36;083;2019;06;15;3;2;5;3;0;1;1;0;0;0;0;532538,008102720600000;5301452,252525856700000;9,435064094000040;47,865584190000050;0
31205;08;3;27;036;2019;06;19;3;3;5;3;0;1;0;0;1;0;0;491516,924138033760000;5319722,487510440900000;8,886211382000056;48,030734310000071;0
31206;08;1;36;044;2019;06;16;1;3;0;6;0;1;0;0;0;0;1;557330,714346162970000;5410518,250688448500000;9,781403091000072;48,844986431000052;0
31216;08;1;16;080;2019;06;09;4;1;6;4;0;0;0;1;0;1;0;522009,671782908960000;5395725,386733003000000;9,299206661000028;48,714169954000056;0
31218;08;1;15;045;2019;06;16;4;3;0;2;0;1;1;0;0;0;0;500170,562000001780000;5395827,815000001300000;9,002318734000028;48,715479866000067;0
31220;08;1;15;042;2019;06;21;4;2;2;6;2;1;0;0;0;0;0;496107,485330689700000;5407164,810247900000000;8,946975289000022;48,817455108000047;0
31222;08;4;36;064;2019;06;12;6;3;5;3;0;1;1;0;0;0;0;545257,205460716040000;5292291,973554562800000;9,604166324000062;47,782399158000032;0
31223;08;1;15;042;2019;06;07;4;3;5;3;0;1;1;0;0;0;0;495086,153337950820000;5407431,188929269100000;8,933059293000042;48,819844184000033;0
31226;08;1;21;000;2019;06;17;1;3;0;7;0;1;1;0;0;0;0;515335,662739287130000;5441785,996701315000000;9,210210501000063;49,128716316000066;0
31227;08;4;35;052;2019;06;09;6;3;0;1;0;1;0;0;0;0;0;521554,123910226860000;5289809,503047930100000;9,287622482000074;47,761292664000052;0
31229;08;1;11;000;2019;06;16;4;2;6;4;0;0;1;1;0;0;0;508019,159462029110000;5397092,376222591800000;9,109042322000050;48,726804357000049;0
31231;08;1;11;000;2019;06;07;4;3;5;2;0;1;1;0;0;0;0;515365,697587564590000;5396559,563796643200000;9,208918143000062;48,721873349000077;0
31236;08;3;35;098;2019;06;19;1;3;9;1;0;1;0;0;0;0;0;501908,378344383090000;5294725,861909560900000;9,025487556000030;47,805885293000074;0
31237;08;4;35;035;2019;06;06;3;3;5;3;0;1;1;0;0;0;0;542808,761162794200000;5283435,243138678400000;9,570610770000030;47,702881254000033;0
31241;08;4;35;016;2019;06;07;7;3;4;6;0;1;0;0;0;0;0;532364,060187882740000;5279034,148650679700000;9,431068602000039;47,663890533000028;0
31252;08;3;35;043;2019;07;09;5;3;0;7;0;1;0;0;0;0;0;513821,379798837010000;5279549,774988055200000;9,184110460000056;47,669192044000056;0
31256;08;3;27;046;2019;07;07;5;3;5;3;0;1;1;0;0;0;0;480022,689000000250000;5325593,964999998000000;8,731759257000022;48,083303835000038;0
31257;08;2;26;054;2019;07;17;6;3;4;2;0;1;1;0;0;0;0;478052,439909164790000;5455163,027730690300000;8,698428909000029;49,248844762000033;0
31274;08;3;15;098;2019;07;23;5;3;5;3;2;1;1;0;0;0;0;406771,808000000190000;5312150,862000001600000;7,751271313000075;47,955878730000052;0
31275;08;1;27;014;2019;07;06;6;3;5;3;0;1;1;0;0;0;0;578397,751124436970000;5442784,995485963300000;10,074720243000058;49,132892071000072;0
31289;08;1;28;115;2019;07;10;2;3;6;2;0;0;1;1;0;0;0;548081,505302569830000;5496965,872496467100000;9,665716734000057;49,623338073000070;0
31296;08;2;15;066;2019;07;17;5;3;0;7;0;1;0;0;0;0;0;461499,512352598830000;5451508,446063488700000;8,471341812000048;49,215154709000046;0
31303;08;3;17;096;2019;07;09;7;3;7;7;0;1;0;0;0;0;0;422158,191748060290000;5370433,300882147600000;7,946620386000063;48,482204382000077;0
31304;08;1;15;028;2019;07;09;5;2;6;6;0;0;0;1;0;0;1;500984,100751793940000;5406147,252786239600000;9,013403204000042;48,808312668000042;0
31307;08;1;18;070;2019;07;12;2;3;5;3;0;1;1;0;0;0;0;520197,142584441230000;5423852,086529307100000;9,275953342000037;48,967252409000025;0
31308;08;1;36;065;2019;07;14;5;3;5;3;0;1;1;0;0;0;0;561653,743716684170000;5403769,751986831400000;9,839304527000024;48,783869712000069;0
31310;08;1;36;065;2019;07;19;5;2;4;2;0;1;1;0;0;0;0;559227,603504606520000;5406029,043327856800000;9,806606234000071;48,804427902000043;0
31315;08;1;18;071;2019;07;17;7;3;5;2;0;1;1;0;0;0;0;508365,121000000280000;5418815,589000001500000;9,114189715000066;48,922219092000034;0
31320;08;1;18;048;2019;07;18;3;3;5;3;0;1;1;0;0;0;0;516051,746343938630000;5414166,695450436300000;9,218934148000074;48,880247403000055;0
31339;08;1;17;038;2019;07;07;1;2;7;7;0;1;0;0;0;0;1;547318,001964618450000;5397759,103355728100000;9,643473112000038;48,731057205000070;0
31341;08;1;15;003;2019;07;07;6;3;5;2;0;1;1;0;0;0;0;500296,403197449630000;5393295,702013801800000;9,004027686000029;48,692700726000055;0
31342;08;1;19;091;2019;07;12;5;3;6;4;0;0;1;1;0;0;0;528381,016464334910000;5407357,658596800600000;9,386621421000029;48,818553828000063;0
31343;08;2;15;106;2019;07;20;2;3;0;1;0;1;0;0;0;0;0;470034,163631021050000;5453220,414010301200000;8,588401377000025;49,231030816000043;0
31350;08;4;35;016;2019;07;11;5;3;4;1;0;1;0;0;0;0;1;537135,759306440130000;5279329,533052427700000;9,494647407000059;47,666291841000032;0
31355;08;1;15;042;2019;07;12;5;2;5;3;0;1;0;0;0;1;0;494656,993809616190000;5406555,478193409700000;8,927224316000036;48,811962836000077;0
31363;08;4;21;000;2019;07;17;2;3;5;3;0;1;1;0;0;0;0;573720,552398266270000;5361948,258604841300000;9,996124785000063;48,406377221000071;0
31369;08;1;36;010;2019;07;20;2;3;8;1;0;0;0;1;0;0;1;598750,051215067510000;5412966,041207693500000;10,346399706000057;48,861792896000054;0
31370;08;1;16;056;2019;07;07;5;3;5;6;0;1;1;0;0;0;0;529512,450363396670000;5396358,267095336700000;9,401244879000046;48,719553249000057;0
31376;08;1;16;077;2019;07;08;5;3;5;3;0;1;1;0;0;0;0;516568,038990177210000;5391771,520439811100000;9,225073406000035;48,678769231000047;0
31380;08;1;11;000;2019;07;15;5;3;5;3;0;1;1;0;0;0;0;512510,568809549320000;5406552,258062683000000;9,170402751000040;48,811830895000071;0
31381;08;4;16;036;2019;07;08;6;3;8;1;0;1;0;0;0;0;0;495030,009877134110000;5368821,618938649100000;8,932757816000049;48,472505662000060;0
31383;08;2;12;000;2019;07;10;1;3;6;7;0;1;0;1;0;0;0;455710,587701517160000;5428140,975005868800000;8,394420920000073;49,004574583000078;0
31385;08;1;36;088;2019;07;00;6;3;0;1;2;1;0;0;0;0;0;580785,457398810420000;5412122,015003034800000;10,101348886000039;48,856801415000064;0
31392;08;1;27;025;2019;07;17;2;3;6;7;0;0;0;1;0;0;1;556261,770956690420000;5428768,469040935900000;9,769352973000025;49,009243530000049;0
31396;08;4;25;081;2019;07;13;1;2;0;1;0;1;0;0;0;0;0;547852,548377471040000;5342441,553154040100000;9,644407123000065;48,233387791000041;0
31401;08;4;25;039;2019;07;12;4;2;5;7;0;1;0;0;0;1;0;567568,533080860040000;5353553,597164005000000;9,911660154000060;48,331552926000029;0
31418;08;1;16;008;2019;07;00;7;3;0;7;2;1;0;0;0;0;0;519190,293535474690000;5380220,031052826000000;9,260161134000043;48,574775670000065;0
31422;08;3;17;065;2019;07;07;6;3;5;3;0;1;1;0;0;0;0;413618,998993712480000;5351386,112182304300000;7,835007623000024;48,309765263000031;0
31427;08;1;18;048;2019;07;16;6;3;5;3;0;1;1;0;0;0;0;515410,085905559360000;5414508,789703020800000;9,210195324000040;48,883341078000058;0
31438;08;3;25;045;2019;07;16;4;3;5;3;0;1;1;0;0;0;0;468878,309997463600000;5349262,338591754400000;8,580389326000045;48,295793157000048;0
31442;08;3;25;012;2019;07;19;4;2;6;2;0;0;1;1;0;0;0;463393,925572876820000;5355377,971494991300000;8,505915469000058;48,350517947000071;0
31443;08;3;26;074;2019;07;17;1;3;5;3;0;1;1;0;0;0;0;465455,092361214570000;5324019,086892882400000;8,536288784000021;48,068511953000041;0
31447;08;3;17;031;2019;07;18;4;3;5;3;0;1;1;0;0;0;0;416533,681364850140000;5358136,664686307300000;7,872971105000033;48,370877295000071;0
31457;08;3;15;059;2019;07;14;4;3;5;3;0;1;1;0;0;0;0;395069,942556194960000;5323160,693342298300000;7,591885719000061;48,053095507000080;0
31458;08;4;26;117;2019;07;13;6;3;3;6;0;1;1;0;0;0;0;583947,119485232050000;5319239,895697711000000;10,125827369000035;48,020932095000035;0
31464;08;3;11;000;2019;07;15;4;3;5;2;0;1;1;0;0;0;0;413149,138000001200000;5315402,532999999800000;7,836015236000037;47,986025593000079;0
31470;08;2;36;004;2019;07;12;6;2;5;3;0;1;1;0;0;0;0;473149,450458387840000;5413157,930742392300000;8,633846776000041;48,870799234000060;0
31480;08;2;22;000;2019;07;19;4;3;2;6;0;1;0;0;0;0;0;461196,159602319820000;5481397,469617374200000;8,464265154000032;49,483977704000040;0
31482;08;2;22;000;2019;07;12;4;3;6;4;0;1;0;1;0;0;0;462730,452895708380000;5482506,023343799600000;8,485342527000057;49,494044737000081;0
31485;08;2;22;000;2019;07;17;4;3;5;3;0;1;0;0;0;0;1;462028,553475751540000;5481645,693512501200000;8,475733026000057;49,486262999000076;0
31493;08;2;16;043;2019;07;17;4;3;5;2;0;1;1;0;0;0;0;441624,093908322980000;5411636,539350146400000;8,204193230000044;48,854947993000053;0
31496;08;1;18;081;2019;07;12;7;3;5;3;0;1;1;0;0;0;0;520663,355900362130000;5413599,484497699900000;9,281803778000040;48,875008371000035;0
31500;08;1;35;019;2019;07;16;2;2;0;1;0;1;0;0;0;0;0;591336,819658325990000;5393218,947652591400000;10,240964930000075;48,685326343000042;0
31507;08;1;28;131;2019;07;15;4;3;4;6;0;1;0;0;0;0;0;537755,879999999890000;5512097,463000003200000;9,524221253000064;49,760167784000032;0
31508;08;1;28;115;2019;07;16;4;3;3;6;0;1;1;0;0;0;0;548229,176000000910000;5496986,296000000100000;9,667763686000058;49,623509988000080;0
31513;08;3;25;049;2019;07;10;2;3;2;4;0;0;1;1;0;0;0;472283,908727463330000;5335013,602302379900000;8,627237816000047;48,167760889000078;0
31514;08;1;27;076;2019;07;15;4;3;5;3;0;1;1;0;0;0;0;551983,900932496410000;5439052,294221838900000;9,712180342000067;49,102120033000062;0
31518;08;1;18;076;2019;07;19;2;3;3;2;1;1;0;0;0;0;0;501032,303000000310000;5427616,393000003000000;9,014113990000055;49,001443939000069;0
31522;08;3;35;001;2019;07;13;1;3;5;3;0;1;1;0;0;0;0;488772,557000000960000;5298864,576000001300000;8,849943632000077;47,843027990000053;0
31528;08;1;19;084;2019;07;11;4;3;0;4;0;0;0;1;1;0;0;546662,775324175130000;5413971,533271104100000;9,636405950000039;48,876943419000042;0
31532;08;3;17;041;2019;07;07;6;3;0;7;0;1;0;0;0;0;0;441409,932345044800000;5347899,249985238500000;8,210252995000076;48,281583573000034;0
31533;08;1;19;067;2019;07;07;4;3;6;4;0;0;1;1;0;0;0;538974,267001004890000;5405666,316185908400000;9,530762150000044;48,802765032000082;0
31535;08;1;18;021;2019;07;16;4;3;3;1;0;1;1;0;0;0;0;521245,521092864680000;5427698,009913928800000;9,290478146000055;49,001813357000060;0
31552;08;1;16;019;2019;07;23;4;3;6;4;2;0;1;1;0;0;0;524796,509829062970000;5396127,132863486200000;9,337115348000054;48,717679418000046;0
31561;08;4;21;000;2019;07;16;6;3;1;5;0;1;1;0;0;0;0;573641,592972055080000;5361920,797844871900000;9,995053220000045;48,406139437000036;0
31574;08;4;35;034;2019;07;18;3;3;2;2;0;1;0;0;0;0;0;530400,131000000050000;5286327,852000003700000;9,405419413000061;47,729610482000055;0
31578;08;4;35;016;2019;07;18;3;3;0;1;0;1;0;0;0;0;0;536058,568424693310000;5280413,213055396500000;9,480389250000030;47,676103089000037;0
31580;08;4;35;057;2019;07;07;3;3;5;2;0;1;1;0;0;0;0;544111,860524609680000;5279728,305804811400000;9,587604530000021;47,669441488000075;0
31586;08;4;16;031;2019;07;20;3;3;0;1;0;1;0;0;0;0;0;502427,901126793590000;5362963,064361002300000;9,032814669000061;48,419814223000060;0
31592;08;4;15;090;2019;07;09;3;3;5;3;0;1;0;0;0;1;0;524418,736797308550000;5352678,869760591500000;9,329434970000023;48,326824365000050;0
31601;08;3;36;050;2019;07;19;3;3;3;6;0;1;0;0;0;0;1;399356,426615361120000;5274883,960173338700000;7,660616192000020;47,619538601000045;0
31605;08;3;35;075;2019;07;07;3;3;5;3;0;1;1;0;0;0;0;488575,450723517690000;5290029,304943269100000;8,847542069000042;47,763529473000062;0
31606;08;1;25;013;2019;07;17;7;2;2;2;0;1;1;0;0;0;0;506276,889000002290000;5435805,747000005100000;9,085946496000076;49,075080602000071;0
31616;08;3;11;000;2019;07;17;2;3;0;1;0;1;0;0;0;0;0;414582,357457478530000;5315948,758734576400000;7,855110716000070;47,991132133000065;0
31618;08;3;17;151;2019;07;00;7;3;8;7;2;1;0;0;0;0;0;412155,720605352890000;5365259,636765066500000;7,812378491000061;48,434351498000069;0
31627;08;3;15;094;2019;07;12;3;2;9;1;0;1;0;0;0;0;0;434817,641513344830000;5315744,228140195800000;8,126326239000036;47,991675082000029;0
31630;08;3;37;096;2019;07;23;1;2;9;1;2;0;1;1;0;0;0;419518,304000000470000;5267334,776000002400000;7,930264753000074;47,554442924000057;0
31631;08;2;12;000;2019;07;08;3;3;5;2;0;1;1;0;0;0;0;454260,511083130720000;5428261,529045714100000;8,374581334000027;49,005553215000077;0
31632;08;3;17;059;2019;07;00;6;2;6;6;2;1;0;1;0;0;0;413560,522815265690000;5351304,643722191500000;7,834235836000062;48,309024477000037;0
31643;08;1;15;013;2019;07;15;2;3;7;1;0;1;0;0;0;0;0;497021,800137243230000;5390196,355152007200000;8,959552953000070;48,664811598000028;0