OBJECTID;ULAND;UREGBEZ;UKREIS;UGEMEINDE;UJAHR;UMONAT;USTUNDE;UWOCHENTAG;UKATEGORIE;UART;UTYP1;ULICHTVERH;IstRad;IstPKW;IstFuss;IstKrad;IstGkfz;IstSonstige;LINREFX;LINREFY;XGCSWGS84;YGCSWGS84;STRZUSTAND
31644;08;2;31;000;2019;07;21;3;3;0;7;0;1;1;0;0;0;0;475913,418445756660000;5414700,482602853300000;8,671446661000061;48,884789031000025;0
31656;08;3;11;000;2019;07;10;6;3;5;3;0;1;1;0;0;0;0;404199,204000000840000;5317151,355000002300000;7,715706638000029;48,000478204000046;0
31657;08;1;16;019;2019;07;14;3;3;6;2;0;0;1;1;0;0;0;524382,301638701930000;5397459,841960839900000;9,331562971000039;48,729684672000076;0
31670;08;1;16;049;2019;07;13;2;3;5;3;0;1;1;0;0;0;0;525652,967447195200000;5384614,277632569900000;9,348044989000073;48,614075416000048;0
31689;08;3;11;000;2019;07;10;2;3;3;6;0;1;1;0;0;0;0;414055,778977472340000;5315730,456900369400000;7,848097937000034;47,989097869000034;0
31692;08;2;12;000;2019;07;08;2;3;5;3;0;1;1;0;0;0;0;452089,873059405010000;5427816,608150905000000;8,344955605000052;49,001386455000045;0
31695;08;1;21;000;2019;07;16;3;3;7;7;0;1;0;0;0;0;0;516776,805264055730000;5443585,472729280600000;9,230039406000060;49,144865541000058;0
31702;08;1;19;061;2019;07;10;3;2;6;7;0;0;0;1;0;1;0;538483,391942932270000;5414888,258672755200000;9,524943896000025;48,885751448000065;0
31705;08;1;18;046;2019;07;17;3;3;5;2;0;1;1;0;0;0;0;513626,306314813900000;5412483,511089500000000;9,185797031000050;48,865163928000072;0
31712;08;1;19;079;2019;07;18;7;2;6;4;0;0;1;1;0;0;0;521803,007772941140000;5407598,143715065000000;9,297026491000054;48,820982877000063;0
31713;08;1;16;056;2019;07;19;3;3;0;7;0;1;1;0;0;0;0;530106,730536937710000;5396260,742278387800000;9,409317252000051;48,718647514000054;0
31717;08;3;25;057;2019;07;15;6;2;5;3;0;1;1;0;0;0;0;472568,529965936210000;5356545,100052818700000;8,629668971000058;48,361483156000077;0
31726;08;3;35;075;2019;07;14;6;3;5;3;0;1;1;0;0;0;0;487635,641079828140000;5289603,932021513600000;8,835012683000059;47,759684826000068;0
31727;08;1;11;000;2019;07;07;3;3;5;3;0;1;1;0;0;0;0;512592,457905895080000;5402461,657732809000000;9,171392741000034;48,775030609000055;0
31728;08;1;11;000;2019;07;09;3;3;5;3;0;1;0;0;0;0;1;512868,799689797680000;5407463,172570023700000;9,175310655000033;48,820018041000026;0
31735;08;3;26;074;2019;07;09;2;3;6;4;0;0;1;1;0;0;0;465463,186702397650000;5323877,432560922600000;8,536408880000067;48,067237958000078;0
31739;08;2;21;000;2019;07;10;2;2;3;2;0;1;1;0;0;0;0;477667,576592470520000;5473213,988183895100000;8,692129910000062;49,411198688000070;0
31740;08;4;36;064;2019;07;16;2;3;0;1;0;1;0;0;1;0;0;543309,663623821920000;5292444,020293176200000;9,578183956000032;47,783901031000028;0
31741;08;1;18;076;2019;07;09;2;3;5;3;0;1;1;0;0;0;0;499962,916539184750000;5428704,634297445400000;8,999492883000073;49,011234192000074;0
31742;08;4;35;059;2019;07;12;2;3;4;6;0;1;0;0;0;0;0;514972,974242519590000;5292132,138242375100000;9,199883060000047;47,782377029000031;0
31744;08;4;35;035;2019;07;16;2;3;5;3;0;1;1;0;0;0;0;542387,588280502710000;5283311,398769138400000;9,564985074000049;47,701794777000032;0
31747;08;3;15;007;2019;07;20;6;2;0;1;0;1;0;0;0;0;0;399745,265190360140000;5294299,163300879300000;7,661324351000076;47,794242489000055;0
31749;08;4;35;067;2019;07;11;2;2;8;6;0;0;0;1;0;0;1;532494,702222805470000;5295786,568912414800000;9,434059652000030;47,814611206000052;0
31753;08;4;15;061;2019;07;15;5;3;6;6;0;1;0;1;0;0;0;515228,026768791490000;5372319,033016461900000;9,206156614000065;48,503804905000038;0
31760;08;3;36;069;2019;07;22;5;3;5;3;2;1;0;0;1;0;0;408541,753770048730000;5268066,344237500800000;7,784247762000064;47,559570629000063;0
31771;08;4;15;061;2019;07;15;2;3;5;3;0;1;0;0;0;0;0;514920,497106472960000;5370084,316590193700000;9,201913471000069;48,483707984000034;0
31775;08;1;18;076;2019;07;21;1;3;6;2;2;0;1;1;0;0;0;505409,969163480210000;5424029,577686613400000;9,073919127000067;48,969155423000075;0
31776;08;3;37;125;2019;07;07;2;3;1;5;0;1;1;0;0;0;0;447092,648286023180000;5273003,225223472300000;8,296054262000041;47,608275620000029;0
31779;08;3;35;075;2019;07;20;2;3;9;1;0;1;0;0;0;0;0;487744,092059363610000;5289326,432209573700000;8,836467647000063;47,757190084000058;0
31780;08;2;26;085;2019;07;18;2;3;5;3;0;1;1;0;0;0;0;492485,228137896400000;5455414,545340169200000;8,896737676000043;49,251454667000075;0
31784;08;1;15;021;2019;07;15;2;3;6;4;0;0;1;1;0;0;0;490217,168037828060000;5382576,461336344500000;8,867318994000073;48,596192207000058;0
31790;08;1;36;065;2019;07;19;6;3;5;3;0;1;1;0;0;0;0;559810,849155525680000;5404057,642737574900000;9,814261425000041;48,786639248000029;0
31795;08;3;36;014;2019;07;09;1;3;0;7;0;1;0;0;0;0;0;389454,480387371030000;5281581,148306502000000;7,527189115000056;47,678164277000064;0
31801;08;4;36;013;2019;07;08;2;3;0;1;0;1;0;0;0;0;0;545120,941594891250000;5295735,737544750800000;9,602705591000074;47,813392288000045;0
31803;08;2;15;017;2019;07;10;6;3;0;1;0;1;0;0;0;0;0;457322,485168930140000;5420557,168534534100000;8,417255132000037;48,936470320000069;0
31805;08;1;11;000;2019;07;06;4;3;5;3;0;1;1;0;0;0;0;508068,541611257940000;5397247,602473834500000;9,109716844000047;48,728200139000080;0
31806;08;2;11;000;2019;07;17;6;3;8;1;0;1;0;0;0;0;0;441064,497244026510000;5405681,992432316800000;8,197421220000024;48,801333931000045;1
31810;08;3;16;012;2019;07;09;3;3;2;6;0;1;1;0;0;0;0;404454,932646000760000;5334916,166209057000000;7,715160604000062;48,160307448000026;0
31821;08;4;17;016;2019;07;14;2;3;5;3;0;1;1;0;0;0;0;484891,363882218490000;5342286,502745904000000;8,796538820000023;48,233618620000072;0
31835;08;4;37;031;2019;07;16;3;3;5;3;0;1;0;0;1;0;0;515825,860000001270000;5343906,069000003900000;9,213180175000048;48,248171950000028;0
31837;08;1;11;000;2019;07;18;7;2;3;2;0;1;1;0;0;0;0;518856,107000000770000;5402506,273000000000000;9,256646976000070;48,775273657000071;0
31838;08;1;27;014;2019;07;08;6;3;5;3;0;1;1;0;0;0;0;578397,662519407460000;5442785,049251524700000;10,074719039000058;49,132892566000066;1
31842;08;3;15;022;2019;07;12;4;3;0;1;0;1;0;0;0;0;0;398414,068075085990000;5300055,364507183400000;7,642204709000055;47,845810546000052;0
31843;08;1;18;048;2019;07;09;6;3;3;6;0;1;1;0;0;0;0;515341,369393256490000;5415166,804608680300000;9,209282729000051;48,889262110000061;1
31845;08;1;18;048;2019;07;16;3;2;0;1;0;1;0;0;0;0;0;515578,891476737340000;5414368,551576232500000;9,212492490000045;48,882075313000030;0
31846;08;1;18;079;2019;07;10;6;3;0;7;0;1;0;0;0;0;0;510423,691342108880000;5424061,404636852400000;9,142424780000056;48,969377493000081;1
31849;08;1;17;026;2019;07;20;6;3;6;7;0;0;0;1;0;0;1;547735,728545862250000;5395548,109306333600000;9,648897459000068;48,711136400000044;0
31855;08;4;15;061;2019;07;11;3;3;0;1;0;1;0;0;0;0;0;514638,564546323380000;5371003,970959117600000;9,198130434000063;48,491988161000052;0
31860;08;1;16;077;2019;07;17;6;3;3;2;0;1;1;0;0;0;0;517057,165622029450000;5390834,731698734700000;9,231679391000057;48,670328656000038;0
31863;08;4;37;059;2019;07;17;1;2;5;2;0;1;0;0;0;0;0;510176,011077553030000;5321438,744311103600000;9,136537713000053;48,046150911000041;0
31864;08;2;26;056;2019;07;08;3;3;5;3;0;1;1;0;0;0;0;485648,546368080190000;5470048,424646489300000;8,802267343000040;49,382965222000053;0
31866;08;4;35;030;2019;07;16;4;3;5;2;0;1;0;0;0;0;0;541743,633999999610000;5271697,642999999200000;9,555293472000074;47,597344094000050;0
31868;08;1;15;045;2019;07;21;6;3;0;1;2;1;0;0;0;0;0;500356,649000000210000;5394022,070000000300000;9,004846966000059;48,699235169000076;0
31869;08;1;26;066;2019;07;13;1;2;5;2;0;1;1;0;0;0;0;536129,885743412190000;5448962,151254050400000;9,495879206000041;49,192395278000049;0
31874;08;1;15;021;2019;07;14;6;3;5;3;0;1;1;0;0;0;0;490242,246546533890000;5382623,069100035400000;8,867658029000040;48,596611892000055;1
31883;08;4;36;064;2019;07;18;5;3;4;6;0;1;0;0;0;0;0;544719,863894391800000;5286235,683377893600000;9,596370471000057;47,727947736000033;0
31885;08;4;36;064;2019;07;14;5;3;3;2;0;1;1;0;0;0;0;544222,144084461960000;5292075,666663888800000;9,590327385000023;47,780524929000080;0
31890;08;1;11;000;2019;07;08;4;3;5;2;0;1;1;0;0;0;0;516160,327668594200000;5405677,232862068300000;9,220080245000077;48,803875094000034;0
31891;08;4;17;002;2019;07;15;5;3;0;7;0;1;0;0;0;0;0;489064,048000000420000;5346280,514000000400000;8,852627028000029;48,269637488000058;1
31905;08;3;35;098;2019;07;10;3;2;4;6;0;1;0;0;0;0;0;500660,011163426560000;5294590,950954072200000;9,008814646000076;47,804673924000042;0
31907;08;3;37;066;2019;07;12;4;3;5;3;0;1;1;0;0;0;0;432276,348673379980000;5269310,712739897900000;8,099512095000023;47,573676127000056;0
31912;08;1;35;019;2019;07;08;4;3;3;2;0;1;1;0;0;0;0;584883,881957258100000;5392304,942938631400000;10,153122416000031;48,678016480000053;0
31919;08;1;11;000;2019;07;11;4;3;6;2;0;0;1;1;0;0;0;514997,000556946730000;5403103,324017407400000;9,204143565000038;48,780749665000030;0
31936;08;2;35;006;2019;07;17;1;3;6;4;0;0;0;1;1;0;0;474509,703999793160000;5380589,795339873100000;8,654409030000068;48,577877474000047;0
31949;08;2;11;000;2019;07;12;5;3;5;3;0;1;1;0;0;0;0;437853,427000002000000;5397697,627000000300000;8,154903968000042;48,729201795000051;1
31959;08;1;18;073;2019;07;13;4;3;0;3;0;1;1;0;0;0;0;497970,419009304610000;5418877,797818204400000;8,972294472000044;48,922831905000066;0
31965;08;1;19;079;2019;07;19;4;3;4;1;0;1;0;0;0;0;0;523536,849662229420000;5408973,447587709900000;9,320725518000074;48,833291484000029;0
31976;08;2;26;003;2019;07;15;3;1;0;7;0;1;0;0;0;0;0;460752,990651290860000;5464347,746304759800000;8,459832083000038;49,330594149000035;0
31977;08;1;19;061;2019;07;11;5;3;0;1;0;1;0;0;0;0;0;538852,946197312330000;5414122,476229492600000;9,529911902000038;48,878839859000038;1
31978;08;4;25;020;2019;07;16;4;2;0;1;0;1;0;0;0;0;0;558131,004608812740000;5362941,548043184000000;9,785637138000027;48,416943301000060;0
31990;08;3;35;025;2019;07;09;3;2;8;1;0;1;0;0;0;0;0;498045,336171348580000;5280473,252554662500000;8,973958307000032;47,677645975000075;0
31998;08;1;15;013;2019;07;18;5;3;6;4;0;0;1;1;0;0;0;495630,460686532780000;5389627,998058283700000;8,940663129000029;48,659690393000062;0
31999;08;4;35;016;2019;07;14;1;3;0;1;0;1;0;0;0;0;0;538472,803471494470000;5283731,803484432400000;9,512844190000067;47,705822324000053;0
32000;08;2;15;101;2019;07;20;3;3;8;1;2;1;0;0;0;0;0;465943,212330198850000;5426751,523165034100000;8,534444830000041;48,992725492000034;0
32005;08;1;15;037;2019;07;03;1;3;5;3;2;1;1;0;0;0;0;492314,601000000720000;5385278,284000000000000;8,895715626000026;48,620527648000063;1
32008;08;1;11;000;2019;07;13;5;2;5;3;0;1;1;0;0;0;0;512812,894980625250000;5402951,144240621500000;9,174408293000056;48,779429491000030;1
32016;08;3;35;075;2019;07;08;4;3;5;3;0;1;1;0;0;0;0;487739,837000000290000;5289333,693000000000000;8,836410667000052;47,757255332000057;0
32029;08;4;36;009;2019;07;13;4;3;0;1;0;1;0;0;0;0;0;556381,569000000130000;5308212,968000002200000;9,754736049000030;47,924756910000042;0
32030;08;2;15;090;2019;07;18;4;3;6;4;0;1;0;1;0;0;0;465020,474728990350000;5433009,476980213100000;8,521291908000023;49,048965890000034;0
32034;08;4;35;066;2019;07;11;4;2;0;1;0;1;0;0;0;0;0;518451,402635860260000;5290065,742043579000000;9,246230465000053;47,763694455000063;0
32035;08;4;26;108;2019;07;12;4;2;0;1;0;1;0;0;0;0;0;572189,922037474810000;5338524,641482813300000;9,971439265000072;48,195849281000051;0
32037;08;1;11;000;2019;07;11;4;3;6;2;0;0;1;1;0;0;0;512510,859750997280000;5406552,218811830500000;9,170406713000034;48,811830536000059;0
32038;08;4;26;021;2019;07;17;4;2;0;1;0;1;0;0;0;0;0;559538,761420322580000;5328309,615857774400000;9,799785993000057;48,105266656000026;0
32054;08;4;15;050;2019;07;15;4;2;4;2;0;1;1;0;0;0;0;521440,077638517130000;5376396,397858737000000;9,290463883000030;48,540304572000082;0
32055;08;4;15;050;2019;07;08;4;3;3;2;0;1;0;0;0;1;0;521414,154367810120000;5376703,601510055400000;9,290128481000068;48,543069129000060;0
32057;08;4;35;036;2019;07;14;3;3;3;6;0;1;0;0;0;0;0;520064,509386523630000;5282324,624727703600000;9,267400083000041;47,693995428000051;0
32059;08;4;35;016;2019;07;14;6;3;5;3;0;1;1;0;0;0;0;536807,225126545880000;5281412,925156768400000;9,490447130000064;47,685055669000064;0
32060;08;3;36;084;2019;07;15;4;3;3;6;0;1;1;0;0;0;0;408986,584563283250000;5282129,563809163900000;7,787236663000044;47,686142606000033;0
32062;08;2;36;072;2019;07;10;3;1;5;3;0;1;0;0;0;0;1;463765,401715716350000;5410425,064994152600000;8,506125443000030;48,845738382000036;0
32063;08;3;36;084;2019;07;10;4;3;5;3;0;1;1;0;0;0;0;406351,572174119760000;5277321,783053871200000;7,753163776000065;47,642517387000055;0
32068;08;1;18;077;2019;07;16;2;2;5;3;0;1;1;0;0;0;0;513792,999035130250000;5423079,647597340900000;9,188428028000033;48,960479957000075;0
32073;08;3;17;057;2019;07;17;4;3;5;2;0;1;1;0;0;0;0;412142,390530287290000;5381066,830979947000000;7,808870851000052;48,576526679000040;0
32076;08;3;17;056;2019;07;07;4;3;8;1;0;1;0;0;0;0;0;433946,358814676290000;5382250,662116114100000;8,104246028000034;48,589853740000081;0
32078;08;1;19;067;2019;07;13;4;3;3;2;0;1;1;0;0;0;0;539389,439838259480000;5405882,919979142000000;9,536436610000067;48,804687327000067;0
32079;08;3;17;001;2019;07;19;4;3;8;1;0;1;0;0;0;0;0;433586,362442166540000;5382766,371786452800000;8,099282287000051;48,594454547000055;0
32080;08;2;26;049;2019;07;07;7;3;5;2;0;1;1;0;0;0;0;486753,784573159180000;5463332,652177965300000;8,817718453000055;49,322581765000052;0
32081;08;3;17;152;2019;07;19;4;2;6;4;0;0;1;1;0;0;0;408502,399006526920000;5348665,213926427100000;7,766607590000035;48,284572203000039;0
32083;08;3;11;000;2019;07;10;2;2;5;3;0;1;1;0;0;0;0;413160,610169425610000;5315432,062296779800000;7,836162982000076;47,986292777000074;0
32085;08;3;15;003;2019;07;18;4;2;5;3;0;1;0;0;0;0;1;411696,350729596800000;5310625,824064848900000;7,817530302000023;47,942858623000063;0
32087;08;4;35;016;2019;07;18;1;3;0;2;0;1;1;0;0;0;0;536360,925698314790000;5277807,222813861400000;9,484200367000028;47,652639033000071;0
32088;08;2;16;009;2019;07;15;3;3;0;3;0;1;0;0;0;0;1;446798,771169460380000;5420746,439615849400000;8,273544095000034;48,937357359000032;0
32094;08;1;16;019;2019;07;18;3;2;5;3;0;1;1;0;0;0;0;525635,377721595580000;5400013,401919614500000;9,348761511000021;48,752605840000058;0
32096;08;3;35;063;2019;07;14;6;3;5;3;0;1;1;0;0;0;0;496917,980000002310000;5287958,910000002000000;8,958885773000077;47,744994832000032;1
32107;08;2;37;004;2019;07;07;4;3;0;7;0;1;0;0;0;0;0;447702,548350857570000;5375811,970413673700000;8,291586297000038;48,533233699000050;0
32116;08;2;25;002;2019;07;17;4;3;3;2;0;1;1;0;0;0;0;498725,091640447270000;5467679,904242618000000;8,982441996000034;49,361828056000036;0
32126;08;3;17;089;2019;07;17;3;3;4;6;0;1;0;0;0;0;0;430666,193475343290000;5376445,608234616000000;8,060737204000077;48,537282180000034;0
32129;08;3;17;151;2019;07;16;4;3;4;6;0;1;0;0;0;0;0;412169,391000000760000;5365735,297000004000000;7,812463549000029;48,438631762000057;0
32130;08;1;27;071;2019;07;15;7;3;0;1;0;1;0;0;0;0;0;574824,955993191340000;5455470,533081697300000;10,028112502000056;49,247429644000078;1
32133;08;2;16;007;2019;07;14;2;3;9;7;0;1;0;0;0;0;0;435474,673999999650000;5395046,011000001800000;8,122975279000059;48,705108736000057;0
32135;08;2;12;000;2019;07;08;4;3;0;6;0;1;0;0;0;0;0;455635,531585731540000;5432687,028610022700000;8,392897465000033;49,045461272000068;0
32139;08;1;36;088;2019;07;12;3;3;6;2;0;0;1;1;0;0;0;580537,839889515190000;5413208,220116447700000;10,098187508000024;48,866603132000080;0
32145;08;2;12;000;2019;07;18;4;3;4;6;0;1;0;0;0;0;0;456387,052200617270000;5426497,439595166600000;8,403846299000065;48,989838935000080;0
32149;08;2;11;000;2019;07;18;4;3;5;3;0;1;1;0;0;0;0;443288,914000887420000;5402249,195999970700000;8,228183909000052;48,770662389000051;0
32159;08;1;21;000;2019;07;09;3;2;5;3;0;1;1;0;0;0;0;513602,015921732410000;5443557,605977157100000;9,186506809000036;49,144693390000043;0
32165;08;3;35;043;2019;07;09;4;2;0;1;0;1;0;0;0;0;0;511052,701195469130000;5281885,258000159600000;9,147288995000054;47,690259182000034;0
32172;08;3;15;015;2019;07;13;7;3;5;3;0;1;1;0;0;0;0;394463,573736316520000;5319950,868332736200000;7,584542280000051;48,024125134000030;0
32181;08;1;16;080;2019;07;15;2;3;3;6;0;1;1;0;0;0;0;522339,650436699390000;5395097,188863216000000;9,303658425000037;48,708506986000032;0
32184;08;3;15;022;2019;07;12;4;3;0;1;0;1;0;0;0;0;0;398415,128000002350000;5300054,986000003300000;7,642218961000026;47,845807309000065;0
32192;08;2;15;111;2019;07;17;7;3;5;3;0;1;1;0;0;0;0;457268,479787025600000;5445095,109844652900000;8,413929393000046;49,157187193000027;0
32194;08;3;11;000;2019;07;11;2;3;1;5;0;1;1;0;0;0;0;413444,476388040930000;5316313,156412819400000;7,839788940000062;47,994257012000048;0
32196;08;1;18;071;2019;07;18;4;3;2;6;0;1;1;0;0;0;0;510108,557319687680000;5418760,315555473800000;9,137987397000075;48,921695850000049;0
32198;08;4;25;020;2019;07;16;4;2;4;6;0;1;0;0;1;0;1;560126,290821372530000;5366151,145117519400000;9,813061052000023;48,445628298000031;0
32219;08;2;25;074;2019;07;08;2;3;1;5;0;1;1;0;0;0;0;506186,347466357980000;5466548,541772155100000;9,085180587000025;49,351621334000072;0
32221;08;1;11;000;2019;07;10;4;3;5;3;0;1;1;0;0;0;0;510746,549315379000000;5403421,080096313700000;9,146293721000063;48,783696131000056;0
32223;08;3;37;125;2019;07;13;1;3;0;7;0;1;0;0;0;0;0;447173,556108733640000;5272952,945110617200000;8,297136739000052;47,607829844000037;0
32228;08;3;36;014;2019;07;13;7;3;4;6;0;1;0;0;0;0;1;391559,083241904150000;5278890,391772257200000;7,555887570000039;47,654317771000080;0
32230;08;4;35;016;2019;07;02;1;3;0;1;2;1;0;0;0;0;0;533108,978598395360000;5278485,742441972700000;9,440948587000037;47,658918569000036;0
32235;08;4;21;000;2019;07;12;3;3;5;3;0;1;1;0;0;0;0;575126,168706561440000;5363243,754736933900000;10,015346644000033;48,417864390000034;0
32237;08;1;11;000;2019;07;10;3;3;6;2;0;0;1;1;0;0;0;518715,388744959610000;5400755,961618350800000;9,254652078000049;48,759532293000063;0
32252;08;4;17;013;2019;07;13;1;2;3;6;0;1;1;0;0;0;0;511831,671125399880000;5354755,714668756400000;9,159681329000023;48,345869955000069;0
32257;08;3;35;043;2019;07;18;3;3;5;3;0;1;1;0;0;0;0;511103,602838330900000;5281771,211360130500000;9,147964409000053;47,689232158000038;0
32259;08;4;35;057;2019;07;12;2;3;0;1;0;1;0;0;0;0;0;543888,222705987280000;5279547,944473892500000;9,584607538000057;47,667833950000045;0
32260;08;3;35;043;2019;07;17;3;2;8;1;0;1;0;0;0;0;0;515491,624323970640000;5281051,756572632100000;9,206412437000040;47,682668476000060;0
32262;08;3;35;075;2019;07;16;2;3;5;3;0;1;1;0;0;0;0;487346,866089116780000;5289911,899997087200000;8,831150383000022;47,762450171000069;0
32263;08;1;11;000;2019;07;06;4;2;5;2;0;1;0;0;1;0;0;507834,822000000630000;5395419,582000000400000;9,106503983000039;48,711758176000046;0
32264;08;4;36;064;2019;07;07;3;3;6;7;0;0;0;1;0;1;0;545234,529827221300000;5287202,390704803200000;9,603333964000058;47,736609437000027;0
32271;08;3;17;096;2019;07;19;3;3;0;7;0;1;0;0;0;0;0;422875,736313155850000;5368487,061074625700000;7,956687753000040;48,464786503000028;0
32273;08;3;17;034;2019;07;16;3;3;5;2;0;1;1;0;0;0;0;426554,411000000310000;5361374,609999999400000;8,007690375000038;48,401249239000038;0
32278;08;3;17;150;2019;07;07;3;3;5;3;0;1;1;0;0;0;0;408277,323030062950000;5360191,319549810100000;7,761064609000073;48,388211834000060;0
32280;08;3;17;001;2019;07;06;3;3;3;2;0;1;1;0;0;0;0;431827,434938940220000;5386953,855965521200000;8,074742443000048;48,631932134000067;0
32287;08;3;11;000;2019;07;09;7;3;5;3;0;1;1;0;0;0;0;414585,860499445350000;5317884,874084001400000;7,854772218000051;48,008548711000060;0
32289;08;3;36;091;2019;07;13;3;2;0;7;0;1;0;0;0;0;0;394442,551443384960000;5273077,709382675600000;7,595676303000062;47,602509165000072;0
32296;08;2;12;000;2019;07;10;3;3;5;3;0;1;1;0;0;0;0;456877,054235252550000;5428281,299067677900000;8,410354479000034;49,005919419000065;0
32309;08;3;15;132;2019;07;19;3;3;5;3;0;1;1;0;0;0;0;410483,449733029120000;5324727,927518546600000;7,798348791000024;48,069541526000080;0
32312;08;3;15;052;2019;07;20;4;2;0;3;0;1;1;0;0;0;0;435896,426162773740000;5305109,498287711300000;8,142368218000058;47,896111300000030;0
32314;08;2;16;049;2019;07;16;1;3;8;1;0;1;0;0;0;0;0;438635,698472833260000;5399645,465938611000000;8,165250377000064;48,746800268000072;0
32316;08;1;18;050;2019;07;17;3;3;3;2;0;1;1;0;0;0;0;506296,226314841770000;5416906,845096485700000;9,085918454000023;48,905073027000071;0
32318;08;2;12;000;2019;07;05;6;2;5;2;0;1;1;0;0;0;0;452551,199444077910000;5431593,821786182000000;8,350820878000036;49,035398164000071;0
32321;08;2;21;000;2019;07;19;3;3;3;6;0;1;0;0;0;0;0;477471,229729856360000;5471713,975578367700000;8,689508245000070;49,397699060000036;0
32325;08;2;16;029;2019;07;19;3;2;0;1;0;1;0;0;0;0;0;455361,157797698860000;5402537,287556186300000;8,392440287000056;48,774237039000070;0
32327;08;4;17;031;2019;07;14;3;3;6;4;0;0;1;1;0;0;0;497508,491849706510000;5355988,460908263900000;8,966367013000024;48,357066433000057;0
32328;08;2;16;009;2019;07;15;3;3;0;7;0;1;0;0;0;0;0;446692,469886485490000;5420908,137357585100000;8,272071537000045;48,938802677000069;0
32338;08;1;16;056;2019;07;13;3;3;8;1;0;1;0;0;0;0;0;530109,405310206120000;5395473,312223473600000;9,409296150000046;48,711563795000075;0
32339;08;1;36;079;2019;07;13;3;3;5;3;0;1;1;0;0;0;0;560422,052256746220000;5401935,266615780100000;9,822269539000047;48,767489313000056;0
32341;08;1;16;077;2019;07;07;4;3;5;3;0;1;0;0;0;0;1;516001,808066427710000;5391410,085343526700000;9,217367345000071;48,675532511000029;0
32356;08;4;35;016;2019;07;05;1;3;3;6;1;1;0;0;0;0;0;536297,288680011410000;5278918,778636019700000;9,483445288000041;47,662643725000066;0
32370;08;1;18;050;2019;07;07;3;3;6;7;0;0;1;1;0;0;0;504355,552957532930000;5420501,261014254800000;9,059474377000072;48,937424129000078;0
32372;08;3;17;065;2019;07;22;3;3;5;3;2;1;1;0;0;0;0;416263,510585298760000;5354456,814589574900000;7,870055987000058;48,337741703000063;0
32373;08;1;18;048;2019;07;15;3;3;3;7;0;1;0;0;0;0;0;514259,848045165650000;5416613,364248996600000;9,194579504000046;48,902300799000045;0
32374;08;3;35;075;2019;07;17;4;3;5;3;0;1;1;0;0;0;0;488281,242779588330000;5288127,225155104000000;8,843667217000075;47,746410153000056;0
32378;08;1;27;075;2019;07;16;3;3;6;4;0;0;1;1;0;0;0;571301,678500959650000;5466344,065607508600000;9,981649906000030;49,345645020000063;0
32385;08;1;18;049;2019;07;06;2;3;5;3;0;1;1;0;0;0;0;518967,170058052990000;5420524,498212296500000;9,258993436000026;48,937357732000066;0
32390;08;1;16;049;2019;07;18;2;3;0;1;0;1;0;0;0;0;0;522138,167491067200000;5384984,087163336600000;9,300378640000076;48,617536495000081;0
32393;08;4;36;079;2019;07;17;1;3;0;1;0;1;0;0;0;0;0;552186,188029584470000;5289346,506984690200000;9,696305175000020;47,755375011000069;0
32398;08;4;25;033;2019;07;16;1;2;0;1;0;1;0;0;0;0;0;553463,018410837280000;5347174,028147136800000;9,720552699000052;48,275513251000064;0
32404;08;3;35;075;2019;07;15;1;2;9;1;0;1;0;0;0;0;0;491138,416262850170000;5290206,999309888100000;8,881740533000027;47,765168620000054;0
32408;08;3;26;012;2019;07;12;1;2;0;1;0;1;0;0;0;0;0;461726,333695332520000;5310708,763622023200000;8,487426010000036;47,948548579000033;0
32421;08;2;22;000;2019;07;11;1;3;5;5;0;1;1;0;0;0;0;460926,204559661450000;5482455,192463364500000;8,460433712000054;49,493474021000054;0
32423;08;2;16;043;2019;07;16;1;3;8;7;0;1;0;0;0;0;0;444837,408190453430000;5411861,103210115800000;8,247964266000054;48,857261975000029;0
32439;08;1;16;049;2019;07;16;1;3;5;3;0;1;1;0;0;0;0;525200,059038699600000;5386101,712986812000000;9,341990682000073;48,627474866000057;0
32447;08;4;35;042;2019;07;12;7;3;0;1;0;1;0;0;0;0;0;550353,915591994300000;5279718,671880921300000;9,670746967000071;47,668898875000082;0
32453;08;4;15;059;2019;07;19;7;3;0;1;0;1;0;0;0;0;0;516505,008796066980000;5369553,456420827700000;9,223334943000054;48,478892562000055;0
32465;08;3;25;072;2019;07;14;7;3;5;3;0;1;1;0;0;0;0;471759,843383955770000;5330023,325783610300000;8,620520752000061;48,122841492000077;0
32471;08;3;11;000;2019;07;01;7;3;0;7;2;1;0;0;0;0;0;413166,794061889870000;5315404,488346099900000;7,836251418000074;47,986045579000063;0
32476;08;2;35;079;2019;07;10;7;2;2;2;0;1;0;0;0;0;0;460975,493150605820000;5393652,011714248000000;8,469692208000026;48,694685715000048;0
32477;08;2;31;000;2019;07;11;7;3;6;2;0;0;1;1;0;0;0;477651,515999999830000;5415372,289000000800000;8,695118101000048;48,890897487000075;0
32482;08;2;21;000;2019;07;11;7;3;7;7;0;1;0;0;0;0;0;480879,701279521920000;5473884,680608680500000;8,736378743000046;49,417340900000056;0
32485;08;3;17;151;2019;07;11;7;3;1;5;0;1;1;0;0;0;0;412099,627732365390000;5365117,145752420600000;7,811650198000052;48,433062024000037;0
32486;08;2;15;029;2019;07;10;7;3;3;2;0;1;1;0;0;0;0;464097,390000000600000;5448871,703000001600000;8,507248091000065;49,191595048000067;0