OBJECTID;ULAND;UREGBEZ;UKREIS;UGEMEINDE;UJAHR;UMONAT;USTUNDE;UWOCHENTAG;UKATEGORIE;UART;UTYP1;ULICHTVERH;IstRad;IstPKW;IstFuss;IstKrad;IstGkfz;IstSonstige;LINREFX;LINREFY;XGCSWGS84;YGCSWGS84;STRZUSTAND
32503;08;1;19;067;2019;07;18;7;2;2;1;0;1;1;0;0;0;0;538907,122148549180000;5406956,240678206100000;9,529970065000043;48,814372795000054;0
32509;08;1;16;015;2019;07;12;7;2;0;3;0;1;1;0;0;0;0;523787,169058687050000;5393327,933218767900000;9,323232015000031;48,692537328000071;0
32512;08;1;11;000;2019;07;11;7;3;6;7;0;1;0;1;0;0;0;510068,396832491270000;5399691,609672166400000;9,136970726000072;48,750157326000078;0
32513;08;4;35;034;2019;07;22;6;2;9;1;2;1;0;0;0;0;0;533456,993787868880000;5285952,668614169600000;9,446156016000032;47,726083575000075;0
32514;08;4;36;009;2019;07;16;6;3;0;7;0;1;0;0;0;0;1;559945,170537485740000;5308045,664125133300000;9,802411224000025;47,922928381000077;1
32515;08;4;36;081;2019;07;04;6;3;6;6;2;0;1;1;0;0;0;560540,106000000610000;5279971,985000003100000;9,806456068000045;47,670304499000054;0
32517;08;4;36;064;2019;07;11;6;3;4;2;0;1;1;0;0;0;0;545102,037448565480000;5292297,778848655500000;9,602095612000028;47,782462272000032;0
32518;08;4;36;064;2019;07;07;6;3;0;1;0;1;0;0;0;0;0;546991,969715598970000;5291705,412527116000000;9,627259870000046;47,776997644000062;0
32527;08;3;35;061;2019;07;16;6;3;0;1;0;1;0;0;0;0;0;496525,536655249070000;5279773,099503131600000;8,953715823000039;47,671339828000043;0
32531;08;3;26;012;2019;07;18;6;3;3;6;0;1;1;0;0;0;0;457307,320570387880000;5312942,664849642700000;8,428026176000060;47,968367195000042;0
32532;08;3;25;053;2019;07;07;6;2;0;1;0;1;0;0;0;0;0;454739,066000000570000;5341956,864000000100000;8,390542567000068;48,229217671000072;0
32540;08;2;12;000;2019;07;15;6;3;6;4;0;0;1;1;0;0;0;455740,476072157730000;5428246,028224842600000;8,394818115000021;49,005521692000059;0
32551;08;2;25;014;2019;07;09;6;3;0;6;0;1;1;0;0;0;0;523865,340871601370000;5485181,853207189600000;9,329723804000025;49,518788327000038;0
32554;08;2;22;000;2019;07;00;6;3;0;1;2;1;0;0;0;0;0;462841,365266840900000;5480364,942808808800000;8,487075275000052;49,474793597000030;0
32569;08;1;19;093;2019;07;16;6;3;4;3;0;1;1;0;0;0;0;523266,112032645380000;5406200,615767449100000;9,316879084000050;48,808357960000080;0
32573;08;1;18;027;2019;07;11;6;3;5;2;0;1;1;0;0;0;0;502572,408999999990000;5412499,547000002100000;9,035075433000031;48,865452540000035;0
32574;08;1;18;073;2019;07;07;5;3;3;3;0;1;1;0;0;0;0;497091,169221724380000;5420062,369135243800000;8,960283508000032;48,933484477000036;0
32581;08;1;15;053;2019;07;16;6;3;6;3;0;0;1;1;0;0;0;483988,049516638740000;5379097,472446974400000;8,782970251000052;48,564766167000073;0
32583;08;1;15;003;2019;07;16;6;3;5;3;0;1;1;0;0;0;0;500548,755466966890000;5392842,265001935900000;9,007456182000055;48,688621390000037;0
32585;08;1;15;003;2019;07;21;6;3;3;2;1;1;1;0;0;0;0;501466,099000000390000;5391760,024000000200000;9,019916693000027;48,678883948000077;0
32591;08;4;26;087;2019;07;14;5;3;0;1;0;1;0;0;0;0;0;570939,046834490260000;5324371,352136388400000;9,952251933000071;48,068671082000037;0
32592;08;4;21;000;2019;07;16;5;3;0;7;0;1;0;0;0;0;0;569114,654674147260000;5363139,210490144800000;9,934094207000044;48,417612166000026;0
32598;08;3;36;103;2019;07;06;5;3;8;1;0;1;0;0;0;0;0;415468,751040393490000;5285237,603173585600000;7,872991821000028;47,714982611000039;0
32607;08;1;16;029;2019;07;16;5;3;5;3;0;1;1;0;0;0;0;538165,106220313350000;5386801,693388603600000;9,517997913000045;48,633114954000064;0
32611;08;3;26;003;2019;07;13;5;3;0;7;0;1;0;0;0;0;0;465143,595572455790000;5317346,850464100000000;8,532650803000024;48,008466049000049;0
32613;08;3;17;114;2019;07;08;5;3;3;6;0;1;1;0;0;0;0;405455,362694576380000;5346981,940535025700000;7,725920325000061;48,268984162000038;0
32615;08;3;17;065;2019;07;07;5;3;5;2;0;1;1;0;0;0;0;417255,878592213620000;5355681,712031442700000;7,883203692000052;48,348890329000028;0
32624;08;2;12;000;2019;07;19;5;3;5;3;0;1;1;0;0;0;0;455221,404818560000000;5428973,378740973800000;8,387640795000039;49,012026831000071;0
32627;08;1;21;000;2019;07;12;2;2;6;3;0;0;1;1;0;0;0;515831,531999781730000;5441605,135848525900000;9,217000378000023;49,127076834000036;0
32632;08;2;26;055;2019;07;15;5;3;0;7;0;1;0;0;0;0;0;497786,938783073800000;5460205,961180659000000;8,969563254000036;49,294596496000054;0
32635;08;2;11;000;2019;07;12;5;3;5;3;0;1;1;0;0;0;0;444023,607266288250000;5400471,951355487100000;8,238423630000057;48,754742254000064;0
32638;08;1;26;066;2019;07;12;5;3;5;3;0;1;1;0;0;0;0;536127,058490579950000;5448962,115602562200000;9,495840400000077;49,192395124000029;0
32644;08;1;19;004;2019;07;08;5;3;5;3;0;1;1;0;0;0;0;541749,238999999130000;5418494,586999999400000;9,569859119000057;48,917980151000052;0
32645;08;4;36;064;2019;07;00;4;2;0;7;2;1;0;0;0;0;0;545682,265862402510000;5292746,054463895000000;9,609888174000048;47,786454524000078;0
32652;08;1;26;086;2019;07;21;5;2;4;6;1;1;1;0;0;0;0;543465,125193979590000;5462741,086819045200000;9,598044856000058;49,315856968000048;0
32656;08;1;25;098;2019;07;19;5;3;6;4;0;0;1;1;0;0;0;520335,878771545370000;5438093,897208290200000;9,278563195000061;49,095359517000077;0
32661;08;1;19;008;2019;07;11;5;3;5;3;0;1;0;0;0;1;0;532672,824368109000000;5420551,792617596700000;9,446139277000043;48,937031233000027;0
32666;08;1;18;079;2019;07;09;5;3;5;3;0;1;1;0;0;0;0;510021,707654394210000;5423033,666446829200000;9,136906956000075;48,960138974000074;0
32667;08;1;15;021;2019;07;15;5;2;5;3;0;1;1;0;0;0;0;490192,622536739330000;5384896,164020583000000;8,866931278000038;48,617060354000046;0
32672;08;1;16;049;2019;07;14;5;3;3;6;0;1;1;0;0;0;0;524356,301594381220000;5386384,932794308300000;9,330556870000066;48,630056156000080;0
32675;08;1;16;076;2019;07;14;5;3;6;7;0;0;1;1;0;0;0;528574,425621915610000;5403907,280247507600000;9,389015953000069;48,787506332000078;0
32677;08;3;17;065;2019;07;17;5;3;2;2;0;1;1;0;0;0;0;416869,994512526320000;5355085,034921595800000;7,878114269000037;48,343472591000079;0
32682;08;1;11;000;2019;07;15;5;3;5;3;0;1;1;0;0;0;0;513142,622062036770000;5403467,363035235600000;9,178912999000033;48,784066473000053;0
32683;08;1;11;000;2019;07;13;5;3;5;2;0;1;1;0;0;0;0;511372,658709825020000;5401870,064811823900000;9,154774072000066;48,769732167000029;0
32688;08;4;36;055;2019;07;06;4;2;6;6;0;0;1;1;0;0;0;575970,292999999600000;5293787,319000002000000;10,014383039000052;47,792961370000057;0
32690;08;4;36;009;2019;07;11;4;2;0;7;0;1;0;0;0;0;0;556804,873181037600000;5307582,366896571600000;9,760318837000057;47,919046319000074;0
32691;08;4;36;064;2019;07;07;4;3;0;1;0;1;0;0;0;0;0;540767,753481169230000;5294227,118322785900000;9,544418627000027;47,800109669000051;0
32697;08;4;25;033;2019;07;18;4;3;3;2;0;1;1;0;0;0;0;553854,422002081760000;5346748,491022335400000;9,725773220000065;48,271651933000044;0
32714;08;3;17;146;2019;07;12;4;3;6;4;0;0;1;1;0;0;0;431815,711107761600000;5355657,475900199300000;8,079692312000077;48,350412203000076;0
32716;08;3;16;017;2019;07;07;4;3;5;3;0;1;1;0;0;0;0;408938,869334511460000;5341892,439278636100000;7,773947327000030;48,223715918000039;0
32717;08;3;16;011;2019;07;08;4;3;5;2;0;1;1;0;0;0;0;416302,933899088760000;5329597,326226189700000;7,875497507000034;48,114133610000067;0
32733;08;2;26;085;2019;07;15;4;3;5;2;0;0;1;1;0;0;0;490826,290007218720000;5455674,071297055100000;8,873935908000021;49,253766531000053;0
32754;08;1;18;079;2019;07;09;6;3;3;2;0;1;1;0;0;0;0;508938,198058051990000;5423291,454207370100000;9,122110786000064;48,962474562000068;0
32755;08;1;19;089;2019;07;10;4;2;0;1;0;1;0;0;0;0;0;534014,071045440620000;5407932,757044633900000;9,463403195000069;48,823444294000069;0
32762;08;1;16;049;2019;07;08;4;3;4;3;0;1;1;0;0;0;0;522853,716572981330000;5384714,614504504900000;9,310072476000073;48,615086565000070;0
32771;08;1;11;000;2019;07;09;4;3;5;3;0;1;1;0;0;0;0;506591,247014996600000;5402792,006665717800000;9,089717234000034;48,778094934000080;0
32772;08;1;11;000;2019;07;20;4;2;6;4;0;0;1;1;0;0;0;508243,507657575420000;5397428,903429949700000;9,112099670000021;48,729828837000071;0
32773;08;4;37;005;2019;07;20;3;3;0;1;0;1;0;0;0;0;0;502933,387858247380000;5325728,097683062800000;9,039388530000053;48,084816962000048;0
32774;08;4;36;081;2019;07;10;3;3;5;3;0;1;0;0;0;0;0;565202,158245016820000;5285883,210408827300000;9,869435955000029;47,723032322000051;0
32780;08;4;35;066;2019;07;20;3;3;9;4;0;1;0;1;0;0;0;517660,996323240920000;5284779,832715747900000;9,235468186000048;47,716156519000037;0
32782;08;4;35;016;2019;07;06;3;3;5;1;0;1;1;0;0;0;0;536787,170264138840000;5281747,573790347200000;9,490208126000027;47,688067762000060;0
32783;08;4;35;016;2019;07;20;3;3;4;2;0;1;1;0;0;0;0;535697,798999999650000;5279168,845000002500000;9,475481375000072;47,664927039000077;0
32790;08;4;21;000;2019;07;15;3;3;5;3;0;1;0;0;0;0;1;572565,270620907660000;5360382,811726126800000;9,980246212000054;48,392429724000067;0
32791;08;4;26;070;2019;07;10;3;3;0;1;0;1;0;0;0;0;0;565209,740599839950000;5341782,751795604800000;9,878021933000071;48,225913889000026;0
32793;08;4;35;036;2019;07;15;5;2;2;6;0;1;0;0;0;0;0;518104,455284946600000;5284132,617949016400000;9,241353732000050;47,710320883000065;0
32795;08;4;16;022;2019;07;07;3;3;0;7;0;1;0;0;0;0;0;512317,861334554850000;5375722,377765791500000;9,166859592000037;48,534486343000026;0
32799;08;4;15;059;2019;07;19;3;3;0;1;0;1;0;0;0;0;0;514020,150928332470000;5366315,311948126200000;9,189603150000039;48,449821224000061;0
32801;08;3;36;105;2019;07;19;3;3;3;6;0;1;1;0;0;0;0;399384,746450859120000;5267422,279978755900000;7,662703951000026;47,552422335000074;0
32804;08;4;35;035;2019;07;16;3;3;5;3;0;1;1;0;0;0;0;541993,132000000220000;5282340,466000001900000;9,559634129000074;47,693084833000057;0
32805;08;3;35;028;2019;07;07;3;3;4;6;0;1;0;0;0;0;0;484874,121962214820000;5287177,296493971700000;8,798248184000045;47,737792222000053;0
32810;08;3;26;012;2019;07;08;3;2;0;3;0;1;1;0;0;0;0;461765,099632041530000;5311620,547926290000000;8,487864104000039;47,956754129000046;0
32816;08;3;17;057;2019;07;19;3;2;5;3;0;1;1;0;0;0;0;411897,919555265460000;5380951,309840546900000;7,805581666000023;48,575453315000061;0
32827;08;2;37;040;2019;07;11;3;3;0;7;0;1;0;0;0;0;0;482685,933867457320000;5363610,188415562700000;8,765963362000036;48,425402777000045;0
32833;08;2;26;056;2019;07;14;3;3;6;2;0;0;1;1;0;0;0;485048,047380494890000;5471339,637889072300000;8,793945224000026;49,394565174000036;0
32838;08;2;15;009;2019;07;10;3;3;5;3;0;1;1;0;0;0;0;469642,115852658640000;5440405,121048284700000;8,583983631000024;49,115736572000060;0
32840;08;2;15;110;2019;07;16;3;3;0;1;0;1;0;0;0;0;0;462051,380163652820000;5418813,937663877400000;8,481985659000031;48,921097476000057;0
32841;08;1;16;037;2019;07;15;6;3;4;2;0;1;1;0;0;0;0;535985,995532406490000;5400779,225163266100000;9,489640865000069;48,758982759000048;0
32842;08;2;15;096;2019;07;18;3;3;5;3;0;1;1;0;0;0;0;463772,667000001300000;5418745,303000001200000;8,505487093000056;48,920583213000043;0
32852;08;1;27;062;2019;07;19;3;3;5;1;0;1;0;0;1;0;0;550201,440564530900000;5431326,366931602400000;9,686803974000043;49,032774439000036;0
32866;08;1;17;024;2019;07;20;3;3;1;3;0;1;1;0;0;0;0;560167,196679065000000;5386335,249972876200000;9,816528892000065;48,627189141000031;0
32873;08;1;18;019;2019;07;08;6;3;5;3;0;1;1;0;0;0;0;503238,927000000140000;5404242,843000002200000;9,044098343000030;48,791173074000028;0
32874;08;1;11;000;2019;07;19;3;3;2;2;0;1;1;0;0;0;0;507823,572000000630000;5396126,428000003100000;9,106364458000030;48,718117137000036;0
32880;08;4;35;016;2019;07;07;2;3;0;7;0;1;0;0;0;0;1;534383,613522388040000;5278030,919364482200000;9,457887970000058;47,654759830000046;0
32882;08;4;26;021;2019;07;08;2;3;5;3;0;1;1;0;0;0;0;560058,854137247430000;5328355,412749068800000;9,806778147000046;48,105629820000047;0
32885;08;3;11;000;2019;07;19;5;3;3;6;0;1;0;0;0;1;0;414129,744727141220000;5315886,603711647900000;7,849057851000055;47,990512406000050;0
32887;08;1;16;027;2019;07;19;6;3;5;3;0;1;1;0;0;0;0;534466,413000001570000;5393505,914999999100000;9,468357527000023;48,693639909000069;0
32888;08;4;25;066;2019;07;17;2;3;5;3;0;1;1;0;0;0;0;578870,285314018840000;5347283,911680461800000;10,062950597000054;48,273846582000033;0
32893;08;4;15;061;2019;07;07;2;3;0;1;0;1;0;0;0;0;0;514996,799971978180000;5372048,263235917300000;9,203016564000052;48,501374532000057;0
32903;08;3;35;075;2019;07;07;2;3;6;4;0;0;1;1;0;0;0;489352,963386180810000;5287826,506640462200000;8,857971700000064;47,743723004000060;0
32904;08;3;35;079;2019;07;17;2;2;6;4;0;0;1;1;0;0;0;500864,527355886060000;5299367,455604758100000;9,011555556000076;47,847650095000063;0
32905;08;2;15;100;2019;07;08;5;2;4;2;0;1;1;0;0;0;0;474746,789928515440000;5452204,168212696900000;8,653194731000042;49,222102085000074;0
32907;08;3;25;045;2019;07;07;2;3;2;4;0;0;1;1;0;0;0;468486,653804423290000;5349167,392663404300000;8,575115902000050;48,294919592000042;0
32911;08;3;17;040;2019;07;20;2;2;5;3;1;1;1;0;0;0;0;432450,869600868780000;5348035,620741251900000;8,089485021000030;48,281917678000070;0
32920;08;3;11;000;2019;07;11;2;2;5;2;0;1;1;0;0;0;0;412808,633750327860000;5318147,326141953500000;7,830894988000068;48,010669544000052;0
32934;08;3;26;074;2019;07;13;5;3;0;6;0;1;0;0;1;0;0;460156,744207502340000;5320174,239164359900000;8,465527827000074;48,033611932000042;0
32940;08;2;36;040;2019;07;17;2;2;5;3;0;1;1;0;0;0;0;487275,702953814530000;5422500,598781298800000;8,826189681000074;48,955293965000067;0
32946;08;2;15;017;2019;07;08;2;3;5;2;0;1;0;0;0;0;1;453545,546000000090000;5421102,899000003900000;8,365623461000041;48,941107180000074;0
32947;08;2;15;096;2019;07;13;2;3;5;3;0;1;1;0;0;0;0;463775,722317378040000;5418751,541570376600000;8,505528244000061;48,920639511000047;0
32948;08;2;26;041;2019;07;15;5;2;0;1;0;1;0;0;0;0;0;475888,377957494930000;5464182,589843498500000;8,668149948000064;49,329894393000075;0
32957;08;2;12;000;2019;07;16;3;3;5;3;0;1;1;0;0;0;0;460102,001166609120000;5427846,903778176800000;8,454491588000053;49,002228858000080;0
32966;08;2;26;107;2019;07;18;3;3;0;2;0;1;1;0;0;0;0;475129,677751546730000;5484581,513820165800000;8,656429448000040;49,513348085000075;0
32969;08;2;16;043;2019;07;17;3;3;5;3;0;1;1;0;0;0;0;442177,001816427340000;5412139,278207235000000;8,211658960000023;48,859521899000072;0
32972;08;2;15;064;2019;07;11;3;3;6;5;0;0;1;1;0;0;0;481610,184117773550000;5447288,227546412500000;8,747674446000076;49,178126663000057;0
32974;08;1;28;131;2019;07;10;4;2;5;3;0;1;0;0;0;0;0;536567,122934433630000;5514153,241245042500000;9,507909832000053;49,778731075000053;0
32977;08;1;15;041;2019;07;15;3;3;6;2;0;0;1;1;0;0;0;492748,967000001110000;5402551,903000000900000;8,901306289000047;48,775927632000048;0
32978;08;1;18;073;2019;07;13;3;2;7;7;0;1;0;0;0;0;0;497367,632916186940000;5419893,438862996200000;8,964059368000051;48,931966066000030;0
32985;08;1;27;014;2019;07;09;3;3;4;6;0;1;0;0;0;0;0;575439,544440762140000;5443579,410498553900000;10,034323226000026;49,140407312000036;0
32986;08;3;17;100;2019;07;13;4;2;9;1;0;1;0;0;0;0;0;423788,599131249820000;5367220,320574156900000;7,969265298000039;48,453503435000073;0
32994;08;1;18;048;2019;07;07;3;3;2;6;0;1;0;0;0;0;0;514205,341000000010000;5416504,054000001400000;9,193831942000031;48,901318727000046;0
32996;08;1;19;067;2019;08;08;5;3;5;3;0;1;0;0;0;1;0;538808,496040629220000;5406689,303429368900000;9,528601453000022;48,811977723000041;0
32998;08;1;18;073;2019;07;16;3;2;5;7;0;1;0;0;0;1;0;498730,936275227930000;5418368,306385485500000;8,982677772000045;48,918250678000049;0
33000;08;1;17;026;2019;07;12;3;3;6;4;0;0;1;1;0;0;0;548663,273445078170000;5394587,943411391200000;9,661392009000053;48,702427554000053;0
33003;08;1;17;015;2019;07;11;3;3;0;1;0;1;0;0;0;0;0;563313,358109391290000;5391883,396996820300000;9,860068999000021;48,676784959000031;0
33004;08;1;16;081;2019;07;12;3;3;3;6;0;1;1;0;0;0;0;519513,626841272230000;5386122,112979568500000;9,264821902000051;48,627861673000041;0
33009;08;1;18;019;2019;08;18;5;3;3;2;0;1;1;0;0;0;0;505057,055219265630000;5406881,819759534700000;9,068884845000071;48,814900966000039;0
33012;08;4;36;064;2019;07;14;2;2;0;7;0;1;0;0;0;0;1;539028,201799561270000;5289284,572264142300000;9,520745172000034;47,755748590000053;0
33022;08;1;16;080;2019;07;21;4;2;4;2;1;1;1;0;0;0;0;518016,737238650210000;5397696,757559131800000;9,245012108000026;48,732032512000046;0
33024;08;3;36;084;2019;07;18;2;3;0;7;0;1;0;0;0;0;0;408255,415758013730000;5286162,020965494200000;7,776647493000041;47,722313603000032;0
33027;08;3;35;066;2019;07;13;2;3;0;7;0;1;0;0;0;0;0;506549,856000000610000;5281502,816999997900000;9,087278151000021;47,686879437000073;0
33029;08;4;35;016;2019;07;17;2;2;6;6;0;1;0;1;0;0;0;535497,013624167070000;5277742,903566325100000;9,472691266000027;47,652108299000076;0
33042;08;3;17;065;2019;07;18;2;3;1;3;0;1;1;0;0;0;0;414206,138784057460000;5354648,527774451300000;7,842260489000068;48,339190093000070;0
33043;08;3;17;089;2019;07;11;2;2;5;3;0;1;1;0;0;0;0;432108,500853527340000;5375499,415265267700000;8,080427594000071;48,528928734000033;0
33044;08;1;35;019;2019;07;11;4;2;6;2;0;0;1;1;0;0;0;585034,016262115910000;5392150,222087524800000;10,155129693000049;48,676604445000066;1
33048;08;3;11;000;2019;07;11;2;2;0;7;0;1;0;0;0;0;0;414024,916678755540000;5315561,614828486000000;7,847718192000059;47,987574922000078;0
33049;08;3;36;050;2019;07;07;2;3;3;2;0;1;1;0;0;0;0;399258,297021810900000;5275386,944277687000000;7,659194929000023;47,624047849000078;0
33052;08;3;11;000;2019;07;12;2;2;4;6;0;1;0;0;0;0;0;402210,233127622870000;5313248,548840601000000;7,689938595000058;47,965071855000076;0
33054;08;2;37;019;2019;07;14;2;3;0;7;0;1;0;0;0;0;0;461163,522377817890000;5368212,859771788100000;8,474624231000064;48,465849517000038;0
33065;08;2;12;000;2019;07;09;4;3;5;3;0;1;1;0;0;0;0;452916,248982276770000;5430028,118074236400000;8,355996826000023;49,021342641000047;0
33067;08;1;15;003;2019;07;16;2;3;6;4;0;0;1;1;0;0;0;500588,712556719780000;5392805,811329029500000;9,007999045000076;48,688293412000064;0
33071;08;1;27;047;2019;07;21;2;2;0;1;1;1;0;0;0;0;0;562916,874919031750000;5456248,585877893500000;9,864636293000046;49,255767757000058;0
33073;08;1;19;044;2019;07;09;4;3;4;7;0;1;1;0;0;0;0;542600,936151100320000;5425232,384838298000000;9,582188503000054;48,978530191000061;0
33075;08;1;25;065;2019;07;18;2;3;5;7;0;1;0;1;0;0;0;516632,333358574660000;5449947,643098708200000;9,228321511000047;49,202098932000069;0
33080;08;1;18;048;2019;07;16;2;3;5;3;0;1;1;0;0;0;0;514672,966552238910000;5414950,572597278300000;9,200156858000071;48,887333131000048;0
33081;08;2;36;033;2019;07;19;4;2;5;3;1;1;1;0;0;0;0;485483,222000000070000;5430831,275000004100000;8,801407398000038;49,030193689000043;0
33098;08;4;35;024;2019;07;15;1;3;5;3;0;1;1;0;0;0;0;526837,452999999750000;5279172,575000003000000;9,357467860000043;47,665388970000038;1
33102;08;4;35;036;2019;07;13;1;3;0;1;0;1;0;0;0;0;0;520766,567021631640000;5282447,713341830300000;9,276762167000072;47,695080741000027;1
33107;08;1;35;019;2019;07;13;4;3;5;3;0;1;1;0;0;0;0;583014,614652855320000;5392476,057335881500000;10,127768524000032;48,679806904000031;0
33117;08;2;16;043;2019;07;21;1;3;6;4;2;0;1;1;0;0;0;440897,349169909950000;5411598,998305326300000;8,194292354000027;48,854541510000047;1
33119;08;4;37;056;2019;07;18;3;3;0;1;0;1;0;0;0;0;0;524376,013708465730000;5303614,139873139600000;9,326054611000075;47,885396859000082;0
33133;08;1;28;131;2019;07;15;1;2;0;7;0;1;0;0;0;0;0;535739,888000002130000;5508849,254999999000000;9,495933447000027;49,731076294000047;0
33135;08;4;35;066;2019;07;17;3;2;5;3;0;1;1;0;0;0;0;517840,242334392850000;5286167,681909639400000;9,237914841000077;47,728638829000033;0
33149;08;4;36;055;2019;07;12;7;3;0;7;0;1;0;0;0;0;0;572965,670310077260000;5300246,089269347500000;9,975358233000065;47,851413020000052;0
33150;08;4;25;141;2019;07;19;7;3;0;3;0;1;1;0;0;0;0;568060,327999999750000;5362616,476000001700000;9,919761936000043;48,413024757000073;0
33155;08;4;25;050;2019;07;12;7;3;3;6;0;1;1;0;0;0;0;558712,977944863030000;5346358,635150183000000;9,791189560000021;48,267712974000062;0
33159;08;3;35;075;2019;07;22;7;2;6;2;2;0;1;1;0;0;0;488169,831967685370000;5288717,836461782500000;8,842164893000074;47,751722173000076;1
33166;08;3;15;113;2019;07;14;7;3;5;3;0;1;1;0;0;0;0;439804,386824581770000;5308131,206754906100000;8,194224803000054;47,923674487000028;0
33177;08;1;36;087;2019;07;13;4;3;0;1;0;1;0;0;0;0;0;605500,092000000180000;5409688,780000003100000;10,437559225000030;48,831209169000033;0
33178;08;2;31;000;2019;07;21;7;3;6;4;2;0;0;1;1;0;0;478512,117212826390000;5415910,227033933600000;8,706830115000059;48,895767039000077;1
33183;08;3;16;056;2019;07;16;4;3;5;3;0;1;1;0;0;0;0;421327,585091824640000;5325979,211283899800000;7,943660363000049;48,082227527000043;0
33196;08;1;18;079;2019;07;16;7;3;5;3;0;1;1;0;0;0;0;510125,459717052060000;5421594,588800381900000;9,138288528000032;48,947191826000051;0
33198;08;4;25;002;2019;07;19;3;3;0;1;0;1;0;0;0;0;0;554099,455000000070000;5352705,028999999200000;9,729838569000037;48,325215988000082;1
33199;08;1;17;024;2019;07;09;7;3;6;4;0;0;1;1;0;0;0;561808,915235734540000;5385016,019046418400000;9,838609578000046;48,615162237000050;0
33206;08;4;37;100;2019;07;09;6;2;8;1;0;1;0;0;0;0;0;536709,048908640630000;5318223,673826616300000;9,492263313000024;48,016250947000060;0
33211;08;4;35;016;2019;07;18;6;3;0;2;0;1;1;0;0;0;0;534960,561889138070000;5277858,277215199500000;9,465557149000063;47,653175574000045;0
33212;08;4;35;035;2019;07;12;3;3;5;3;0;1;0;0;0;0;0;541935,438398228030000;5281901,075908634800000;9,558823061000055;47,689135280000073;0
33215;08;4;15;060;2019;07;17;3;3;5;2;0;1;1;0;0;0;0;513063,234706689600000;5377607,449000133200000;9,177015608000033;48,551429915000028;0
33220;08;4;21;000;2019;07;09;6;2;3;2;0;1;1;0;0;0;0;574442,059352618640000;5361972,565173542100000;10,005876667000052;48,406511055000067;0
33230;08;4;16;049;2019;07;20;6;2;0;7;1;1;0;0;0;0;0;491049,371024671010000;5371100,490834191400000;8,878852484000049;48,492963260000067;0
33242;08;3;35;002;2019;07;14;6;3;7;7;0;1;0;0;0;0;0;504853,296676450410000;5284825,499288640900000;9,064708159000077;47,716790742000057;0
33243;08;3;35;022;2019;07;14;6;2;6;4;0;0;1;1;0;0;0;482451,612817120740000;5296818,155017007100000;8,765546870000037;47,824474079000026;0
33256;08;3;11;000;2019;07;11;6;3;6;4;0;0;1;1;0;0;0;413769,059668503700000;5315868,995635133200000;7,844228046000069;47,990305480000075;0
33261;08;3;16;011;2019;07;23;3;2;5;3;2;1;1;0;0;0;0;414339,883492253720000;5329766,786746207600000;7,849094574000048;48,115396873000066;1
33269;08;2;12;000;2019;07;14;6;3;5;3;0;1;1;0;0;0;0;460101,094350131230000;5427847,148331189500000;8,454479167000045;49,002230999000062;0
33273;08;2;15;009;2019;07;11;6;3;6;6;0;1;0;1;0;0;0;469599,877104656770000;5440365,501914430400000;8,583407803000057;49,115378103000069;0
33276;08;2;15;100;2019;07;11;6;3;2;6;0;1;1;0;0;0;0;474709,018965732310000;5451878,656998118400000;8,652696547000062;49,219172519000040;0
33281;08;2;12;000;2019;07;12;6;3;7;7;0;1;0;0;0;0;0;457068,613869856110000;5428246,449857667100000;8,412977328000068;49,005619301000081;0
33282;08;1;18;046;2019;07;13;6;3;5;3;0;1;1;0;0;0;0;515465,700085950080000;5412648,133399406400000;9,210883537000029;48,866601691000028;0
33292;08;1;27;008;2019;07;23;6;1;6;6;2;0;1;1;0;0;0;571380,170363322830000;5460647,218346554800000;9,981711309000048;49,294399578000082;0
33306;08;4;15;050;2019;08;17;3;3;0;6;0;1;0;0;0;1;0;521412,817231913100000;5376773,716622877900000;9,290113970000050;48,543699945000071;0
33307;08;4;16;048;2019;08;13;2;3;5;3;0;1;1;0;0;0;0;497460,544905754740000;5375355,364695457700000;8,965602325000077;48,531300343000055;0
33322;08;3;17;089;2019;08;18;2;2;0;3;0;1;1;0;0;0;0;429565,965931871910000;5372330,788172580300000;8,046529515000032;48,500146311000037;0
33331;08;2;21;000;2019;08;07;2;3;6;4;0;1;0;1;0;0;0;477790,859332365920000;5472952,416511997600000;8,693844066000054;49,408850404000077;0
33332;08;2;16;005;2019;08;17;2;3;0;7;0;1;0;0;0;0;0;445343,491171131840000;5418062,232949776600000;8,254033901000071;48,913086141000065;0
33334;08;2;16;043;2019;08;11;2;2;0;7;0;1;0;0;0;0;0;442710,448907046580000;5412673,916893724400000;8,218856264000067;48,864380466000057;0
33341;08;2;16;009;2019;08;10;5;3;1;5;0;1;1;0;0;0;0;446507,375757344070000;5419910,533288301900000;8,269675156000062;48,929813263000028;0
33353;08;1;21;000;2019;08;19;2;3;5;3;0;1;1;0;0;0;0;514865,082525763660000;5441545,663648413500000;9,203751302000057;49,126565998000046;0
33356;08;1;18;078;2019;08;18;5;3;4;6;0;1;1;0;0;0;0;515103,398107660000000;5420683,557738872200000;9,206240594000064;48,938894973000060;0
33362;08;4;35;036;2019;08;18;3;3;0;6;0;1;0;0;0;0;0;519838,716455573220000;5282507,043687410700000;9,264399267000044;47,695643728000050;1