OBJECTID;ULAND;UREGBEZ;UKREIS;UGEMEINDE;UJAHR;UMONAT;USTUNDE;UWOCHENTAG;UKATEGORIE;UART;UTYP1;ULICHTVERH;IstRad;IstPKW;IstFuss;IstKrad;IstGkfz;IstSonstige;LINREFX;LINREFY;XGCSWGS84;YGCSWGS84;STRZUSTAND
33370;08;4;36;011;2019;08;10;1;3;9;1;0;1;0;0;0;0;0;550034,705004571010000;5295283,326399793800000;9,668284858000050;47,808958650000079;0
33374;08;4;36;064;2019;08;18;1;3;0;1;0;1;0;0;0;0;0;546568,679999900050000;5290437,550671463800000;9,621474121000063;47,765621406000037;0
33399;08;3;35;079;2019;08;14;1;2;0;1;0;1;0;0;0;0;0;501220,345977555960000;5299800,705289533400000;9,016312766000056;47,851547649000054;0
33402;08;3;17;146;2019;08;21;1;3;9;7;2;1;0;0;0;0;0;430550,760716111400000;5356590,817887658300000;8,062467148000053;48,358670160000031;0
33403;08;3;17;085;2019;08;13;1;3;5;3;0;1;1;0;0;0;0;432164,007093008610000;5361368,875588478500000;8,083471001000021;48,401826292000067;0
33417;08;2;16;039;2019;08;19;1;3;0;7;0;1;0;0;0;0;0;443454,508080299010000;5415859,398103658100000;8,228560023000057;48,893102120000037;0
33418;08;2;12;000;2019;08;18;1;3;0;1;0;1;0;0;0;0;0;461790,417537453580000;5427405,692701155300000;8,477617071000054;48,998366887000032;0
33421;08;1;18;070;2019;08;13;1;3;2;6;0;1;0;0;0;0;0;525337,256500900720000;5425346,108303064500000;9,346274526000059;48,980502507000040;0
33427;08;1;18;019;2019;08;08;5;2;6;2;0;0;1;1;0;0;0;504558,164000000800000;5405265,068000003700000;9,062071233000040;48,800360669000042;0
33428;08;1;28;131;2019;08;12;1;3;0;7;0;1;0;0;0;0;0;537703,529365320690000;5512093,137369871100000;9,523494004000042;49,760132165000073;0
33429;08;1;27;014;2019;08;16;1;3;5;2;0;1;1;0;0;0;0;578338,499880970460000;5443478,676546348300000;10,074042945000031;49,139138472000070;0
33432;08;1;27;076;2019;08;13;1;2;8;1;0;1;0;0;0;0;0;553561,241093024610000;5440937,854032117900000;9,734038277000025;49,118944756000076;0
33434;08;2;15;106;2019;08;14;4;2;5;2;0;1;1;0;0;0;0;464095,840790827760000;5448868,308136554400000;8,507227133000072;49,191564420000077;1
33442;08;1;15;028;2019;08;18;5;3;3;6;0;1;0;0;0;0;1;503674,262632788160000;5401651,894919056400000;9,050002327000073;48,767862592000029;0
33444;08;1;16;007;2019;08;11;1;3;0;1;0;1;0;0;0;0;0;532074,655999999490000;5400194,201000003100000;9,436377630000038;48,753933853000035;0
33447;08;4;16;009;2019;08;13;1;3;0;7;0;1;0;0;0;0;0;505328,710873709060000;5382291,898526756100000;9,072267795000073;48,593685966000066;0
33448;08;4;36;064;2019;08;08;3;2;5;3;0;1;1;0;0;0;0;545439,462387640030000;5292201,126859828800000;9,606589735000057;47,781568976000074;1
33455;08;4;35;045;2019;08;14;7;3;0;1;0;1;0;0;0;0;0;534808,297688003630000;5285720,919307971400000;9,464156814000035;47,723926982000080;0
33459;08;4;26;021;2019;08;15;4;3;5;3;0;1;1;0;0;0;0;558931,874771703030000;5326803,288665900000000;9,791426454000032;48,091771921000031;0
33468;08;3;25;057;2019;08;09;7;3;0;1;0;1;0;0;0;0;0;472885,727371310820000;5356890,962578499700000;8,633928820000051;48,364608390000058;0
33478;08;2;31;000;2019;08;17;7;3;4;2;0;1;1;0;0;0;0;475783,328001776710000;5415008,731261741400000;8,669653927000070;48,887556857000050;0
33488;08;1;36;042;2019;08;20;7;2;0;1;0;1;0;0;0;0;0;547695,626874888320000;5403106,048210905900000;9,649227543000052;48,779126445000031;0
33498;08;1;25;107;2019;08;16;7;2;1;5;0;1;1;0;0;0;0;533270,281975824390000;5436779,314768662700000;9,455627181000068;49,082971096000051;0
33509;08;4;36;081;2019;08;12;3;3;0;6;0;1;0;0;0;0;0;561866,686878441830000;5282992,295449262500000;9,824553740000056;47,697351926000067;1
33516;08;4;35;016;2019;08;12;6;3;4;2;0;1;1;0;0;0;0;534039,306756844740000;5278250,020812921200000;9,453320035000047;47,656749391000062;0
33526;08;4;21;000;2019;08;16;6;3;3;6;0;1;0;0;1;0;0;569686,626000000160000;5354652,292000001300000;9,940416083000059;48,341206140000054;0
33528;08;4;15;029;2019;08;22;6;2;5;3;2;1;1;0;0;0;0;521995,705000001010000;5379390,936000004400000;9,298149496000065;48,567224783000029;0
33537;08;3;35;055;2019;08;23;6;3;8;1;2;1;0;0;0;0;0;497698,360649070700000;5284054,620317343600000;8,969316708000065;47,709868792000066;0
33538;08;3;35;043;2019;08;18;6;3;8;7;0;1;0;0;0;0;0;510340,497019614090000;5287042,491817673700000;9,137920533000056;47,736673763000056;0
33540;08;3;35;043;2019;08;15;6;2;6;4;0;0;1;1;0;0;0;511691,832181985490000;5287261,503615386800000;9,155950328000074;47,738621261000048;0
33545;08;3;36;091;2019;08;11;5;3;5;3;0;1;1;0;0;0;0;394719,993347221990000;5271716,467595703900000;7,599693007000042;47,590309738000030;0
33556;08;3;11;000;2019;08;11;6;2;5;2;0;1;1;0;0;0;0;413723,141999999990000;5316818,561000002500000;7,843421838000040;47,998840969000071;0
33567;08;2;16;043;2019;08;17;6;3;5;3;0;1;1;0;0;0;0;441644,811125762760000;5411660,021888991800000;8,204472281000051;48,855161167000063;1
33577;08;1;18;081;2019;08;14;6;3;6;4;0;0;0;1;0;1;0;520109,281000000420000;5413276,368000002600000;9,274231592000035;48,872119927000028;0
33578;08;1;36;088;2019;08;13;6;2;0;1;0;1;0;0;0;0;0;584555,821128403770000;5407935,490225248000000;10,151875887000074;48,818645205000053;0
33583;08;1;11;000;2019;08;07;4;3;3;6;0;1;1;0;0;0;0;509686,567195687440000;5403532,047825593500000;9,131866749000039;48,784711800000082;1
33598;08;3;35;043;2019;08;11;3;3;4;2;0;1;1;0;0;0;0;510946,972746168260000;5282000,287655703700000;9,145882942000071;47,691295978000028;0
33599;08;1;16;079;2019;08;12;6;3;0;7;0;1;0;0;0;0;0;533819,136818485330000;5377419,559928812100000;9,458250268000029;48,548963739000044;0
33601;08;1;15;028;2019;08;13;6;3;8;7;0;1;0;0;0;0;0;497461,368705097590000;5406646,558351207500000;8,965421395000021;48,812799971000061;0
33604;08;1;15;002;2019;08;18;6;3;5;3;0;1;1;0;0;0;0;499246,207611368970000;5386107,222167454700000;8,989770158000056;48,628031705000069;0
33611;08;4;36;081;2019;08;18;5;3;8;1;0;1;0;0;0;0;0;562649,537929969840000;5282061,047206541500000;9,834852632000036;47,688898308000034;0
33615;08;4;35;016;2019;08;09;5;3;0;2;0;1;1;0;0;0;0;535701,318622213790000;5277951,583895072300000;9,475428811000029;47,653974643000026;0
33617;08;4;35;016;2019;08;12;5;3;0;7;0;1;0;0;0;0;0;536687,855797643770000;5279347,307000258900000;9,488683061000074;47,666477325000074;0
33618;08;1;36;019;2019;08;16;5;3;5;3;0;1;1;0;0;0;0;582305,986960789190000;5424448,187082795400000;10,124559847000057;48,967463442000053;0
33625;08;4;26;128;2019;08;10;5;3;3;2;0;1;1;0;0;0;0;559388,072442929260000;5330951,840533457700000;9,798130074000028;48,129050520000078;0
33626;08;4;25;039;2019;08;15;5;3;5;2;0;1;1;0;0;0;0;566030,230311761610000;5352690,777266258400000;9,890772245000051;48,323953976000041;0
33629;08;4;16;041;2019;08;22;5;3;5;3;2;1;1;0;0;0;0;505398,962739091370000;5373349,441763429000000;9,073104559000058;48,513236253000059;0
33651;08;3;35;075;2019;08;19;5;2;6;4;0;0;0;1;0;0;1;488095,001874297860000;5288896,355330564100000;8,841161646000046;47,753327026000079;0
33657;08;4;36;049;2019;08;15;2;2;2;6;0;1;1;0;0;0;0;581713,798596184700000;5281010,053229844200000;10,088659798000037;47,677314142000057;0
33665;08;2;15;025;2019;08;12;4;3;5;3;0;1;1;0;0;0;0;475022,979713410140000;5434034,561114570100000;8,658113697000033;49,058673510000062;1
33668;08;4;36;085;2019;08;19;3;3;4;2;0;1;1;0;0;0;0;558531,359000001100000;5293862,166999999400000;9,781567856000038;47,795456241000068;0
33672;08;2;22;000;2019;08;18;5;3;5;3;0;1;0;0;0;0;0;463479,190162537620000;5483372,405286554200000;8,495601375000035;49,501882933000047;0
33674;08;1;15;003;2019;08;05;5;3;0;1;2;1;0;0;0;0;0;500352,097000000070000;5393215,987999999900000;9,004784415000074;48,691983582000034;0
33676;08;2;21;000;2019;08;13;5;3;5;3;0;1;0;0;0;0;0;476410,549148477610000;5472981,264656726300000;8,674814907000041;49,409057944000040;0
33688;08;1;19;067;2019;08;17;3;3;9;1;0;1;1;0;0;0;0;538809,598033743910000;5406899,683620210700000;9,528636359000075;48,813870134000069;0
33694;08;2;21;000;2019;08;17;4;3;3;2;0;1;1;0;0;0;0;476624,445462709290000;5472368,533364256800000;8,677799527000047;49,403554780000036;0
33695;08;1;18;048;2019;08;09;3;3;0;7;0;1;0;0;0;0;0;514231,210000001830000;5415606,069000002000000;9,194153635000021;48,893240106000064;0
33716;08;4;35;016;2019;08;12;3;3;0;1;0;1;0;0;0;0;0;533048,029000001030000;5280367,201999999600000;9,440279220000036;47,675850015000037;0
33722;08;3;11;000;2019;08;14;2;2;0;7;0;1;0;0;0;0;0;411201,675828072240000;5323787,108036043100000;7,808183348000057;48,061179140000036;0
33723;08;4;15;050;2019;08;21;4;3;5;2;2;1;1;0;0;0;0;521397,500088757840000;5375835,595278507100000;9,289858259000027;48,535260918000063;0
33727;08;4;35;024;2019;08;12;4;3;0;7;0;1;0;0;0;0;0;528997,430726334450000;5280952,704262232400000;9,386355755000068;47,681312438000077;0
33728;08;2;12;000;2019;08;08;2;2;3;2;0;1;1;0;0;0;0;460312,032066601330000;5424311,812973804800000;8,457708295000032;48,970443429000056;0
33729;08;2;12;000;2019;08;18;2;3;6;4;0;0;1;1;0;0;0;456856,812810834500000;5428278,304427700100000;8,410078040000030;49,005891067000050;0
33733;08;3;17;096;2019;08;18;3;3;5;3;0;1;1;0;0;0;0;420837,206332439560000;5368328,879384405900000;7,929146059000061;48,463110411000059;0
33734;08;4;16;036;2019;08;18;3;3;2;6;0;1;0;0;0;0;0;493681,266538667490000;5372655,488556467000000;8,914451825000072;48,506984607000049;0
33737;08;2;12;000;2019;08;19;2;2;5;3;0;1;1;0;0;0;0;460495,029000001030000;5425707,699000002800000;8,460073029000057;48,983011503000057;0
33740;08;2;31;000;2019;08;17;2;3;3;6;0;1;1;0;0;0;0;478264,590934926640000;5415634,293421389500000;8,703467719000059;48,893276200000059;0
33744;08;2;16;028;2019;08;14;2;3;5;2;0;1;1;0;0;0;0;426621,296055973510000;5397159,333362767500000;8,002282706000074;48,723138695000046;0
33754;08;1;36;065;2019;08;16;2;3;5;3;0;1;1;0;0;0;0;558355,524136191230000;5402980,664261046800000;9,794297841000059;48,777089984000042;0
33755;08;2;21;000;2019;08;09;5;3;5;2;0;1;0;0;0;0;1;476556,216000000950000;5472853,052999999400000;8,676830489000054;49,407910331000039;0
33758;08;3;11;000;2019;08;05;4;2;0;1;1;1;0;0;0;0;0;414434,139999999660000;5316758,139000004200000;7,852963133000060;47,998393009000040;0
33761;08;1;16;080;2019;08;17;4;3;1;5;0;1;1;0;0;0;0;519010,576035341250000;5395209,042823242000000;9,258412654000040;48,709623594000050;0
33765;08;1;25;005;2019;08;17;2;3;3;2;0;1;1;0;0;0;0;515641,360999999570000;5453155,207000002300000;9,214842990000022;49,230977746000065;0
33766;08;1;19;090;2019;08;08;2;2;5;3;0;1;1;0;0;0;0;531934,125310755330000;5406704,185047794100000;9,434971537000024;48,812502922000078;0
33770;08;1;15;021;2019;08;15;2;3;6;7;0;0;1;1;0;0;0;490416,748453320000000;5382412,860434174500000;8,870029599000077;48,594723503000068;0
33775;08;4;35;035;2019;08;20;1;2;6;6;2;1;1;1;0;0;0;542200,360429810360000;5282737,837687337800000;9,562434130000042;47,696646577000081;1
33778;08;4;36;008;2019;08;15;1;3;9;1;0;1;0;0;0;0;0;547870,975067642520000;5312259,120205821500000;9,641269495000074;47,961851155000033;0
33781;08;4;36;055;2019;08;11;1;3;0;3;0;1;1;0;0;0;0;571196,589736859310000;5289548,424542393500000;9,949957315000063;47,755372537000028;0
33785;08;4;37;088;2019;08;14;4;3;8;1;0;1;0;0;0;0;0;522318,234614351760000;5307955,030502390100000;9,298754731000031;47,924527642000044;0
33791;08;3;16;049;2019;08;17;3;2;5;3;0;1;1;0;0;0;0;403435,374725901520000;5341330,128687093000000;7,699995265000041;48,217844254000056;0
33795;08;3;17;057;2019;08;05;5;2;6;6;2;0;1;1;1;0;0;414035,318000000900000;5380024,353000000100000;7,834744114000046;48,567412774000047;0
33799;08;3;35;098;2019;08;16;1;3;4;6;0;1;0;0;0;0;0;503835,981696193110000;5296832,561962204100000;9,051250514000060;47,824831670000037;0
33800;08;3;35;043;2019;08;07;5;3;5;3;0;1;1;0;0;0;0;512059,567999999970000;5280892,822000000600000;9,160679088000052;47,681311586000049;0
33814;08;3;17;096;2019;08;05;1;3;0;7;2;1;0;0;0;0;0;424684,264682647770000;5370811,086214277900000;7,980730173000040;48,485910305000061;0
33835;08;2;22;000;2019;08;13;1;2;6;4;0;0;1;1;0;0;0;460893,606237103230000;5482401,447301872100000;8,459988905000046;49,492988513000057;0
33836;08;1;15;001;2019;08;17;4;3;0;1;0;1;0;0;0;0;0;493239,129312757400000;5391833,227484729100000;8,908153643000048;48,679507605000026;0
33840;08;2;16;043;2019;08;06;1;3;7;7;1;1;0;1;0;0;0;437947,920560205360000;5414833,605079559600000;8,153598590000058;48,883348315000035;0
33843;08;2;16;002;2019;08;17;1;2;4;6;0;1;0;0;0;0;0;444939,043400585650000;5423449,846783354900000;8,247786535000046;48,961511567000059;1
33845;08;1;11;000;2019;08;17;6;3;0;2;0;1;1;0;0;0;0;513629,041628803130000;5402403,240969801300000;9,185499408000055;48,774483252000039;0
33850;08;4;25;085;2019;08;07;1;2;0;1;0;1;0;0;0;0;0;581162,842549076300000;5375684,668322706600000;10,099333662000049;48,529019016000063;0
33855;08;4;35;016;2019;08;18;3;2;0;7;0;1;0;0;0;0;0;534188,133999999610000;5279328,440999997800000;9,455386359000045;47,666444559000070;0
33859;08;1;19;083;2019;08;19;1;3;0;1;0;1;0;0;0;0;0;534226,087353965270000;5419459,210141332800000;9,467256248000069;48,927119008000034;0
33860;08;1;18;048;2019;08;13;1;3;5;3;0;1;1;0;0;0;0;512891,537566143090000;5415287,508891027400000;9,175866788000064;48,890403743000036;0
33861;08;4;35;067;2019;08;14;4;2;0;1;0;1;0;0;0;0;0;528052,811821972950000;5289834,882254470100000;9,374342204000072;47,761270937000063;0
33863;08;1;18;081;2019;08;13;1;3;2;6;0;1;0;0;0;0;0;519061,344969742930000;5412848,227492461000000;9,259921027000075;48,868301593000069;0
33864;08;1;17;016;2019;08;10;1;3;8;1;0;1;0;0;0;0;0;550085,592000002040000;5378897,515999998900000;9,678825548000077;48,561170783000080;0
33866;08;1;16;008;2019;08;19;1;2;0;1;0;1;0;0;0;0;0;521386,429208182730000;5379694,862785873900000;9,289906566000070;48,569980051000073;1
33867;08;1;16;068;2019;08;17;1;3;3;6;0;1;0;0;0;0;0;526720,686994112100000;5389224,943881135400000;9,362828209000043;48,655508323000049;0
33869;08;2;15;017;2019;08;16;4;3;8;1;0;1;1;1;0;0;0;453544,516183374450000;5421109,612636858600000;8,365608634000068;48,941167493000080;0
33870;08;1;16;011;2019;08;15;1;3;0;1;0;1;0;0;0;0;0;531856,905602478420000;5379237,944977907500000;9,431801985000050;48,565424784000072;0
33871;08;1;16;033;2019;08;01;1;3;0;1;2;1;0;0;0;0;0;531493,413276962000000;5389265,416369549900000;9,427636254000049;48,655650057000059;0
33875;08;1;11;000;2019;08;14;1;3;5;3;0;1;1;0;0;0;0;515525,074000000020000;5405782,600999999800000;9,211433058000068;48,804839164000043;0
33893;08;4;15;053;2019;08;11;7;2;0;1;0;1;0;0;0;0;0;536470,617629325950000;5362148,026289403400000;9,492843889000028;48,411430926000037;1
33897;08;3;35;100;2019;08;15;4;2;0;1;0;1;0;0;0;0;0;488478,754056037400000;5285911,730936314900000;8,846360737000055;47,726479648000065;0
33907;08;3;17;057;2019;08;19;7;3;5;3;0;1;1;0;0;0;0;414290,492999999780000;5378221,288000000600000;7,838573649000068;48,551230133000047;0
33935;08;1;27;100;2019;08;17;7;3;8;1;0;1;0;0;0;0;0;552006,879522315230000;5437380,764408553000000;9,712279968000075;49,087083061000044;0
33937;08;1;27;025;2019;08;18;7;2;4;6;0;1;0;0;0;0;0;556196,993204811590000;5428961,414201520400000;9,768493963000026;49,010984934000078;0
33952;08;1;15;048;2019;08;17;7;3;2;6;0;1;1;0;0;0;0;509670,043122755360000;5387276,685891265000000;9,131260872000041;48,638478087000067;0
33959;08;4;26;062;2019;08;17;4;2;5;3;0;1;1;0;0;0;0;555905,316518815230000;5319101,570167224900000;9,749778236000054;48,022757488000082;0
33960;08;4;25;039;2019;08;17;6;3;5;2;0;1;1;0;0;0;0;566141,489853706210000;5353133,453488046300000;9,892342457000041;48,327924474000042;0
33963;08;4;16;011;2019;08;07;6;2;5;2;0;1;1;0;0;0;0;504720,364655504000000;5367014,394257975700000;9,063844449000044;48,456248977000030;0
33966;08;2;26;017;2019;08;22;3;2;2;6;2;1;1;0;0;0;0;492720,484820275570000;5465336,651122326000000;8,899789615000032;49,340708233000043;0
33976;08;3;17;065;2019;08;00;6;3;0;1;2;1;0;0;0;0;0;415431,525000000370000;5351253,405999999500000;7,859474084000055;48,308816565000029;0
33983;08;3;35;002;2019;08;14;5;2;0;1;0;1;0;0;0;0;0;506107,309588618580000;5284308,031817307700000;9,081420425000033;47,712124116000041;0
33994;08;3;35;043;2019;08;16;5;3;0;2;0;1;1;0;0;0;0;513845,015999999830000;5279559,169000001600000;9,184425606000048;47,669276063000041;0
33996;08;1;16;020;2019;08;09;4;2;6;4;0;0;1;1;0;0;0;526338,763871844860000;5382526,377366140500000;9,357216816000062;48,595264043000043;0
33999;08;4;21;000;2019;08;05;5;2;4;6;2;1;0;0;0;0;0;569885,108242658900000;5361597,676400646600000;9,944248745000039;48,403660583000033;0
34000;08;2;36;028;2019;08;16;6;3;6;7;0;0;1;1;0;0;0;494172,788999999870000;5422698,774000002100000;8,920398949000060;48,957180164000079;0
34004;08;2;21;000;2019;08;21;6;3;6;4;2;0;1;1;0;0;0;477380,830765703690000;5468119,626353092500000;8,688466835000043;49,365364946000057;1
34011;08;2;21;000;2019;08;08;6;3;5;2;0;1;1;0;0;0;0;476567,186035052870000;5472510,030645616400000;8,677001948000054;49,404825323000068;0
34025;08;3;17;096;2019;08;15;5;3;1;5;0;1;1;0;0;0;0;422060,213514228350000;5369763,107797294900000;7,945419722000054;48,476163916000075;0
34033;08;1;27;046;2019;08;12;6;3;8;6;0;1;1;0;0;0;1;570311,266251987780000;5448456,285930747200000;9,964874031000022;49,184878751000042;0
34041;08;4;35;059;2019;08;08;3;3;0;7;0;1;0;0;0;0;0;514281,427465646530000;5291518,733030512900000;9,190631071000041;47,776873630000068;0
34053;08;1;18;048;2019;08;19;6;3;5;3;0;1;1;0;0;0;0;514889,615305467510000;5414928,335692817300000;9,203111377000028;48,887127926000062;0
34062;08;1;11;000;2019;08;09;6;2;6;4;0;0;1;1;0;0;0;512650,299613488840000;5402085,016458269200000;9,172168421000038;48,771641196000076;0
34063;08;1;11;000;2019;08;10;6;3;6;4;0;1;0;1;0;0;0;513456,967817273920000;5402536,503307642400000;9,183161754000025;48,775685815000031;0
34066;08;4;36;081;2019;08;07;5;3;4;6;0;1;0;0;0;0;0;564926,253683204760000;5285733,798018420100000;9,865735076000021;47,721715931000062;0
34067;08;3;35;098;2019;08;17;4;3;4;6;0;1;0;0;0;0;0;501929,497147599240000;5296086,336699491400000;9,025775667000062;47,818126078000034;0
34068;08;4;35;035;2019;08;10;5;3;5;3;0;1;1;0;0;0;0;545103,275122389200000;5284208,991115991000000;9,601273396000067;47,709686631000068;0
34069;08;4;35;016;2019;08;13;5;3;4;2;0;1;0;0;0;0;1;535566,072353938590000;5281938,552968248700000;9,473952514000075;47,689854432000061;0
34070;08;1;25;056;2019;08;17;4;3;0;1;0;1;0;0;0;0;0;511408,488443577660000;5435770,488278754100000;9,156209873000023;49,074689728000067;0
34071;08;4;26;062;2019;08;15;5;3;8;3;0;1;1;0;0;0;0;556379,992999999780000;5316373,518000001100000;9,755785117000073;47,998173153000039;0
34082;08;3;11;000;2019;08;18;5;3;0;3;0;1;1;0;0;0;0;414812,052000001070000;5319260,677000001100000;7,857530966000070;48,020954763000077;0
34083;08;2;16;043;2019;08;16;3;3;5;3;0;1;1;0;0;0;0;442130,919613936920000;5411944,913030091700000;8,211058229000059;48,857769290000078;0
34085;08;1;11;000;2019;08;06;5;3;5;3;1;1;1;0;0;0;0;512472,287327916360000;5406757,387970369300000;9,169887567000046;48,813676987000065;0
34086;08;1;11;000;2019;08;07;5;2;5;2;0;1;0;0;0;0;1;518343,729011343790000;5403258,247006708800000;9,249706716000048;48,782053642000051;0
34087;08;1;25;056;2019;08;16;6;3;0;7;0;1;0;0;0;0;0;512109,478447536010000;5435879,798304116400000;9,165811357000052;49,075659634000033;0
34090;08;4;35;016;2019;08;09;4;3;6;2;0;0;1;1;0;0;0;536944,469937545250000;5278319,479009311600000;9,492014136000023;47,657214950000025;0
34095;08;4;21;000;2019;08;12;4;2;6;7;0;1;0;1;0;0;0;572307,785510250370000;5361933,528797932000000;9,977035613000055;48,406408390000081;0
34096;08;4;25;138;2019;08;14;4;3;0;1;0;1;0;0;0;0;0;573562,734233267610000;5350575,326265424500000;9,992004510000072;48,304092999000034;0
34097;08;3;17;026;2019;08;13;6;3;0;7;0;1;0;0;0;0;0;411165,257032437250000;5346831,965438175900000;7,802880130000062;48,268461861000048;0
34099;08;4;16;023;2019;08;11;4;3;2;6;0;1;0;0;0;0;0;507728,653123946860000;5370947,983268490100000;9,104605179000032;48,491607460000068;0
34102;08;1;11;000;2019;08;10;6;3;6;4;0;0;0;1;0;0;1;511499,801628412680000;5406197,858955748400000;9,156625517000066;48,808662292000065;0
34107;08;3;35;002;2019;08;11;4;3;0;7;0;1;0;0;0;0;0;505467,806478667070000;5285313,490779154000000;9,072907430000043;47,721176593000052;0
34109;08;1;18;018;2019;08;12;7;3;6;6;0;1;0;1;0;0;0;512730,057093523440000;5431789,656404694500000;9,174180104000072;49,038854303000051;0
34111;08;3;35;066;2019;08;17;7;3;0;1;0;1;0;0;0;0;0;506093,581005658950000;5281699,192310454300000;9,081200944000045;47,688650821000067;0
34112;08;3;17;153;2019;08;15;4;2;6;4;0;0;0;1;1;0;0;418081,050461725330000;5385129,621584417300000;7,888566491000063;48,613874322000072;0
34115;08;3;15;076;2019;08;21;4;2;0;1;0;1;0;0;0;0;0;392544,685054148550000;5297071,127986103300000;7,564520033000065;47,818013998000026;0
34118;08;3;16;011;2019;08;09;4;2;5;3;0;1;1;0;0;0;0;418458,187754511830000;5332165,854208121100000;7,903957092000042;48,137518057000079;0
34121;08;1;27;014;2019;08;16;1;3;0;1;0;1;0;0;0;0;0;580482,254093609750000;5443465,455732893200000;10,103426140000067;49,138742450000052;1
34127;08;2;37;019;2019;08;16;4;3;3;2;0;1;1;0;0;0;0;460770,737184307540000;5368193,804194109500000;8,469312698000067;48,465653715000030;0
34133;08;2;31;000;2019;08;17;4;3;5;3;0;1;1;0;0;0;0;474643,746365694330000;5416936,003799814700000;8,653989246000037;48,904848280000067;0
34142;08;4;17;075;2019;08;16;5;3;0;1;0;1;0;0;0;0;0;509111,830440876070000;5335297,593264613300000;9,122555081000030;48,170855001000064;0
34144;08;1;36;088;2019;08;21;5;2;6;1;2;0;0;1;1;0;0;574638,739820377900000;5413993,866280462600000;10,017906462000042;48,874407547000033;0
34149;08;4;35;036;2019;08;15;6;3;5;3;0;1;1;0;0;0;0;520370,146979474460000;5282592,188261449300000;9,271485770000027;47,696393284000067;0
34151;08;1;36;019;2019;08;12;4;3;5;3;0;1;1;0;0;0;0;582969,048836493860000;5425164,185507590000000;10,133763540000075;48,973814400000037;0
34161;08;1;11;000;2019;08;13;1;3;3;7;0;1;1;0;0;0;0;515555,049228751100000;5399179,290194705100000;9,211591496000040;48,745435640000039;0
34179;08;1;11;000;2019;08;12;4;3;6;2;0;0;1;1;0;0;0;511500,425660037440000;5406197,597294682600000;9,156634009000072;48,808659926000075;0
34183;08;3;17;152;2019;08;05;6;1;0;7;2;1;0;0;0;0;0;408925,634168269110000;5348403,118428269400000;7,772367959000064;48,282275779000031;0
34184;08;4;26;097;2019;08;10;3;3;6;4;0;0;1;1;0;0;0;536242,079670020380000;5333088,089011889000000;9,487262939000061;48,150008761000038;1
34186;08;1;36;002;2019;08;13;1;3;0;1;0;1;0;0;0;0;0;571120,327822139490000;5413668,400552036200000;9,969873920000055;48,871893704000058;0
34216;08;3;11;000;2019;08;18;7;3;5;2;0;1;1;0;0;0;0;415164,113000000830000;5315640,546000002000000;7,862967549000075;47,988437072000067;0
34234;08;4;26;090;2019;08;22;6;2;9;1;2;1;0;0;0;0;0;547795,668520479460000;5323789,758749358400000;9,641546305000077;48,065593349000039;0
34241;08;1;28;014;2019;08;15;6;3;5;3;0;1;1;0;0;0;0;546496,367400273680000;5481611,396304197600000;9,641958383000031;49,485361235000028;0
34244;08;1;16;019;2019;08;09;3;2;6;4;0;0;1;1;0;0;0;526452,347318399700000;5396938,970938233700000;9,359678533000022;48,724914552000030;0
34246;08;1;15;013;2019;08;08;3;3;4;6;0;1;0;0;0;0;1;495602,567000000740000;5389700,849000001300000;8,940283568000041;48,660345575000065;0
34248;08;2;22;000;2019;08;21;7;2;6;4;2;0;1;1;0;0;0;461899,795763479550000;5481352,076882481600000;8,473983657000076;49,483614001000035;0
34253;08;4;36;008;2019;08;00;2;3;0;7;2;1;0;0;0;0;0;549232,453217487780000;5311284,178661694800000;9,659394716000065;47,952976669000066;1
34256;08;3;35;063;2019;08;15;7;3;5;2;0;1;1;0;0;0;0;498769,034486408350000;5290675,225254124000000;8,983571194000035;47,769441256000050;0
34257;08;4;35;016;2019;08;16;2;3;4;2;0;1;1;0;0;0;0;536948,767092606980000;5280402,571123527400000;9,492247550000059;47,675957076000032;0
34264;08;3;35;022;2019;08;08;2;2;6;1;0;0;1;1;0;0;0;479095,246299878690000;5304342,292568447100000;8,720341226000073;47,892070691000072;1
34269;08;3;26;012;2019;08;16;2;3;5;3;0;1;1;0;0;0;0;462256,922683707440000;5310695,029017275200000;8,494532755000023;47,948456502000056;1
34277;08;3;11;000;2019;08;18;2;3;5;3;0;1;1;0;0;0;0;412891,672000000250000;5318052,093000002200000;7,832027512000025;48,009824218000063;0
34284;08;2;36;025;2019;08;14;2;2;6;4;0;0;1;1;0;0;0;490294,037188391200000;5407926,721995625600000;8,867765316000032;48,824245543000075;0
34288;08;1;27;014;2019;08;17;7;3;8;7;0;1;0;0;0;0;0;578830,019999999550000;5442134,728000003800000;10,080517809000071;49,126988382000036;0
34294;08;1;35;019;2019;08;11;1;1;0;1;0;1;0;0;0;0;0;584945,554377720690000;5391891,200431983900000;10,153875040000059;48,674286769000048;0
34298;08;1;25;110;2019;08;13;5;3;0;1;0;1;0;0;0;0;0;529442,593140983950000;5443225,252734340700000;9,403679690000047;49,141148713000064;0
34306;08;1;19;093;2019;08;10;1;3;5;2;0;1;1;0;0;0;0;525038,223604442550000;5404537,911517774700000;9,340913022000052;48,793331782000052;0
34308;08;4;36;052;2019;08;11;1;1;5;3;0;1;1;0;0;0;0;565712,141000001690000;5286680,976000001700000;9,876355874000069;47,730157752000025;0