OBJECTID;ULAND;UREGBEZ;UKREIS;UGEMEINDE;UJAHR;UMONAT;USTUNDE;UWOCHENTAG;UKATEGORIE;UART;UTYP1;ULICHTVERH;IstRad;IstPKW;IstFuss;IstKrad;IstGkfz;IstSonstige;LINREFX;LINREFY;XGCSWGS84;YGCSWGS84;STRZUSTAND
34314;08;1;19;079;2019;08;21;1;2;8;1;2;1;0;0;0;0;0;524996,334898244590000;5409763,298494698500000;9,340661052000030;48,840339715000027;0
34318;08;1;18;079;2019;08;20;5;3;4;2;2;1;1;0;0;0;0;510208,092876330950000;5421313,866395970800000;9,139410052000073;48,944665180000072;0
34322;08;4;15;050;2019;08;18;1;3;5;3;0;1;1;0;0;0;0;521262,963164195420000;5375860,525894790900000;9,288037069000040;48,535489774000041;0
34323;08;4;35;034;2019;08;16;6;3;5;3;0;1;1;0;0;0;0;531242,926656176340000;5284745,468353672000000;9,416545211000027;47,715332909000040;0
34327;08;3;37;013;2019;08;10;1;2;5;3;0;1;1;0;0;0;0;427287,067952157000000;5295719,154683658900000;8,028779927000073;47,810716651000064;0
34329;08;3;36;019;2019;08;09;1;3;0;1;0;1;0;0;0;0;0;393901,701513062230000;5276155,107709560500000;7,587737825000033;47,630102235000038;0
34331;08;3;35;066;2019;08;11;1;3;0;1;0;1;0;0;0;0;0;509419,258258022370000;5281798,726255059200000;9,125519822000058;47,689506475000030;0
34333;08;2;15;096;2019;08;12;7;3;3;2;0;1;1;0;0;0;0;464104,124338247810000;5418602,902671286800000;8,510023932000024;48,919321573000047;0
34335;08;3;25;049;2019;08;18;1;2;0;7;0;1;0;0;0;0;0;471098,218547767960000;5334254,683361530300000;8,611343064000039;48,160880289000033;0
34340;08;3;15;068;2019;08;18;1;3;0;1;0;1;0;0;0;0;0;438622,685812404380000;5301108,843565920400000;8,179407030000050;47,860386202000029;1
34344;08;3;15;015;2019;08;17;1;3;5;3;0;1;0;0;1;0;0;396705,814000000250000;5318974,330000003800000;7,614841424000076;48,015708177000079;0
34358;08;1;36;075;2019;08;11;1;3;8;7;0;1;0;0;0;0;0;596807,670190889390000;5421769,526653977100000;10,322010750000061;48,941272131000062;0
34370;08;2;15;064;2019;08;09;1;3;5;2;0;1;1;0;0;0;0;481042,590000000780000;5446539,240000002100000;8,739921904000028;49,171372055000063;0
34372;08;1;36;088;2019;08;08;1;3;0;1;0;1;0;0;0;0;0;580880,183762812060000;5409496,316547632200000;10,102121637000039;48,833173036000062;0
34374;08;1;25;046;2019;08;16;7;2;4;6;0;1;0;0;0;0;1;520489,168976989570000;5434032,959840826700000;9,280457217000048;49,058824724000033;0
34386;08;2;15;108;2019;08;20;5;3;0;1;1;1;0;0;0;0;0;451499,033643149770000;5423679,771014090600000;8,337371530000041;48,964129294000031;0
34388;08;1;18;081;2019;08;19;7;3;0;7;0;0;1;1;0;0;0;519055,827916207720000;5414365,302659969800000;9,259916487000055;48,881948945000033;0
34396;08;2;26;085;2019;08;17;6;3;9;7;0;1;0;0;0;0;0;484291,692002548840000;5455188,085418837100000;8,784157786000037;49,249262133000059;0
34413;08;4;16;041;2019;08;04;7;3;0;1;2;1;0;0;0;0;0;499924,963539366610000;5374487,816307637800000;8,998983765000048;48,523500702000035;0
34415;08;4;16;022;2019;08;17;7;3;2;6;0;1;1;0;0;0;0;510531,589825125410000;5374908,110536545500000;9,142641999000034;48,527193457000067;0
34416;08;4;37;124;2019;08;17;7;3;5;3;0;1;1;0;0;0;0;517149,664339199660000;5302073,405102625500000;9,229334435000055;47,871768181000050;0
34424;08;3;35;043;2019;08;12;7;2;0;6;0;1;0;0;0;0;1;510219,754095262850000;5288110,913850568200000;9,136335177000035;47,746288888000038;0
34425;08;3;27;002;2019;08;12;7;2;2;6;0;1;1;0;0;0;0;476882,340747122650000;5329251,691359907400000;8,689395384000022;48,116105863000030;0
34427;08;3;35;077;2019;08;06;6;3;5;3;0;1;1;0;0;0;0;494121,853504413740000;5293804,376090405500000;8,921506296000075;47,797570217000043;0
34433;08;3;35;015;2019;08;09;7;2;0;6;0;1;0;0;0;0;1;476931,127875478940000;5282676,684756122500000;8,692542656000057;47,697062813000059;0
34440;08;2;25;116;2019;08;11;7;3;6;6;0;0;0;1;0;0;1;498764,126693760040000;5468930,263416582700000;8,982975703000022;49,373075168000071;1
34444;08;2;21;000;2019;08;15;7;2;5;2;0;1;0;0;0;0;1;477706,250441285780000;5472762,632441010300000;8,692688394000072;49,407140231000028;0
34459;08;2;31;000;2019;08;17;6;3;6;4;0;0;1;1;0;0;0;479274,594003204260000;5413786,741466121700000;8,717340512000021;48,876690808000035;0
34460;08;2;25;075;2019;08;17;7;2;0;2;0;1;0;0;0;0;0;529069,763000001200000;5475086,190000005100000;9,400884674000054;49,427754070000049;1
34464;08;2;26;076;2019;08;10;6;3;8;7;0;1;0;0;0;0;0;475291,025392214770000;5464236,919327620400000;8,659925324000028;49,330359187000056;0
34472;08;2;15;100;2019;08;17;6;2;6;2;0;0;1;1;0;0;0;474360,847272711810000;5450315,083572857100000;8,648015310000062;49,205093523000073;0
34483;08;1;15;045;2019;08;15;5;2;0;1;0;1;0;0;0;0;0;500397,883374270050000;5394051,193055663300000;9,005407381000055;48,699497138000027;0
34485;08;4;36;064;2019;08;13;6;3;4;2;0;1;1;0;0;0;0;546533,266999695450000;5291047,380182810100000;9,621066869000060;47,771110614000065;0
34486;08;2;16;023;2019;08;08;5;3;5;2;0;1;1;0;0;0;0;437101,223321671600000;5408060,637525068600000;8,143091231000028;48,822341221000045;0
34492;08;4;35;016;2019;08;13;6;3;5;3;0;1;0;0;0;0;1;536163,740396150390000;5279052,932059096200000;9,481677721000040;47,663858238000046;0
34494;08;4;26;070;2019;08;17;6;3;5;3;0;1;1;0;0;0;0;565185,057000001890000;5341930,437000002700000;9,877712336000059;48,227244969000026;0
34495;08;1;16;072;2019;08;13;1;3;6;7;0;0;0;1;1;0;0;531296,614499579180000;5392452,119137441700000;9,425205216000052;48,684327161000056;0
34498;08;4;26;038;2019;08;13;6;2;4;2;0;1;1;0;0;0;0;561913,440583447930000;5315534,608963927300000;9,829833369000028;47,990114166000069;0
34502;08;4;15;061;2019;08;07;6;2;5;3;0;1;0;0;0;0;1;511986,701000002210000;5368544,215000001700000;9,162167534000048;48,469915410000056;0
34506;08;2;16;007;2019;08;18;5;2;5;2;0;1;1;0;0;0;0;435328,796110189520000;5394214,582556175100000;8,121122983000021;48,697614907000059;0
34507;08;4;15;061;2019;08;12;6;3;0;2;0;1;0;0;0;1;0;510955,006000000980000;5370198,531000003200000;9,148253188000069;48,484817129000078;0
34517;08;3;35;043;2019;08;09;6;3;5;2;0;1;1;0;0;0;0;513794,515485112560000;5280002,052194904500000;9,183766895000076;47,673262054000077;0
34518;08;1;36;065;2019;08;18;6;3;5;3;0;1;1;0;0;0;0;557815,493648981680000;5405470,904496692100000;9,787298389000057;48,799540360000037;0
34519;08;3;35;063;2019;08;13;6;3;8;7;0;1;0;0;0;0;0;501550,614533925430000;5286514,372475208700000;9,020680093000067;47,732002963000070;0
34525;08;2;35;020;2019;08;17;1;2;4;2;0;1;1;0;0;0;0;475977,784004240300000;5381470,549121372400000;8,674261632000025;48,585858862000066;0
34528;08;1;15;045;2019;08;11;6;3;0;7;0;1;0;0;0;0;0;500109,949441339820000;5395705,625794608100000;9,001494694000030;48,714380658000039;0
34529;08;1;36;019;2019;08;21;5;3;5;3;2;1;1;0;0;0;0;582293,720190614460000;5424465,717597287100000;10,124395823000043;48,967622744000039;0
34536;08;1;25;008;2019;08;11;6;3;5;3;0;1;1;0;0;0;0;523132,546185560520000;5431357,722316393600000;9,316486644000065;49,034666284000082;0
34548;08;1;18;003;2019;08;09;6;3;3;6;0;1;1;0;0;0;0;510285,380569098520000;5416818,318364620200000;9,140352180000036;48,904223263000063;0
34551;08;1;17;018;2019;08;15;6;2;6;4;0;0;1;1;0;0;0;538497,959000000730000;5395833,153000000900000;9,523356203000049;48,714339329000040;0
34553;08;4;26;021;2019;08;21;6;3;6;4;2;0;1;1;0;0;0;557634,417204310190000;5329436,894347459100000;9,774359689000050;48,115583044000061;0
34561;08;1;11;000;2019;08;20;6;2;8;7;2;1;0;0;0;0;0;517777,814885255880000;5406172,439694577800000;9,242129327000043;48,808285735000027;0
34566;08;2;11;000;2019;09;16;2;3;3;6;0;1;1;0;0;0;0;445426,807392572050000;5401940,082880411300000;8,257318223000027;48,768073015000027;0
34568;08;1;16;077;2019;08;20;7;3;0;7;2;1;0;0;0;0;0;515086,408488988880000;5390320,242260953400000;9,204892958000073;48,665750991000039;0
34575;08;4;17;079;2019;08;17;5;3;0;1;0;1;0;0;0;0;0;501963,340729431250000;5342193,523160036700000;9,026439077000021;48,232959073000075;0
34577;08;1;16;058;2019;09;14;3;3;5;3;0;1;1;0;0;0;0;533305,642630469990000;5395059,696964407300000;9,452709894000066;48,707680469000081;0
34578;08;4;15;090;2019;08;16;5;3;5;3;0;1;1;0;0;0;0;527714,739672116000000;5355067,344571327800000;9,374057821000065;48,348176248000073;0
34580;08;2;22;000;2019;08;16;7;2;5;2;0;1;1;0;0;0;0;462690,381003554910000;5482532,046541821200000;8,484786738000025;49,494276339000066;0
34582;08;1;21;000;2019;09;16;2;3;2;6;0;1;1;0;0;0;0;515649,299000000580000;5441955,970000000700000;9,214516171000071;49,130237378000061;0
34583;08;3;37;002;2019;08;11;5;3;6;4;0;0;1;1;0;0;0;435056,738754442890000;5277233,977766366700000;8,135302903000024;47,645244242000047;0
34584;08;4;35;016;2019;08;15;6;3;2;2;0;1;0;0;0;0;0;533140,996025272650000;5278484,829130882400000;9,441374916000029;47,658908712000027;0
34591;08;3;35;043;2019;08;07;5;3;0;1;0;1;0;0;0;0;0;513000,008617330340000;5284351,076952099800000;9,173312342000031;47,712409432000072;1
34605;08;3;15;113;2019;08;11;5;3;5;3;0;1;0;0;0;0;1;439801,456000000240000;5308121,756999999300000;8,194186895000030;47,923589198000059;0
34613;08;2;25;113;2019;09;13;1;3;8;1;0;1;0;0;0;0;0;503018,270523720420000;5473208,830727333200000;9,041609513000026;49,411554658000057;0
34619;08;2;21;000;2019;08;13;5;3;2;6;0;1;0;0;0;0;1;477010,404274911620000;5474934,821016470000000;8,682970721000061;49,426652799000067;0
34620;08;4;35;036;2019;09;07;2;2;0;1;0;1;0;0;0;0;0;520112,210451860910000;5282317,985245276200000;9,268035483000062;47,693934205000062;1
34627;08;3;35;043;2019;08;18;6;3;0;1;0;1;0;0;0;0;0;515517,250121677290000;5281046,422209812300000;9,206753686000070;47,682619864000060;0
34639;08;1;18;079;2019;08;15;7;3;0;7;0;1;0;0;0;0;0;510204,976311234760000;5423838,301552392500000;9,139430766000032;48,967374189000054;0
34648;08;1;26;011;2019;08;18;5;3;0;7;0;1;0;0;0;0;0;529539,287999999710000;5445364,260000001600000;9,405162285000074;49,160384773000033;0
34653;08;1;19;086;2019;09;15;3;3;2;3;0;1;0;0;0;0;1;535146,357000000770000;5405985,252999998600000;9,478661940000052;48,805862301000047;0
34655;08;1;19;042;2019;08;18;5;3;5;3;0;1;1;0;0;0;0;528755,885761482640000;5415066,435973512000000;9,392269359000068;48,887881943000082;0
34658;08;1;19;067;2019;08;13;5;3;5;2;0;1;1;0;0;0;0;539397,756823628210000;5405884,414979871400000;9,536550015000046;48,804700248000074;0
34661;08;1;15;021;2019;08;09;7;3;5;7;0;1;1;0;0;0;0;490371,555322715080000;5382420,538574760800000;8,869416502000036;48,594791884000074;0
34664;08;1;18;079;2019;08;22;5;3;5;3;2;1;1;0;0;0;0;508965,651227192020000;5423281,609667789200000;9,122485625000024;48,962385606000055;0
34665;08;2;31;000;2019;08;06;6;3;5;3;0;1;1;0;0;0;0;478027,248999999840000;5411550,931000003600000;8,700449144000061;48,856535168000050;0
34679;08;4;35;016;2019;08;14;4;3;5;3;0;1;1;0;0;0;0;537788,393999999390000;5278779,212999999500000;9,503292545000022;47,661302604000070;0
34683;08;4;26;031;2019;08;08;4;2;5;3;0;1;0;0;0;1;0;580492,682793929240000;5329059,317188778900000;10,081356919000029;48,109707155000081;0
34686;08;2;21;000;2019;09;19;3;3;0;7;0;1;0;0;0;0;0;476567,797632478180000;5472506,753609955300000;8,677010572000029;49,404795870000044;0
34690;08;4;15;060;2019;09;14;2;3;0;1;0;1;0;0;0;0;0;513392,480150824410000;5380435,318245166900000;9,181568120000065;48,576863203000073;0
34698;08;3;35;063;2019;08;13;4;3;0;7;0;1;0;0;0;0;0;501966,628241434690000;5291187,634869460000000;9,026249483000072;47,774049859000058;0
34701;08;1;19;075;2019;09;17;2;3;5;3;0;1;1;0;0;0;0;536816,169421381320000;5428114,097258646000000;9,503397865000068;49,004823849000047;0
34708;08;3;17;034;2019;08;00;4;3;8;7;2;1;0;0;0;0;0;425877,520309875720000;5363424,885528065300000;7,998184245000061;48,419612577000066;0
34716;08;1;11;000;2019;09;12;2;2;1;1;0;1;1;0;0;0;0;514973,926592976790000;5402829,799842763700000;9,203819515000021;48,778289623000035;0
34718;08;4;35;016;2019;08;13;6;2;7;1;0;1;0;0;0;0;0;534597,006882241930000;5281104,873142894400000;9,460973117000037;47,682406101000026;0
34738;08;2;16;028;2019;08;19;4;3;3;6;0;1;0;0;0;0;0;427080,425074197350000;5397869,220911448800000;8,008398883000041;48,729577800000072;0
34741;08;2;12;000;2019;08;21;4;3;5;3;2;1;1;0;0;0;0;456386,845999999900000;5425945,379000002500000;8,403902720000076;48,984873053000058;0
34744;08;1;18;048;2019;09;09;3;3;4;2;0;1;1;0;0;0;0;512881,118152431210000;5415287,075935019200000;9,175724633000073;48,890400065000051;0
34752;08;1;27;014;2019;08;19;4;2;0;1;0;1;0;0;0;0;0;570810,387174162080000;5444963,548408232600000;9,971107742000072;49,153407447000063;0
34753;08;3;26;041;2019;08;13;7;2;0;7;0;1;0;0;0;0;0;462424,395713164470000;5333426,291581824400000;8,494779102000052;48,152974034000067;0
34755;08;1;27;076;2019;08;01;4;3;1;7;2;1;1;0;0;0;0;553600,335410406810000;5440956,178554263000000;9,734576439000023;49,119106172000045;0
34761;08;3;25;071;2019;09;17;1;3;0;1;0;1;0;0;0;0;0;459358,561081292110000;5336630,689377797800000;8,453253119000067;48,181613873000060;0
34762;08;1;19;044;2019;08;18;4;2;9;1;0;1;0;0;0;0;0;546706,303952888590000;5424810,896533325300000;9,638240964000033;48,974442113000066;0
34778;08;1;15;037;2019;08;13;4;2;0;1;0;1;0;0;0;0;0;492217,410932680590000;5385691,657485969400000;8,894389083000021;48,624245234000057;0
34779;08;2;16;009;2019;09;06;3;3;5;3;0;1;1;0;0;0;0;446156,897106495690000;5420399,659487834200000;8,264825947000077;48,934182549000070;0
34800;08;3;37;053;2019;08;08;3;2;4;6;0;1;1;0;0;0;0;457524,191389187240000;5268729,611586805400000;8,435254581000038;47,570591953000076;0
34807;08;3;35;061;2019;08;17;3;3;0;1;0;1;0;0;0;0;0;495569,269334040580000;5279090,066768104200000;8,940984086000071;47,665188256000079;0
34809;08;4;36;082;2019;08;17;3;3;6;4;0;1;0;1;0;0;0;548341,036204586740000;5295410,821507511700000;9,645679223000059;47,810235171000045;0
34819;08;1;36;065;2019;09;12;1;3;8;1;0;1;0;0;0;0;0;559780,928000001240000;5404333,284000000000000;9,813894222000045;48,789121529000056;0
34822;08;2;12;000;2019;08;20;3;3;6;4;1;0;0;1;0;0;1;455143,428242267110000;5428104,599798435300000;8,386670502000072;49,004206425000064;0
34824;08;3;36;010;2019;08;16;7;3;3;6;0;1;1;0;0;0;0;413983,488795544950000;5293830,898126229600000;7,851493777000030;47,792089734000058;0
34835;08;1;35;019;2019;08;06;3;3;0;7;1;1;0;0;0;0;0;584340,228999999350000;5392428,354000000300000;10,145763774000045;48,679200160000050;0
34841;08;1;26;058;2019;08;11;3;3;4;2;0;1;0;0;0;0;1;545491,104000001210000;5455394,433000000200000;9,625083139000026;49,249628878000067;0
34842;08;1;19;086;2019;09;18;3;3;5;3;0;1;1;0;0;0;0;535127,879291334190000;5406004,305640345400000;9,478411930000050;48,806034736000072;0
34843;08;1;26;066;2019;08;13;3;3;6;4;0;0;0;1;0;0;1;537323,453704723160000;5450327,161708071800000;9,512386957000047;49,204601979000074;0
34850;08;1;15;028;2019;08;12;7;3;5;3;0;1;1;0;0;0;0;501283,584531634110000;5407786,973209712700000;9,017487228000050;48,823062891000063;0
34854;08;2;22;000;2019;08;13;6;3;5;3;0;1;1;0;0;0;0;463338,679822603240000;5483258,957292975900000;8,493671358000029;49,500854050000044;0
34861;08;1;19;067;2019;09;14;1;3;5;3;0;1;1;0;0;0;0;538780,524409878070000;5406886,675752146200000;9,528239127000063;48,813754937000056;0
34862;08;1;16;072;2019;08;18;3;3;6;7;0;1;0;1;0;0;0;530915,558598062950000;5393048,971154714000000;9,420072877000052;48,689715353000054;0
34864;08;1;15;051;2019;08;18;3;3;5;3;0;1;1;0;0;0;0;503962,818057411350000;5383677,553867610200000;9,053756839000073;48,606161789000055;0
34872;08;1;11;000;2019;08;17;3;3;3;6;0;1;1;0;0;0;0;515660,593765507450000;5394231,572254598100000;9,212839291000023;48,700923382000042;0
34874;08;1;11;000;2019;08;18;3;3;1;5;0;1;1;0;0;0;0;512707,798282348550000;5402594,720462946200000;9,172966714000040;48,776225286000056;0
34878;08;4;36;052;2019;08;10;7;3;5;3;0;1;1;0;0;0;0;566293,366833486590000;5293065,700425187100000;9,885080048000077;47,787538432000076;0
34882;08;1;35;015;2019;08;15;7;3;0;6;0;1;1;0;0;0;0;575482,501930143680000;5385525,182443734300000;10,024194293000050;48,618241886000078;0
34887;08;4;26;066;2019;08;05;2;2;5;3;2;1;0;0;1;0;0;583816,952707930470000;5324636,260061888000000;10,125138854000056;48,069491540000058;0
34888;08;2;15;017;2019;09;10;1;3;0;1;0;1;0;0;0;0;0;458013,870502579030000;5420178,176838951200000;8,426734269000065;48,933108497000035;1
34892;08;4;26;070;2019;08;15;6;3;3;6;0;1;0;0;0;1;0;565218,749570175070000;5341622,181206923000000;9,878118510000036;48,224468505000061;0
34894;08;2;25;074;2019;09;12;1;3;5;3;0;1;1;0;0;0;0;506958,293839554300000;5466570,898448793200000;9,095809988000042;49,351814113000046;0
34895;08;4;15;087;2019;08;10;2;3;0;1;0;1;0;0;0;0;0;513346,155049894940000;5381242,977920316200000;9,180966007000052;48,584130083000048;0
34897;08;2;15;101;2019;09;18;3;3;5;3;0;1;1;0;0;0;1;464805,769092406150000;5428090,468572637100000;8,518780568000068;49,004705923000074;0
34900;08;3;35;043;2019;08;09;2;3;6;4;0;0;1;1;0;0;0;513571,569013022820000;5279479,438372364300000;9,180780637000055;47,668564470000035;0
34908;08;2;37;028;2019;08;16;1;2;5;3;0;1;1;0;0;0;0;458718,913999999870000;5368513,319000002000000;8,441525757000022;48,468396750000068;0
34909;08;1;15;046;2019;09;19;2;3;5;2;0;1;1;0;0;0;0;508982,133372007870000;5389430,709121294300000;9,121969952000029;48,657866262000027;0
34916;08;3;17;034;2019;08;11;2;2;5;2;0;1;0;0;0;0;0;426174,544536457400000;5362866,054150212600000;8,002296467000065;48,414620674000048;0
34927;08;3;17;001;2019;09;19;2;3;0;7;0;1;0;0;0;0;0;431751,251914996650000;5386880,369932575200000;8,073720707000064;48,631262816000060;0
34933;08;4;16;036;2019;09;05;1;3;6;6;2;0;1;1;0;0;0;487225,687996382830000;5371526,684293689200000;8,827085783000030;48,496731349000072;0
34943;08;3;16;009;2019;08;12;7;2;8;1;0;1;0;0;0;0;0;421076,250502423380000;5325870,686203368000000;7,940306328000077;48,081220219000045;0
34946;08;3;16;020;2019;08;12;1;2;5;3;0;1;1;0;0;0;0;407776,402588597500000;5338608,955306056900000;7,759013450000055;48,194013869000059;0
34949;08;1;11;000;2019;08;12;7;3;5;3;0;1;1;0;0;0;0;515525,074000000020000;5405782,600999999800000;9,211433058000068;48,804839164000043;0
34955;08;3;15;056;2019;08;11;1;2;0;1;0;1;0;0;0;0;0;415157,475978017780000;5309865,025397611800000;7,864018387000044;47,936482647000048;0
34958;08;1;18;010;2019;08;10;7;3;6;7;0;0;1;1;0;0;0;507369,800000000750000;5434426,794999999900000;9,100886074000073;49,062664133000055;0
34960;08;1;27;102;2019;08;11;2;2;0;7;0;1;0;0;0;0;0;588178,641731721350000;5436419,502512082500000;10,207382796000047;49,074318541000082;0
34966;08;2;25;058;2019;08;17;2;2;4;2;0;1;0;0;0;0;1;509885,779000001960000;5471968,359000003000000;9,136253093000050;49,400323846000049;0
34974;08;2;26;038;2019;09;14;2;2;5;3;0;1;1;0;0;0;0;471198,364660521040000;5482119,883387452000000;8,602301181000030;49,491032656000073;0
34978;08;4;35;034;2019;08;11;6;3;5;3;0;1;1;0;0;0;0;532001,345678849150000;5284905,084698943400000;9,426668244000041;47,716731891000052;0
34979;08;4;37;053;2019;08;13;1;3;4;3;0;1;1;0;0;0;0;527615,556000000800000;5320228,432000001900000;9,370453118000057;48,034745466000061;0
34982;08;2;21;000;2019;09;11;3;3;0;7;0;1;0;0;0;0;0;476719,631309958170000;5472270,344373086500000;8,679117269000074;49,402675233000082;0
34985;08;4;37;076;2019;08;10;7;2;4;6;0;1;0;0;0;0;0;522466,148182572800000;5320285,928245935600000;9,301379716000042;48,035464725000054;0
34989;08;4;35;047;2019;08;14;1;3;9;6;0;1;0;0;1;0;0;513466,702474422750000;5295776,363920280700000;9,179888206000044;47,815199057000029;0
34991;08;4;35;034;2019;08;18;1;3;4;2;0;1;1;0;0;0;0;529705,135397718290000;5285754,663820181000000;9,396112005000020;47,724485645000073;0
34992;08;4;21;000;2019;09;10;2;3;5;3;0;1;0;0;0;0;1;572120,210431097080000;5361418,392192879700000;9,974412924000035;48,401796101000059;0
34994;08;4;25;081;2019;08;17;1;3;0;1;0;1;0;0;0;0;0;547700,437926409770000;5343097,989330684800000;9,642432789000054;48,239304716000049;0
35001;08;2;16;015;2019;09;12;1;2;0;1;0;1;0;0;0;0;0;455027,983610381370000;5409749,795707533100000;8,387115717000029;48,839092479000044;0
35003;08;2;15;108;2019;08;20;1;2;6;2;2;0;1;1;0;0;0;448612,389426089820000;5423043,102013051500000;8,298017097000070;48,958169195000039;0
35007;08;4;15;061;2019;08;13;7;3;0;1;0;1;0;0;0;0;0;515064,930299621080000;5370187,777084840500000;9,203871748000040;48,484635308000065;0
35010;08;3;25;053;2019;08;01;1;2;0;1;2;1;0;0;0;0;0;454731,953927862460000;5340559,619109150000000;8,390596035000044;48,216647091000027;0
35014;08;4;35;029;2019;09;10;1;3;5;3;0;1;1;0;0;0;0;544689,894139396960000;5273529,861148461700000;9,594670724000025;47,613632742000050;0
35025;08;1;11;000;2019;09;21;5;2;6;2;2;0;1;1;0;0;0;518735,787000001410000;5400765,859000003000000;9,254930076000051;48,759620716000029;0
35027;08;1;11;000;2019;09;11;5;3;5;2;0;1;1;0;0;0;0;513367,299135758540000;5404526,205219084400000;9,182006000000058;48,793586925000056;0
35029;08;1;19;067;2019;09;20;1;2;0;1;2;1;0;0;0;0;0;539186,708432263690000;5405845,921263109900000;9,533672247000027;48,804367319000050;1
35030;08;1;11;000;2019;09;17;5;2;7;7;0;1;1;0;0;0;0;514803,276046404620000;5406097,465507164600000;9,201614447000054;48,807689253000035;0
35038;08;4;36;014;2019;09;15;4;3;1;5;0;1;1;0;0;0;0;555713,620234495960000;5300356,023641234300000;9,744781332000059;47,854129542000067;0
35042;08;4;35;035;2019;09;16;4;3;0;2;0;1;1;0;0;0;0;542223,127505115230000;5283061,861056866100000;9,562768919000064;47,699560402000031;0
35044;08;4;35;016;2019;09;17;4;3;5;3;0;1;1;0;0;0;0;536191,363000000830000;5278079,247999999700000;9,481964988000073;47,655096063000030;0
35045;08;4;35;045;2019;09;12;7;2;5;3;0;1;1;0;0;0;0;536697,529464774770000;5284879,835229847600000;9,489277293000043;47,716254842000069;0
35052;08;3;35;063;2019;09;22;7;3;0;1;2;1;0;0;0;0;0;496687,039444262160000;5288097,053218586400000;8,955803968000055;47,746236642000042;0
35054;08;4;25;108;2019;09;20;4;3;5;3;1;1;1;0;0;0;0;554358,680689694360000;5357896,932225547700000;9,734005847000049;48,371899591000044;0
35055;08;3;35;043;2019;09;16;7;2;0;1;0;1;0;0;0;0;0;508491,401916820560000;5287218,650679955300000;9,113260977000039;47,738285756000039;0
35059;08;4;17;031;2019;09;06;4;3;5;3;1;1;0;0;0;0;1;497180,715258286330000;5356384,522122912100000;8,961939688000030;48,360628267000038;0
35062;08;3;17;096;2019;09;21;7;3;0;1;2;1;0;0;0;0;0;422973,844296669590000;5368391,032458517700000;7,958032380000077;48,463934751000068;1
35068;08;3;11;000;2019;09;07;7;3;0;1;0;1;0;0;0;0;0;414613,995700230820000;5317762,263272665400000;7,855173788000059;48,007449540000039;0
35076;08;3;35;055;2019;09;13;4;3;4;6;0;1;0;0;0;0;0;496049,642212632110000;5287165,917612453900000;8,947309328000074;47,737855077000063;0
35077;08;3;35;043;2019;09;16;4;2;0;7;0;1;0;0;0;0;0;513578,114722525700000;5279452,546152675500000;9,180866993000052;47,668322366000041;0
35079;08;4;35;029;2019;09;18;4;2;5;2;0;1;1;0;0;0;0;545998,977896834720000;5272162,516096668300000;9,611945656000046;47,601238721000072;0
35086;08;1;16;049;2019;09;10;5;3;6;7;0;0;1;1;0;0;0;525203,031602163800000;5386129,524506989900000;9,342032713000037;48,627724940000064;0
35090;08;1;35;019;2019;09;12;7;2;6;4;0;0;1;1;0;0;0;584957,433277707550000;5391899,333705892800000;10,154038037000021;48,674358306000045;0
35092;08;3;16;043;2019;09;17;4;2;5;6;0;1;0;0;0;0;0;409967,990000001150000;5329971,123000001500000;7,790325130000042;48,116631689000030;0
35094;08;3;36;069;2019;09;19;4;2;2;6;1;1;1;0;0;0;0;404520,579667200330000;5271042,368705622900000;7,730160519000037;47,585762918000057;0
35105;08;1;19;044;2019;09;08;7;3;5;2;0;1;1;0;0;0;0;542621,463999998760000;5426331,578000001600000;9,582584267000073;48,988416212000061;0
35115;08;2;26;013;2019;09;16;4;2;1;5;0;1;1;0;0;0;0;500376,070446729660000;5475193,946638979000000;9,005186344000038;49,429418063000071;0
35116;08;4;36;009;2019;09;23;6;3;8;1;2;1;0;0;0;0;0;556077,693288843150000;5308016,252275530200000;9,750643058000037;47,923013810000043;1
35124;08;2;21;000;2019;09;18;4;3;5;3;0;1;1;0;0;0;0;477286,948275128380000;5469960,064730906900000;8,687068740000029;49,381916009000065;0
35126;08;4;17;079;2019;09;16;6;3;5;7;0;1;1;0;0;0;0;501056,907405507750000;5344758,915736669700000;9,014239114000077;48,256041562000064;0
35128;08;2;11;000;2019;09;17;4;3;0;3;0;1;0;0;0;0;1;442922,513432581910000;5402660,789006795700000;8,223140695000041;48,774331228000051;0
35129;08;3;36;084;2019;09;15;6;2;8;7;0;1;0;0;0;0;0;405601,009224104700000;5278570,213952617700000;7,742903756000032;47,653638713000078;0
35135;08;3;17;110;2019;09;14;6;3;8;1;0;1;0;0;0;0;0;427271,110206505280000;5382120,774547889800000;8,013759004000065;48,587945744000081;0
35143;08;3;36;045;2019;09;18;6;3;6;4;0;0;1;1;0;0;0;399465,927000000140000;5285290,183000002100000;7,659678403000044;47,713162200000056;1
35151;08;2;22;000;2019;09;17;6;3;6;7;0;0;0;1;0;0;1;465735,770510049540000;5475731,025334265100000;8,527428030000067;49,433283626000048;0
35152;08;1;27;076;2019;09;13;4;3;5;3;0;1;1;0;0;0;0;552462,782860461620000;5439598,320879267500000;9,718811433000042;49,106990744000029;0