OBJECTID;ULAND;UREGBEZ;UKREIS;UGEMEINDE;UJAHR;UMONAT;USTUNDE;UWOCHENTAG;UKATEGORIE;UART;UTYP1;ULICHTVERH;IstRad;IstPKW;IstFuss;IstKrad;IstGkfz;IstSonstige;LINREFX;LINREFY;XGCSWGS84;YGCSWGS84;STRZUSTAND
35161;08;1;36;075;2019;09;16;6;2;6;5;0;0;1;1;0;0;0;603144,423541249710000;5420056,387343835100000;10,408085857000060;48,924841760000049;0
35166;08;1;25;056;2019;09;06;4;3;4;2;1;1;1;0;0;0;0;511139,560000000520000;5436290,653999999200000;9,152541932000077;49,079373785000030;0
35168;08;1;19;008;2019;09;15;5;2;8;1;0;1;0;0;0;0;0;532134,051992827100000;5421585,531300038100000;9,438864228000057;48,946358391000047;0
35170;08;1;17;026;2019;09;17;4;3;5;3;0;1;1;0;0;0;0;548721,041541436690000;5394340,812794247600000;9,662147930000060;48,700199985000040;0
35178;08;1;15;045;2019;09;20;4;3;3;2;2;1;1;0;0;0;0;500285,198338602670000;5395990,352659937000000;9,003877290000048;48,716942023000058;0
35182;08;1;15;003;2019;09;10;6;3;5;3;0;1;1;0;0;0;0;502006,790719165470000;5393369,171410193700000;9,027269707000073;48,693358507000028;0
35188;08;1;11;000;2019;09;12;4;3;0;4;0;0;0;1;0;0;1;515545,326813688500000;5405945,489524271300000;9,211715044000073;48,806303980000052;0
35190;08;1;11;000;2019;09;13;6;3;5;2;0;1;1;0;0;0;0;513368,355940030890000;5404529,557916186700000;9,182020499000032;48,793617063000056;0
35193;08;1;11;000;2019;09;12;4;3;0;7;0;1;0;0;0;0;0;514246,991779990490000;5401698,978388067300000;9,193885635000072;48,768133916000068;0
35194;08;1;11;000;2019;09;16;4;3;5;3;0;1;1;0;0;0;0;515934,599000001330000;5403717,905999999500000;9,216930163000029;48,786255066000081;0
35197;08;1;11;000;2019;09;11;4;2;0;7;0;1;0;0;0;0;0;508345,319000002000000;5397506,877000002200000;9,113485731000026;48,730528934000063;0
35199;08;1;11;000;2019;09;19;4;3;6;4;1;0;1;1;0;0;0;513626,667477333920000;5402380,095543339800000;9,185466328000075;48,774275090000060;0
35201;08;2;26;096;2019;09;10;5;3;6;2;0;0;1;1;0;0;0;476090,320949652230000;5489653,370643936100000;8,669392409000068;49,559006195000052;0
35202;08;4;35;057;2019;09;05;3;3;5;2;0;1;0;0;0;0;0;543022,000822283330000;5279221,052769443000000;9,573037547000070;47,664951028000075;0
35212;08;3;35;043;2019;09;13;5;2;5;2;0;1;1;0;0;0;0;515440,918428567240000;5281062,219625512100000;9,205737199000055;47,682763832000035;1
35213;08;4;15;061;2019;09;10;5;3;0;1;0;1;0;0;0;0;0;514575,206296080720000;5369760,001765728000000;9,197229497000024;48,480798428000071;0
35215;08;4;35;034;2019;09;08;5;3;0;1;0;1;0;0;0;0;0;528867,508969724180000;5285406,374882523000000;9,384919603000071;47,721389952000038;0
35220;08;3;17;047;2019;09;19;5;3;0;1;2;1;0;0;0;0;0;420547,919050838800000;5361229,386293869500000;7,926579528000048;48,399214519000054;0
35224;08;3;17;127;2019;09;16;5;2;5;2;0;1;1;0;0;0;0;422670,655494509260000;5352828,038625035400000;7,956797685000026;48,323907322000025;0
35231;08;3;35;063;2019;09;19;3;3;0;1;0;1;0;0;0;0;0;496776,115009808910000;5287722,478539589800000;8,956995043000063;47,742866825000078;0
35235;08;3;35;079;2019;09;11;3;3;5;3;0;1;0;0;1;0;0;500195,939477796670000;5302026,098462270600000;9,002620196000066;47,871571542000027;0
35237;08;2;26;054;2019;09;12;5;3;3;2;0;1;0;0;1;0;0;478066,028487829490000;5454986,884683433900000;8,698625264000043;49,247260824000080;0
35238;08;3;36;103;2019;09;17;5;2;4;6;0;1;1;0;0;0;0;415855,746811839750000;5286636,340939398900000;7,877880191000031;47,727616066000053;0
35243;08;2;25;058;2019;09;15;5;3;9;1;0;1;0;0;0;0;0;507600,029980939810000;5466556,500406730900000;9,104645878000042;49,351676940000061;0
35244;08;1;25;006;2019;09;12;5;3;5;3;0;1;1;0;0;0;0;505981,344654253680000;5453715,309137512000000;9,082165786000076;49,236186566000072;0
35245;08;2;15;009;2019;09;19;5;3;0;1;0;1;0;0;0;0;0;469613,372865991670000;5441077,042442271500000;8,583539154000050;49,121779215000061;0
35246;08;3;25;057;2019;09;10;3;3;6;4;0;0;1;1;0;0;0;472916,246533665810000;5356805,134219870000000;8,634346379000021;48,363837552000064;0
35248;08;3;17;089;2019;09;09;3;3;5;3;0;1;1;0;0;0;0;430671,823060763070000;5376443,572095284200000;8,060813796000048;48,537264487000073;0
35252;08;3;36;091;2019;09;17;3;3;0;7;0;1;0;0;0;0;0;394444,764318063860000;5273073,942064823600000;7,595706641000049;47,602475638000044;0
35262;08;3;16;055;2019;09;13;5;3;3;2;0;1;1;0;0;0;0;427608,561529581440000;5332999,494775081100000;8,026790371000061;48,146124230000055;0
35268;08;1;18;048;2019;09;11;5;3;6;4;0;0;1;1;0;0;0;513022,010110743340000;5415292,822458947100000;9,177646859000049;48,890448815000070;0
35276;08;2;22;000;2019;09;12;3;3;6;2;0;0;1;1;0;0;0;460972,408274011690000;5482624,065069662400000;8,461055027000043;49,494995910000057;0
35288;08;4;36;055;2019;09;13;4;2;3;2;0;1;0;0;0;1;0;576826,288468271490000;5297261,864412495900000;10,026426460000039;47,824116969000045;0
35292;08;4;35;024;2019;09;19;4;3;0;1;0;1;0;0;0;0;0;526446,363331055270000;5279964,170952212100000;9,352306678000048;47,672527496000043;0
35300;08;4;25;031;2019;09;22;4;3;0;1;2;1;0;0;0;0;0;569662,158807124940000;5368587,131879344600000;9,942398934000039;48,466557414000079;0
35301;08;2;22;000;2019;09;08;5;3;5;2;0;1;1;0;0;0;0;462858,075116063470000;5482760,377608517200000;8,487080888000037;49,496340348000047;0
35309;08;1;27;076;2019;09;16;3;3;0;7;0;1;0;0;0;0;0;553459,658178146000000;5440780,005070831600000;9,732625325000072;49,117533796000032;0
35317;08;3;36;050;2019;09;18;4;3;5;3;0;1;0;0;1;0;0;399256,461571284570000;5274924,861024184200000;7,659276806000037;47,619890979000047;0
35326;08;1;19;093;2019;09;17;3;3;4;2;0;1;1;0;0;0;0;523273,459403920920000;5406201,260847508900000;9,316979189000051;48,808363487000065;0
35329;08;3;27;029;2019;09;05;4;2;6;4;2;0;1;1;0;0;0;489721,282793973570000;5327513,421021651500000;8,861938096000074;48,100803408000047;0
35341;08;1;16;078;2019;09;12;3;3;6;3;0;0;1;1;0;0;0;512301,317173634660000;5392990,589576382200000;9,167147456000066;48,689834725000026;0
35342;08;2;12;000;2019;09;08;4;3;6;4;0;0;1;1;0;0;0;456399,248000000600000;5425492,594000002400000;8,404120780000028;48,980801057000065;0
35353;08;2;26;085;2019;09;20;4;3;2;6;2;1;1;0;0;0;0;486362,581156547180000;5456914,658956751200000;8,812554153000065;49,264842605000069;0
35355;08;2;26;013;2019;09;18;4;3;0;7;0;1;0;0;0;0;0;500329,764004069380000;5476439,411237554600000;9,004548773000067;49,440620964000061;0
35356;08;2;22;000;2019;09;08;4;3;5;5;0;1;1;0;0;0;0;461691,192619925360000;5484409,376038786000000;8,470807354000044;49,511099607000062;0
35361;08;2;21;000;2019;09;13;4;3;4;2;0;1;1;0;0;0;0;482368,800962890500000;5474070,186477836200000;8,756901271000061;49,419054486000050;0
35362;08;3;16;009;2019;09;19;5;3;4;4;0;1;0;1;0;0;0;417325,448911574670000;5326114,053498221600000;7,889907522000044;48,082933975000060;0
35365;08;4;26;070;2019;09;14;2;3;6;7;0;1;0;1;0;0;0;565211,444792108610000;5342289,437763949900000;9,878122854000026;48,230471744000056;0
35366;08;2;15;059;2019;09;17;4;3;5;3;0;1;1;0;0;0;0;485605,792999999600000;5434984,405999999500000;8,802936596000052;49,067555997000056;0
35367;08;1;15;045;2019;09;05;5;2;5;3;2;1;1;0;0;0;0;500611,238726151180000;5396580,712348414600000;9,008310705000042;48,722252697000044;0
35387;08;3;35;061;2019;09;16;2;3;0;1;0;1;0;0;0;0;1;496253,927040607670000;5279655,597590688600000;8,950098654000044;47,670281065000040;0
35393;08;1;28;131;2019;09;16;4;3;8;7;0;1;0;0;0;0;0;536630,475120867600000;5511315,617912834500000;9,508522695000067;49,753205450000053;0
35395;08;3;17;096;2019;09;20;2;3;5;3;2;1;1;0;0;0;0;420481,344781436960000;5368151,916779097200000;7,924366752000026;48,461473769000065;0
35401;08;1;26;066;2019;09;18;4;2;5;3;0;1;1;0;0;0;0;536547,226179528980000;5450082,193196360000000;9,501708826000026;49,202445278000027;0
35421;08;1;18;081;2019;09;17;4;2;0;7;0;1;0;0;0;0;0;518927,964000001550000;5412702,940000001300000;9,258095538000021;48,866998711000065;0
35422;08;2;15;103;2019;09;16;2;3;5;3;0;1;1;0;0;0;0;465189,921000001020000;5441108,251000002000000;8,522913352000046;49,121825342000079;0
35430;08;1;16;077;2019;09;17;4;3;5;3;0;1;1;0;0;0;0;514992,598610945980000;5391601,917375665200000;9,203665370000067;48,677283295000052;0
35437;08;1;11;000;2019;09;07;4;3;3;3;0;1;1;0;0;0;0;515525,074000000020000;5405782,600999999800000;9,211433058000068;48,804839164000043;0
35438;08;4;37;101;2019;09;05;3;3;7;7;1;1;0;0;0;0;0;524495,399099438450000;5324276,352909477400000;9,328829842000062;48,071291764000080;0
35442;08;4;37;100;2019;09;18;3;3;5;3;0;1;1;0;0;0;0;537978,890081317160000;5317480,184859704200000;9,509225161000074;48,009487691000061;0
35443;08;3;36;014;2019;09;12;5;3;4;6;0;1;0;0;0;0;0;392866,367155668330000;5278443,901614317700000;7,573400530000072;47,650519395000060;0
35445;08;4;35;036;2019;09;19;3;3;0;7;0;1;0;0;0;0;0;520182,100531064910000;5283249,159195346800000;9,269009991000075;47,702310323000063;0
35447;08;4;35;016;2019;09;13;3;3;0;4;0;0;0;1;0;0;1;536281,273926088590000;5277762,599293565400000;9,483136019000028;47,652242008000030;0
35448;08;1;21;000;2019;09;23;5;2;0;1;2;1;0;0;0;0;0;514785,151593584570000;5444377,968072043700000;9,202759622000031;49,152045473000044;0
35452;08;4;35;016;2019;09;11;3;3;8;7;0;1;0;0;0;0;0;534059,308871258050000;5278236,008351635200000;9,453585313000076;47,656622262000042;0
35458;08;4;37;100;2019;09;14;3;3;5;3;0;1;1;0;0;0;0;537355,505000000820000;5318552,440000001300000;9,500960514000042;48,019171324000069;0
35471;08;4;25;141;2019;09;06;3;3;3;2;2;1;1;0;0;0;0;566492,481000000610000;5363287,792000001300000;9,898683349000066;48,419230930000026;0
35481;08;3;35;002;2019;09;21;1;3;3;6;2;1;0;0;0;0;1;505313,879259012640000;5284787,440251270300000;9,070848557000034;47,716444674000059;0
35484;08;3;26;052;2019;09;13;1;3;5;3;0;1;1;0;0;0;0;450444,736052738500000;5330153,131475202700000;8,334098033000032;48,122706703000063;1
35488;08;3;36;084;2019;09;17;3;2;0;7;0;1;0;0;0;0;0;407122,690422901880000;5274568,954036196700000;7,764012063000052;47,617864944000075;0
35496;08;1;17;026;2019;09;19;5;2;3;2;1;0;1;1;0;0;0;547890,934427927250000;5394264,507344350200000;9,650858197000048;48,699577861000080;0
35504;08;3;17;089;2019;09;03;3;3;0;1;2;1;0;0;0;0;0;431592,615000000220000;5376527,292000001300000;8,073272272000054;48,538118638000071;0
35507;08;2;22;000;2019;09;22;5;3;3;2;2;1;1;0;0;0;0;461018,242870028130000;5483670,122489808100000;8,461584724000034;49,504407555000057;0
35509;08;3;15;133;2019;09;02;3;2;8;1;2;1;0;0;0;0;0;395997,149207314480000;5327206,700930140900000;7,603340002000039;48,089638716000081;0
35511;08;3;11;000;2019;09;11;3;3;5;2;0;1;0;0;0;1;0;412837,566999999810000;5317733,832000002300000;7,831366900000035;48,006953987000031;0
35520;08;2;11;000;2019;09;02;1;3;4;3;2;1;1;0;0;0;0;443494,753074314450000;5402034,766503149600000;8,231014491000053;48,768752285000062;1
35525;08;1;36;088;2019;09;16;2;2;2;6;0;1;0;0;0;0;0;580600,750000000930000;5413266,508000001300000;10,099056646000065;48,867119211000045;0
35529;08;1;16;078;2019;09;14;6;3;5;3;0;1;0;0;0;0;1;512011,980493723410000;5392315,485646937000000;9,163196407000044;48,683767079000063;0
35533;08;1;25;013;2019;09;22;2;2;0;6;2;1;0;0;0;0;0;504642,821966376160000;5435238,466950347600000;9,063565489000041;49,069992127000035;0
35536;08;1;11;000;2019;09;19;6;3;5;3;2;1;1;0;0;0;0;508137,875994290230000;5407814,388342013600000;9,110868782000068;48,823257529000045;0
35541;08;4;37;100;2019;09;17;5;3;8;1;0;1;0;0;0;0;0;537753,553254378030000;5317603,875167273000000;9,506214833000058;48,010613864000049;0
35542;08;1;19;038;2019;09;07;2;3;6;4;0;1;0;1;0;0;0;524949,051472508350000;5421150,834494756500000;9,340712012000040;48,942779651000080;0
35546;08;1;18;019;2019;09;11;2;3;6;4;0;0;1;1;0;0;0;504725,793832826430000;5404857,284716842700000;9,064349255000025;48,796691028000055;0
35551;08;1;11;000;2019;09;07;2;3;0;6;0;1;0;0;0;0;0;514138,111349144020000;5406039,974562365600000;9,192553256000053;48,807187561000035;0
35554;08;4;35;016;2019;09;09;5;3;0;7;0;1;0;0;0;0;0;535689,069720528090000;5279343,785481296500000;9,475379399000076;47,666501531000051;0
35561;08;4;36;018;2019;09;20;1;3;5;2;1;1;1;0;0;0;0;553671,825232291590000;5285953,288658287400000;9,715707475000045;47,724724621000064;0
35568;08;4;35;057;2019;09;18;1;3;0;2;0;1;0;0;0;0;0;541313,528529531320000;5279383,638473864600000;9,550297793000027;47,666525253000032;0
35571;08;4;35;030;2019;09;15;1;3;0;7;0;1;0;0;0;0;0;541512,650149522350000;5271663,340273484600000;9,552217716000030;47,597050291000073;0
35574;08;3;11;000;2019;09;11;5;3;5;2;0;1;1;0;0;0;0;414613,912559162830000;5317763,235590964600000;7,855172480000022;48,007458276000079;0
35575;08;4;37;059;2019;09;04;1;2;6;6;2;0;1;1;0;0;0;511470,580248249690000;5323415,949259730100000;9,153960694000034;48,063918004000072;0
35577;08;4;26;087;2019;09;15;1;3;6;4;0;0;1;1;0;0;0;570809,313067451120000;5324834,804045062500000;9,950587483000049;48,072854638000081;0
35578;08;3;35;099;2019;09;14;5;3;0;6;0;1;1;0;0;0;0;495030,646044408900000;5298223,407986121300000;8,933591147000072;47,837337975000025;0
35582;08;3;35;075;2019;09;10;5;3;5;2;0;1;1;0;0;0;0;487798,721905367450000;5289244,635084072100000;8,837198874000023;47,756455148000043;0
35586;08;3;35;055;2019;09;14;5;2;3;6;0;1;1;0;0;0;0;494979,678680896760000;5285071,469667360200000;8,933062098000050;47,719002614000033;0
35587;08;3;27;046;2019;09;15;5;3;6;4;0;0;1;1;0;0;0;480477,667542796580000;5324781,003808012200000;8,737905464000050;48,076003748000062;0
35590;08;3;25;011;2019;09;16;5;3;5;3;0;1;0;0;1;0;0;476387,928114102220000;5344544,539531013000000;8,681902457000035;48,253673771000081;0
35597;08;3;11;000;2019;09;07;5;3;3;6;0;1;0;0;0;0;1;413170,969076236710000;5315391,756873190400000;7,836309935000031;47,985931622000066;0
35603;08;2;12;000;2019;09;10;5;3;5;2;0;1;1;0;0;0;0;456399,248000000600000;5425492,594000002400000;8,404120780000028;48,980801057000065;0
35611;08;2;35;022;2019;09;16;5;3;5;3;0;1;1;0;0;0;0;471855,539785926230000;5379149,313082298300000;8,618522829000028;48,564805150000041;0
35613;08;3;25;071;2019;09;17;1;2;5;3;0;1;0;0;0;0;0;458994,919934819450000;5336642,074480431200000;8,448360211000022;48,181692928000075;0
35614;08;2;31;000;2019;09;17;5;3;6;4;0;0;1;1;0;0;0;477799,556847658940000;5415678,108237179000000;8,697121053000046;48,893653855000082;0
35616;08;2;26;084;2019;09;16;5;3;3;6;0;1;0;0;0;0;1;468402,136179286060000;5473524,868729382800000;8,564377067000066;49,413584348000029;0
35624;08;2;26;060;2019;09;12;5;2;6;4;0;0;1;1;0;0;0;477181,489311517220000;5463799,269126569900000;8,685968778000074;49,326496163000058;0
35625;08;3;15;070;2019;09;18;1;3;3;6;0;1;0;0;0;0;1;454805,548703790640000;5301005,473796621000000;8,395762318000038;47,860798646000035;0
35629;08;2;16;002;2019;09;09;5;2;0;1;0;1;0;0;0;0;0;444200,360999999570000;5422264,552000004800000;8,237858426000059;48,950783732000048;0
35646;08;1;27;014;2019;09;16;5;3;3;2;0;1;1;0;0;0;0;577294,985999999570000;5443737,445000004000000;10,059788288000050;49,141597984000043;0
35652;08;1;26;066;2019;09;14;5;3;0;7;0;1;0;0;0;0;0;540296,966326292600000;5452333,579233707900000;9,553407692000064;49,222461132000035;0
35663;08;1;18;046;2019;09;06;5;3;5;2;2;1;1;0;0;0;0;514629,860314287250000;5412675,977607445800000;9,199487461000047;48,866872452000052;0
35664;08;1;18;051;2019;09;13;5;3;0;7;0;1;0;0;0;0;0;509479,750000000930000;5415053,993000000700000;9,129317796000066;48,888364677000027;0
35672;08;1;17;024;2019;09;19;5;3;4;2;1;1;1;0;0;0;0;560413,606513234790000;5385426,375176135500000;9,819740149000040;48,618989798000030;0
35684;08;1;11;000;2019;09;08;5;3;5;3;0;1;1;0;0;0;0;511095,599874940700000;5403834,218283031100000;9,151056514000061;48,787406561000068;0
35692;08;4;36;082;2019;09;11;4;3;5;2;0;1;1;0;0;0;0;547677,766343702560000;5294799,196005957200000;9,636753398000053;47,804781903000048;0
35697;08;4;36;055;2019;09;09;4;3;3;6;0;1;1;0;0;0;0;577252,635562110690000;5301698,079796606700000;10,032913704000066;47,863973962000046;0
35699;08;4;35;067;2019;09;17;4;3;5;3;0;1;1;0;0;0;0;526072,601947245190000;5291580,402721131200000;9,348023178000062;47,777059197000028;0
35701;08;4;35;052;2019;09;09;4;3;3;6;0;1;1;0;0;0;0;526023,430357404050000;5289248,239993950400000;9,347227153000063;47,756077809000033;0
35704;08;4;35;016;2019;09;18;4;3;5;2;0;1;0;0;0;0;1;536157,336292400020000;5278449,264106534400000;9,481542476000072;47,658427152000058;0
35710;08;4;17;023;2019;09;15;4;3;5;3;0;1;0;0;1;0;0;491792,857603747400000;5353015,033501045800000;8,889269449000040;48,330267177000053;0
35716;08;4;17;079;2019;09;18;4;3;2;6;0;1;0;0;0;0;1;497620,879337756890000;5344113,514164283900000;8,967951088000064;48,250231436000036;0
35721;08;4;16;031;2019;09;19;4;2;6;4;2;0;0;1;1;0;0;502635,204253925940000;5362580,196328200400000;9,035614100000032;48,416368907000049;0
35722;08;1;16;033;2019;09;15;1;3;5;2;0;1;1;0;0;0;0;532265,537123931570000;5387954,957507778000000;9,438018177000060;48,643821898000056;0
35724;08;1;16;019;2019;09;11;1;3;0;7;0;1;0;0;0;0;0;523886,272171930410000;5399106,359716989100000;9,324913266000067;48,744515766000063;0
35725;08;3;35;079;2019;09;10;4;3;3;6;0;1;1;0;0;0;0;497445,438188300470000;5296231,252650771300000;8,965873399000031;47,819427777000044;0
35726;08;3;35;077;2019;09;07;4;3;5;3;0;1;1;0;0;0;0;494128,093204057780000;5293797,337655948500000;8,921589713000060;47,797506946000055;0
35727;08;3;37;065;2019;09;12;7;3;2;6;0;1;1;0;0;0;0;449349,608357404360000;5274509,168018193900000;8,325907379000057;47,622005181000077;0
35739;08;2;12;000;2019;09;15;4;3;5;3;0;1;1;0;0;0;0;457254,443364049310000;5428185,745968736700000;8,415524521000066;49,005086160000076;0
35751;08;2;31;000;2019;09;07;4;3;0;1;0;1;0;0;0;0;0;479432,510205050000000;5417502,561268156400000;8,719307128000025;48,910122377000050;0
35754;08;2;26;003;2019;09;09;4;3;6;7;0;0;1;1;0;0;0;463823,399862289430000;5460905,825525697300000;8,502401239000051;49,299824586000057;0
35756;08;2;22;000;2019;09;15;4;3;5;2;0;1;1;0;0;0;0;460054,500419556160000;5489041,195222241800000;8,447730214000046;49,552654266000047;0
35758;08;3;37;096;2019;09;23;7;2;6;4;2;0;1;1;0;0;0;419981,236999999730000;5267152,173000004100000;7,936450048000040;47,552857386000028;0
35763;08;4;36;082;2019;09;21;7;2;0;1;2;1;0;0;0;0;0;547625,605319947000000;5294663,814185865200000;9,636041944000056;47,803567743000031;0
35775;08;3;17;041;2019;09;15;7;3;4;6;0;1;0;0;0;0;0;440423,433476002890000;5348367,711894871700000;8,196891064000056;48,285705710000059;0
35779;08;1;15;045;2019;09;05;4;2;5;3;2;1;1;0;0;0;0;498680,083587450910000;5394599,524356551500000;8,982060099000023;48,704428702000030;0
35782;08;3;15;047;2019;09;02;7;3;0;7;2;1;0;0;0;0;0;414749,610867954790000;5322823,161781335200000;7,855984443000068;48,052992175000043;0
35785;08;4;21;000;2019;09;14;4;1;5;3;0;1;1;0;0;0;0;572525,548421523530000;5367805,112341994400000;9,980993878000049;48,459199365000075;0
35791;08;1;27;014;2019;09;16;4;3;5;3;0;1;1;0;0;0;0;578649,248029253450000;5445770,889831945300000;10,078750140000068;49,159714443000041;0
35795;08;2;15;111;2019;09;20;7;2;4;6;2;1;0;0;0;0;0;457251,910333222710000;5444989,654053930200000;8,413713348000044;49,156237475000069;0
35800;08;1;19;079;2019;09;12;4;3;5;3;0;1;1;0;0;0;0;521515,425952252000000;5407431,566766161500000;9,293100026000047;48,819494415000065;0
35804;08;1;19;067;2019;09;17;4;3;0;1;0;1;0;0;0;0;0;538911,882380673660000;5405720,142735850100000;9,529917719000025;48,803253140000038;0
35808;08;2;16;024;2019;09;17;7;2;0;7;0;1;0;0;0;0;0;445039,425117794420000;5408594,409898251300000;8,251156356000024;48,827895693000073;0
35813;08;2;16;009;2019;09;19;7;2;3;6;1;1;1;0;0;0;0;446348,034310470340000;5419584,102303322400000;8,267542833000050;48,926863224000044;0
35815;08;1;17;042;2019;09;11;4;3;5;6;0;1;0;0;0;0;0;554236,042681786230000;5393282,085183143600000;9,736954909000076;48,690221245000032;0
35826;08;2;11;000;2019;09;12;7;3;5;3;0;1;1;0;0;0;0;442728,017816726120000;5406087,086600787900000;8,220016174000023;48,805133286000057;0
35854;08;1;18;050;2019;09;10;6;3;5;3;0;1;1;0;0;0;0;506162,378073516300000;5416936,287619821700000;9,084092404000046;48,905339231000028;0
35855;08;4;36;014;2019;09;17;3;2;5;3;0;1;0;0;0;1;0;555675,799000000580000;5300383,931000001700000;9,744279374000030;47,854383894000080;0
35861;08;1;16;019;2019;09;17;7;3;5;3;0;1;1;0;0;0;0;520285,082680087540000;5399683,267468651800000;9,275957110000036;48,749833276000061;0
35862;08;4;15;080;2019;09;19;3;3;0;7;1;1;0;0;0;0;0;510830,822674562220000;5374159,437019795200000;9,146675407000032;48,520453047000046;0
35875;08;4;36;064;2019;09;08;6;3;5;2;0;1;1;0;0;0;0;543994,126251046550000;5292001,515668911900000;9,587276196000062;47,779873401000032;0
35877;08;4;35;057;2019;09;21;6;3;0;6;2;0;1;1;0;0;0;542297,484157656320000;5278351,512822805000000;9,563303565000069;47,657175319000032;0
35880;08;4;35;016;2019;09;14;6;3;0;7;0;1;0;0;0;0;0;530060,115506941450000;5279752,638640288300000;9,400431776000062;47,670466327000042;0
35886;08;4;21;000;2019;09;18;6;3;5;3;0;1;0;0;0;0;1;572237,684000001290000;5361428,457000002300000;9,976001597000050;48,401873185000056;0
35899;08;3;15;115;2019;09;14;3;3;0;1;0;1;0;0;0;0;0;407388,010821685190000;5320246,174021609100000;7,757776232000026;48,028786179000065;0
35900;08;3;36;081;2019;09;18;6;2;5;3;0;1;1;0;0;0;0;409906,202771313490000;5278041,401783166500000;7,800331018000065;47,649495436000052;0
35903;08;2;12;000;2019;09;14;3;3;5;2;0;1;1;0;0;0;0;452858,547000001180000;5429104,080000003800000;8,355314994000025;49,013026493000041;0
35907;08;3;17;065;2019;09;13;6;3;3;2;0;1;1;0;0;0;0;413624,266049925240000;5355206,775666197800000;7,834295631000032;48,344132124000055;0
35910;08;2;26;082;2019;09;18;3;3;4;6;0;1;1;0;0;0;0;479796,376557203010000;5479664,585337920100000;8,721147908000035;49,469295065000040;0
35921;08;2;12;000;2019;09;15;6;2;5;3;0;1;1;0;0;0;0;460010,477958430540000;5427855,415995664900000;8,453239452000048;49,002299505000053;0
35931;08;2;12;000;2019;09;17;3;2;5;3;0;1;0;0;1;0;0;452834,297000001180000;5429120,283000001700000;8,354981501000054;49,013170387000059;0
35935;08;3;17;056;2019;09;18;3;2;8;1;0;1;0;0;0;0;0;433063,006417354570000;5380131,758247902600000;8,092609666000044;48,570700094000074;0
35949;08;1;26;058;2019;09;08;3;3;4;2;0;1;1;0;0;0;0;542005,671168069360000;5450529,873465545500000;9,576683744000036;49,206122314000027;1
35952;08;1;15;051;2019;09;14;6;2;8;7;0;1;0;0;0;0;0;504778,172429856840000;5382545,073794040800000;9,064804329000026;48,595968036000045;0
35970;08;1;16;029;2019;09;12;3;3;5;3;0;1;1;0;0;0;0;537754,175923640840000;5386556,785393849000000;9,512398465000047;48,630936750000046;0
35982;08;4;36;081;2019;09;07;2;3;8;7;0;1;0;0;0;0;0;561909,545081199150000;5281346,636432079600000;9,824891379000064;47,682542251000029;0
35989;08;4;35;016;2019;09;06;2;3;5;3;1;1;1;0;0;0;0;535343,336247516800000;5277752,608548402800000;9,470645697000066;47,652204031000053;0
35991;08;4;35;024;2019;09;17;2;3;0;7;0;1;0;0;0;0;0;526225,407659437510000;5279938,201703455300000;9,349361703000056;47,672302837000075;0
35994;08;4;26;031;2019;09;06;2;2;5;2;0;1;0;0;0;0;1;583368,612214397640000;5330236,174557564800000;10,120215394000070;48,119923321000044;0
35995;08;1;19;044;2019;09;14;6;2;8;1;0;1;0;0;0;0;0;544992,213713020090000;5424577,664818378200000;9,614793586000076;48,972471362000078;0
35998;08;1;18;073;2019;09;16;6;3;6;4;0;0;1;1;0;0;0;499051,619006072170000;5425204,203766521100000;8,987039049000032;48,979744909000033;0
36007;08;4;15;087;2019;09;17;2;3;5;3;0;1;1;0;0;0;0;513332,134910555560000;5380848,314994154500000;9,180763242000069;48,580579904000047;0
36008;08;1;16;042;2019;09;15;6;3;0;7;0;1;0;0;0;0;0;517550,522480554880000;5382366,641043882800000;9,238021773000071;48,594135062000078;0
36009;08;3;36;078;2019;09;17;6;3;5;2;0;1;1;0;0;0;0;399859,221535494550000;5289287,248041294500000;7,664000930000043;47,749177567000061;0
36011;08;1;16;035;2019;09;12;6;3;0;1;0;1;0;0;0;0;0;526926,875771895980000;5391958,316039051900000;9,365805827000031;48,680088761000036;0
36014;08;3;37;022;2019;09;13;2;3;0;1;0;1;0;0;0;0;0;450157,930226840080000;5296114,517242860000000;8,334192294000047;47,816451718000053;0
36017;08;3;36;014;2019;09;17;2;2;0;7;1;1;0;0;0;0;0;391403,860440389250000;5281034,593847839200000;7,553288236000071;47,673578504000034;0
36025;08;1;16;019;2019;09;11;6;2;0;7;0;1;0;0;0;0;0;524570,143926289860000;5397613,178473871200000;9,334126441000024;48,731056692000038;0
36028;08;3;17;040;2019;09;13;6;3;0;1;0;1;0;0;0;0;0;432597,030811528680000;5346913,584831275000000;8,091633870000067;48,271839851000038;0
36041;08;2;35;079;2019;09;08;2;2;6;4;0;0;1;1;0;0;0;468491,932527753520000;5402586,690478308100000;8,571147401000076;48,775484981000034;0
36042;08;1;11;000;2019;09;18;6;3;5;3;1;1;1;0;0;0;0;512435,640857037160000;5398592,475976873200000;9,169141457000023;48,740226769000060;0
36043;08;2;35;035;2019;09;12;2;3;5;3;0;1;1;0;0;0;0;469421,652822971340000;5405791,633059011800000;8,583562843000038;48,804362098000070;0
36046;08;2;35;079;2019;09;20;2;2;6;6;2;0;0;1;1;0;0;467863,568576951510000;5402060,140144785900000;8,562636216000044;48,770716147000030;0