OBJECTID;ULAND;UREGBEZ;UKREIS;UGEMEINDE;UJAHR;UMONAT;USTUNDE;UWOCHENTAG;UKATEGORIE;UART;UTYP1;ULICHTVERH;IstRad;IstPKW;IstFuss;IstKrad;IstGkfz;IstSonstige;LINREFX;LINREFY;XGCSWGS84;YGCSWGS84;STRZUSTAND
36048;08;3;36;103;2019;09;17;5;2;4;6;0;1;1;0;0;0;0;415855,746811839750000;5286636,340939398900000;7,877880191000031;47,727616066000053;0
36054;08;4;35;024;2019;09;23;5;2;0;7;2;1;0;0;0;0;0;528795,742023621690000;5279472,385320685800000;9,383570938000048;47,668002288000025;0
36055;08;4;35;067;2019;09;13;5;3;5;3;0;1;0;0;0;0;1;529071,690596082250000;5293416,949556760500000;9,388177821000056;47,793454835000034;0
36057;08;2;26;098;2019;09;08;2;3;0;7;0;1;0;0;0;0;1;476612,989996762950000;5459369,365950010700000;8,678404596000064;49,286627686000031;1
36059;08;2;21;000;2019;09;08;2;3;4;6;0;1;0;0;0;0;0;476379,225250857880000;5472964,408407965700000;8,674384111000052;49,408905110000035;0
36060;08;4;35;016;2019;09;10;5;3;0;2;0;1;1;0;0;0;0;536848,639020296750000;5281754,673868646800000;9,491027797000072;47,688128142000039;0
36061;08;2;16;015;2019;09;07;2;3;0;4;0;0;0;1;0;0;1;450389,438360540200000;5405165,401417220000000;8,324459809000075;48,797501225000076;0
36065;08;4;25;124;2019;09;14;5;3;5;3;0;1;1;0;0;0;0;551165,822167633100000;5340082,220552567400000;9,688737331000027;48,211904086000061;0
36069;08;4;26;073;2019;09;19;5;2;5;3;2;1;1;0;0;0;0;566457,338503120470000;5337237,768801035400000;9,894106275000070;48,184898782000062;0
36080;08;4;16;048;2019;09;18;5;3;2;6;0;1;0;0;0;0;0;497341,296969625170000;5375376,407338110700000;8,963986943000066;48,531489157000067;0
36085;08;1;21;000;2019;09;11;4;3;5;3;0;1;1;0;0;0;0;516745,338330016470000;5443155,863670745900000;9,229590090000045;49,141001929000026;1
36089;08;1;15;048;2019;09;19;4;2;6;4;1;0;1;1;0;0;0;509649,468119219880000;5387275,897909959800000;9,130981570000074;48,638471317000040;1
36096;08;4;35;016;2019;09;21;3;3;0;3;2;1;1;0;0;0;0;534810,732609149070000;5278416,846611056500000;9,463606478000031;47,658209344000056;1
36097;08;4;26;066;2019;09;13;3;3;5;3;0;1;1;0;0;0;0;583672,416715267110000;5325460,321310969100000;10,123360375000061;48,076923232000070;0
36107;08;3;16;020;2019;09;10;3;3;0;1;0;1;0;0;0;0;1;408905,916000001130000;5338808,714000001500000;7,774166001000026;48,195973712000068;1
36129;08;1;35;020;2019;09;11;3;3;0;1;0;1;0;0;0;0;0;584660,707225685940000;5385595,970925590000000;10,148719745000051;48,617703899000048;0
36139;08;1;21;000;2019;09;15;3;3;5;3;0;1;1;0;0;0;0;514751,872872577980000;5441488,182716043700000;9,202197479000063;49,126051664000045;0
36140;08;1;18;049;2019;09;14;3;3;5;3;0;1;1;0;0;0;0;518942,064099602400000;5420561,062853522600000;9,258652321000056;48,937687423000057;0
36155;08;4;35;035;2019;09;07;2;3;5;3;0;1;1;0;0;0;0;541378,989763227290000;5283294,797974953400000;9,551540518000024;47,701710817000048;1
36157;08;4;25;039;2019;09;08;2;2;6;4;0;0;1;1;0;0;0;565888,348900704640000;5352424,481543112500000;9,888816830000053;48,321573294000075;1
36161;08;4;15;059;2019;09;09;2;2;0;3;0;1;1;0;0;0;0;516331,728000000120000;5368653,758000001300000;9,220955091000064;48,470803065000041;1
36165;08;3;35;075;2019;09;18;2;3;6;4;0;0;1;1;0;0;0;487928,647232031450000;5289064,826333040400000;8,838937447000035;47,754839758000060;0
36167;08;3;35;043;2019;09;17;2;2;5;3;0;1;0;0;0;0;1;513020,564266133120000;5280544,278966216400000;9,173472741000069;47,678156874000081;0
36175;08;3;11;000;2019;09;13;2;3;5;2;0;1;1;0;0;0;0;412447,358000001870000;5318484,953999998000000;7,825982932000045;48,013657204000026;0
36206;08;1;18;063;2019;09;07;2;3;6;4;0;0;1;1;0;0;0;515021,730381575410000;5423064,479495424800000;9,205213225000023;48,960314872000026;1
36212;08;1;16;080;2019;09;06;2;3;6;4;2;0;1;1;0;0;0;522140,675422457980000;5395645,430140255000000;9,300983251000048;48,713446031000046;1
36218;08;1;11;000;2019;09;21;2;3;0;7;2;1;0;0;0;0;0;510440,865670011380000;5397161,846221214200000;9,141973682000071;48,727393443000039;0
36219;08;1;25;111;2019;09;01;1;2;6;7;2;0;1;1;0;0;0;528664,486999999730000;5454295,693000001800000;9,393801153000027;49,240765292000049;0
36222;08;4;36;085;2019;09;04;1;3;0;7;2;1;0;0;0;0;0;560448,730697473510000;5294413,434178788200000;9,807244714000035;47,800238609000075;0
36228;08;3;36;008;2019;09;15;1;3;5;3;0;1;0;0;0;0;1;395788,397637959570000;5275580,522878352600000;7,612980530000073;47,625240135000070;0
36233;08;4;35;016;2019;09;17;1;2;5;3;0;1;0;0;0;0;1;539687,414000000800000;5286785,019000003100000;9,529312478000065;47,733219353000038;0
36237;08;3;17;001;2019;09;10;1;2;0;1;0;1;0;0;0;0;0;427756,347771709780000;5390624,607031559600000;8,018856306000032;48,664492895000080;0
36246;08;2;21;000;2019;09;05;1;3;5;3;2;1;1;0;0;0;0;475319,064329775980000;5469288,855131123200000;8,659998164000058;49,375802005000025;0
36269;08;4;35;016;2019;09;13;7;3;0;7;0;1;0;0;0;0;0;536015,648981956770000;5280037,033169789200000;9,479786451000052;47,672720847000051;0
36270;08;4;37;102;2019;09;15;7;2;5;7;0;1;0;0;1;0;0;496406,270708972590000;5329168,000171277700000;8,951715661000037;48,115762474000064;0
36275;08;4;17;031;2019;09;13;7;3;5;3;0;1;1;0;0;0;0;497763,382301604380000;5354118,988368209500000;8,969817724000052;48,340248421000069;0
36282;08;3;37;123;2019;09;12;7;3;3;2;0;1;0;0;1;0;0;453007,314324966630000;5279440,090374494000000;8,374053919000062;47,666645427000049;0
36285;08;3;26;074;2019;09;09;7;3;0;1;0;1;0;0;0;0;0;466748,988195426760000;5323563,118924297400000;8,553692218000037;48,064478475000044;0
36286;08;3;26;074;2019;09;18;7;2;5;2;0;1;1;0;0;0;0;459305,685965567830000;5325375,741657676200000;8,453617037000072;48,080354554000053;0
36292;08;2;35;085;2019;09;06;7;3;6;4;1;0;1;1;0;0;0;480979,141595277000000;5395694,559189286100000;8,741425198000059;48,713990974000069;0
36297;08;2;26;107;2019;09;14;7;3;5;3;0;1;1;0;0;0;0;474216,662377151660000;5483002,537524012800000;8,643919959000073;49,499107605000063;0
36305;08;1;15;045;2019;09;15;7;3;0;7;0;0;1;1;0;0;1;503439,276994490060000;5397772,663290916000000;9,046772053000041;48,732966348000048;0
36310;08;1;36;021;2019;09;10;7;3;6;7;0;0;1;1;0;0;0;575427,675031864080000;5408056,344602039100000;10,027570569000034;48,820907596000040;0
36312;08;1;36;088;2019;09;16;7;2;8;1;0;1;0;0;0;0;0;584518,142977339220000;5407831,359411552500000;10,151341266000031;48,817713771000058;0
36330;08;1;15;028;2019;09;09;7;3;6;2;0;0;1;1;0;0;0;501254,772809457970000;5405191,483593883000000;9,017086768000070;48,799714154000071;0
36339;08;4;17;002;2019;09;13;6;3;0;1;0;1;0;0;0;0;0;490327,238336245530000;5344009,425781216500000;8,869701675000044;48,249225617000036;0
36347;08;3;11;000;2019;09;16;1;3;3;6;0;1;0;0;0;0;0;413977,479938282630000;5314133,387378841600000;7,847368618000076;47,974721075000048;0
36351;08;2;25;033;2019;09;13;1;3;2;6;0;1;0;0;0;0;0;511094,331346748400000;5458500,183012908300000;9,152535310000076;49,279156066000041;0
36362;08;1;36;065;2019;09;19;1;3;0;1;1;1;0;0;0;0;0;561699,862201325600000;5403710,197499627200000;9,839923337000073;48,783329447000028;0
36367;08;1;25;046;2019;09;14;1;3;0;1;0;1;0;0;0;0;0;520283,811686580070000;5434197,974767435300000;9,277654574000053;49,060315899000045;0
36383;08;4;16;006;2019;09;20;1;2;0;7;2;1;0;0;0;0;0;498821,801808826630000;5359172,299110081000000;8,984086523000030;48,385713978000069;1
36384;08;1;11;000;2019;09;10;1;3;5;2;0;1;1;0;0;0;0;509418,738092357290000;5398267,486675923700000;9,128100213000039;48,737356086000034;0
36385;08;4;37;124;2019;09;17;7;2;0;1;0;1;0;0;0;0;0;512986,497000001370000;5301141,304000001400000;9,173634640000046;47,863479436000034;0
36387;08;4;35;016;2019;09;11;7;3;0;7;0;1;0;0;0;0;0;535718,083022583280000;5277749,530611056800000;9,475635544000056;47,652155759000038;0
36396;08;3;35;063;2019;09;17;7;3;5;7;0;1;1;0;0;0;0;496937,932468845510000;5287953,718818377700000;8,959151975000054;47,744948219000037;0
36397;08;3;35;043;2019;09;20;7;3;1;5;2;1;1;0;0;0;0;511102,656000000420000;5281784,231000000600000;9,147952123000039;47,689349320000076;0
36406;08;3;15;113;2019;09;15;7;2;6;4;0;0;1;1;0;0;0;440868,232363625430000;5310070,274197688300000;8,208197685000073;47,941218208000066;0
36432;08;1;17;024;2019;09;10;7;3;8;1;0;1;0;0;0;0;0;563821,409000000920000;5382046,710000002800000;9,865454985000042;48,588250621000043;0
36439;08;1;11;000;2019;09;18;7;3;3;6;0;1;1;0;0;0;0;517284,195969693360000;5405075,075416380500000;9,235360226000069;48,798427937000042;0
36441;08;4;37;031;2019;09;13;6;3;6;4;0;0;1;1;0;0;0;516103,779000000100000;5344103,411000000300000;9,216931327000054;48,249940381000044;0
36442;08;4;35;016;2019;09;10;6;3;0;7;0;1;0;0;0;0;0;536822,812789526770000;5279796,247895777200000;9,490518469000051;47,670508946000041;1
36488;08;3;35;043;2019;09;16;1;3;6;4;0;0;1;1;0;0;0;514070,200613108460000;5279673,354084054000000;9,187428890000035;47,670298601000070;0
36497;08;1;18;076;2019;09;13;6;3;6;4;0;0;1;1;0;0;0;504488,790463146750000;5422375,459206013000000;9,061314365000044;48,954282895000063;0
36505;08;1;18;050;2019;09;12;6;2;6;4;0;0;1;1;0;0;0;505871,684999999590000;5416686,684999998700000;9,080121993000034;48,903096691000030;1
36511;08;1;11;000;2019;09;16;6;3;0;2;0;1;1;0;0;0;0;509418,783371246420000;5398267,664370272300000;9,128100833000076;48,737357684000074;1
36512;08;1;11;000;2019;09;18;6;3;5;3;0;1;1;0;0;0;0;513395,686321226880000;5402516,300985282300000;9,182327003000069;48,775505399000053;1
36520;08;4;16;025;2019;09;07;5;3;5;3;1;1;1;0;0;0;0;504028,383238415230000;5361454,048973368500000;9,054431729000044;48,406230114000039;0
36521;08;4;15;061;2019;09;13;5;3;3;2;0;1;1;0;0;0;0;515366,138219693680000;5370788,820743825300000;9,207970036000063;48,490035222000074;0
36524;08;4;36;082;2019;09;16;1;3;0;1;0;1;0;0;0;0;0;549018,604526704180000;5295264,107715230400000;9,654712138000036;47,808863944000052;0
36527;08;3;35;079;2019;09;15;5;3;5;3;0;1;1;0;0;0;0;501160,422962098380000;5299181,655045434800000;9,015510095000025;47,845977902000072;0
36529;08;3;35;026;2019;09;15;5;2;0;1;0;1;0;0;0;0;0;481255,654252740550000;5282780,037271440000000;8,750174011000070;47,698132688000044;0
36530;08;4;35;016;2019;09;12;5;3;0;7;0;1;0;0;0;0;0;534055,604676847350000;5278238,603321332500000;9,453536186000065;47,656645805000039;1
36535;08;3;17;141;2019;09;17;5;3;0;1;0;1;0;0;0;0;0;419885,008206299510000;5380093,125277677600000;7,914008346000060;48,568806439000070;0
36546;08;2;35;007;2019;09;09;5;3;3;6;0;1;0;0;0;0;1;484998,961480105300000;5396779,068630984100000;8,796031889000062;48,723856896000029;0
36571;08;1;19;067;2019;09;08;5;3;5;2;0;1;1;0;0;0;0;538750,553793895060000;5406857,233409913300000;9,527828128000067;48,813491958000043;0
36572;08;1;18;049;2019;09;07;5;3;3;2;0;1;1;0;0;0;0;518923,102401766930000;5421038,516376439500000;9,258415575000072;48,941982994000057;1
36585;08;2;36;071;2019;09;17;4;3;5;3;0;1;1;0;0;0;0;468586,143947248350000;5422269,336824541900000;8,570918667000058;48,952546526000049;1
36589;08;1;18;079;2019;09;16;5;3;5;3;0;1;1;0;0;0;0;509901,810999999750000;5421719,370000002900000;9,135237086000075;48,948317938000059;0
36592;08;4;36;082;2019;09;22;4;3;4;6;2;1;1;0;0;0;0;547861,786290091460000;5296784,318307446300000;9,639430122000022;47,822628231000067;1
36594;08;4;36;049;2019;09;06;4;3;5;3;2;1;1;0;0;0;0;578707,918999999760000;5283650,960000000900000;10,049096391000035;47,701445126000067;1
36595;08;2;15;009;2019;09;13;4;3;5;3;0;1;1;0;0;0;0;470861,790465206840000;5441978,723527705300000;8,600583629000028;49,129950467000072;1
36599;08;4;35;066;2019;09;19;4;3;6;4;2;0;1;1;0;0;0;518930,054367653090000;5286952,771343022600000;9,252482414000042;47,735671639000032;1
36616;08;3;25;057;2019;09;16;4;3;6;7;0;0;0;1;0;0;1;473570,715266475450000;5355462,180225290400000;8,643266442000027;48,351783478000073;0
36618;08;3;17;041;2019;09;14;4;3;0;1;0;1;0;0;0;0;0;439797,286000002180000;5348308,923999998700000;8,188459673000068;48,285117614000058;1
36624;08;3;15;007;2019;09;16;4;3;6;4;0;0;1;1;0;0;0;400688,315705426970000;5295872,840632259800000;7,673552809000057;47,808543999000051;0
36626;08;2;11;000;2019;09;16;4;3;0;7;0;1;0;0;0;0;0;441865,867972575130000;5403517,612747106700000;8,208639379000033;48,781940618000078;1
36631;08;1;16;049;2019;10;13;7;3;5;3;0;1;0;0;0;0;0;525171,814460149030000;5385774,901603393300000;9,341587539000045;48,624535994000041;1
36641;08;4;36;052;2019;10;15;6;3;6;4;0;0;1;1;0;0;0;566060,476554553020000;5293087,942899439500000;9,881974506000063;47,787762467000050;1
36647;08;3;25;014;2019;10;18;6;3;0;7;0;1;0;0;0;0;0;461975,030251338150000;5343900,729269690800000;8,487798892000058;48,247180736000075;1
36673;08;2;22;000;2019;10;19;6;3;3;2;1;1;1;0;0;0;0;462488,390999999830000;5480291,404000001000000;8,482210124000062;49,474110445000065;1
36677;08;1;16;056;2019;10;00;1;3;0;1;2;1;0;0;0;0;0;529545,125899559820000;5396360,645641533700000;9,401689288000057;48,719573098000069;0
36693;08;4;25;071;2019;10;11;7;2;0;1;0;1;0;0;0;0;0;552683,372471293430000;5367447,989282878100000;9,712585678000039;48,457961463000061;1
36710;08;3;35;075;2019;10;11;5;3;8;1;0;1;0;0;0;0;0;493960,892318088560000;5285890,451782735100000;8,919466878000037;47,726362772000073;0
36716;08;2;12;000;2019;10;16;5;3;5;3;0;1;1;0;0;0;0;453086,442153572100000;5428785,132372202400000;8,358468243000061;49,010174919000065;0
36722;08;2;22;000;2019;10;15;5;3;0;7;0;1;0;0;0;0;0;468101,103019128550000;5479662,968931932000000;8,559732996000037;49,468778766000071;0
36723;08;3;35;075;2019;10;14;1;3;6;4;0;0;1;1;0;0;0;487622,481037513350000;5289734,860978134000000;8,834833350000054;47,760862610000061;1
36727;08;1;36;065;2019;10;10;5;3;5;3;0;1;1;0;0;0;0;557859,609285631220000;5405392,715762382400000;9,787888056000043;48,798832942000047;0
36731;08;1;27;076;2019;10;14;5;3;3;7;0;1;1;0;0;0;0;553935,284133176320000;5440250,990878580100000;9,739072165000039;49,112733934000062;0
36742;08;4;35;016;2019;10;06;4;3;5;3;1;1;1;0;0;0;0;536437,251469806770000;5279068,215190161000000;9,485321852000027;47,663980395000067;1
36754;08;4;16;025;2019;10;00;7;3;0;6;2;1;0;0;0;0;1;502243,142964309080000;5360296,800765661500000;9,030303288000027;48,395827749000034;0
36758;08;3;17;009;2019;10;10;4;2;5;2;0;1;0;0;0;1;0;426552,795125135220000;5361374,874961955500000;8,007668500000023;48,401251434000073;0
36768;08;3;35;043;2019;10;15;7;3;0;3;0;1;0;0;1;0;0;513778,587264257480000;5279896,499907180700000;9,183551375000036;47,672312670000053;1
36774;08;2;26;096;2019;10;15;4;3;4;2;0;1;1;0;0;0;0;476106,948235288260000;5489110,411183502500000;8,669655259000024;49,554123151000056;0
36777;08;2;16;007;2019;10;09;4;3;8;1;0;1;0;0;0;0;0;436735,878184182570000;5394746,007931616200000;8,140161435000039;48,702539392000062;1
36778;08;2;15;017;2019;10;11;4;3;5;3;0;1;1;0;0;0;0;454623,403530976740000;5419971,122854441400000;8,380467645000067;48,931006647000061;1
36781;08;2;12;000;2019;10;20;4;3;6;4;2;0;1;1;0;0;0;456407,410818759350000;5424447,114005116700000;8,404344396000056;48,971397366000076;1
36803;08;3;35;043;2019;10;18;1;2;6;2;2;0;1;1;0;0;0;514863,431864433920000;5280248,194096455400000;9,198015011000052;47,675453062000031;1
36805;08;1;18;079;2019;10;17;4;3;5;3;0;1;1;0;0;0;0;508369,582817495800000;5422511,973133793100000;9,114326538000057;48,955470574000060;1
36814;08;1;15;013;2019;10;19;4;3;0;7;1;1;0;0;0;0;0;495581,433173088360000;5389571,599171899300000;8,939997954000035;48,659182676000057;0
36815;08;1;15;013;2019;10;10;4;3;4;2;0;1;1;0;0;0;0;495293,714923657480000;5389502,085036546000000;8,936091669000064;48,658555215000035;0
36817;08;1;11;000;2019;10;11;4;2;5;2;0;1;1;0;0;0;0;516098,101047599690000;5405646,606052901600000;9,219231615000069;48,803601195000056;1
36824;08;4;35;059;2019;10;07;3;3;5;2;1;1;1;0;0;0;0;512332,964124722410000;5290753,332095334300000;9,164601017000052;47,770027178000078;0
36825;08;4;35;016;2019;10;21;3;3;5;3;2;1;1;0;0;0;0;536373,656130288730000;5281761,116091154500000;9,484699169000066;47,688213015000031;1
36838;08;3;35;043;2019;10;20;3;3;5;2;2;1;1;0;0;0;0;512179,393351480360000;5279257,230928091300000;9,162229990000071;47,666592839000032;1
36847;08;3;17;141;2019;10;22;7;3;2;6;2;1;0;0;0;0;1;418992,036000001240000;5376889,504000002500000;7,902529512000058;48,539876156000048;0
36857;08;2;21;000;2019;10;10;3;2;3;6;0;1;0;0;0;0;0;477662,825682893400000;5473804,076875422100000;8,692031210000039;49,416506267000045;0
36859;08;1;21;000;2019;10;19;1;2;6;4;2;0;1;1;0;0;0;516760,282452479000000;5443331,326041696600000;9,229802280000058;49,142579862000048;1
36860;08;2;16;015;2019;10;07;3;3;5;3;0;1;1;0;0;0;0;451406,340784577650000;5403736,986148301500000;8,338474799000039;48,784732457000075;0
36871;08;1;27;101;2019;10;16;3;3;5;3;0;1;1;0;0;0;0;584257,925918937660000;5441400,632263843000000;10,154749090000053;49,119666036000069;0
36888;08;1;36;088;2019;09;17;2;3;5;3;0;1;1;0;0;0;0;581786,979936599730000;5408987,573368255000000;10,114374263000059;48,828478531000030;0
36898;08;1;16;049;2019;10;18;3;2;0;4;1;0;1;1;1;0;0;524428,034862236120000;5387781,948865620400000;9,331612756000027;48,642620965000049;0
36909;08;1;27;076;2019;09;10;2;3;0;1;0;1;0;0;0;0;0;554157,851000001650000;5439265,672000002100000;9,741989545000024;49,103851731000077;1
36912;08;1;27;012;2019;10;20;1;2;6;7;2;0;0;1;0;0;1;565587,239740060640000;5432769,141306338800000;9,897506100000044;49,044306797000047;1
36917;08;4;36;064;2019;09;16;2;3;5;3;0;1;1;0;0;0;0;540163,120000000110000;5292378,811000004400000;9,536173544000064;47,783518234000042;0
36931;08;3;35;075;2019;09;17;2;3;5;2;0;1;1;0;0;0;0;487988,299415740180000;5289005,225201841400000;8,839735003000044;47,754304608000041;0
36936;08;3;17;034;2019;09;12;2;3;5;3;0;1;1;0;0;0;0;427667,616511590780000;5361460,272889144700000;8,022713631000045;48,402148517000057;0
36952;08;2;26;082;2019;09;16;2;3;3;2;0;1;0;0;0;0;1;475282,599490871650000;5480265,105230759800000;8,658811923000030;49,474529609000058;0
36953;08;2;26;048;2019;09;12;2;3;6;4;0;0;1;1;0;0;0;484998,908103529360000;5465981,761677421600000;8,793470029000048;49,346369987000060;0
36955;08;1;16;049;2019;09;07;2;3;4;3;1;1;0;0;0;0;0;525275,070842334070000;5385592,250464296000000;9,342977593000057;48,622888692000060;0
36959;08;2;12;000;2019;09;11;2;3;0;2;0;1;1;0;0;0;0;453059,996069954710000;5428763,766918171200000;8,358109093000053;49,009980724000059;0
36976;08;3;35;075;2019;10;11;5;2;5;3;0;1;1;0;0;0;0;487365,108141787350000;5290164,971822021500000;8,831386455000029;47,764727548000053;0
36984;08;1;19;093;2019;10;07;6;3;0;6;0;1;0;0;0;0;1;523850,141636140640000;5406238,630108524100000;9,324835510000071;48,808677788000068;0
36985;08;3;17;089;2019;10;07;5;3;5;3;1;1;1;0;0;0;0;431967,800271667540000;5375468,778030093800000;8,078527099000041;48,528637909000054;1
36987;08;3;26;006;2019;10;19;7;2;7;1;2;1;0;0;0;0;0;459468,486712667160000;5308766,906217327300000;8,457372373000055;47,930939000000080;0
36991;08;3;36;019;2019;10;17;5;3;5;3;0;1;1;0;0;0;0;394467,180999998930000;5276101,050000002600000;7,595275550000054;47,629708383000036;0
37027;08;2;11;000;2019;10;06;5;2;5;3;2;1;1;0;0;0;0;441568,208634123210000;5403649,307530166600000;8,204569128000060;48,783097334000047;1
37028;08;2;11;000;2019;10;15;5;3;3;2;0;1;0;0;0;0;1;442370,480280369520000;5403150,838792007400000;8,215559238000026;48,778688399000032;0
37030;08;2;26;107;2019;10;05;6;3;2;1;2;0;0;1;0;0;1;474115,578316954900000;5484082,629655143200000;8,642453183000043;49,508818353000038;0
37032;08;1;36;065;2019;10;13;5;3;5;3;0;1;1;0;0;0;0;559241,104109037670000;5405930,024104071800000;9,806775789000028;48,803535935000070;0
37033;08;1;36;082;2019;10;17;5;3;0;7;0;1;0;0;0;0;0;587054,366901651020000;5415357,049191748700000;10,187482935000048;48,885049002000073;0
37040;08;1;27;014;2019;10;16;5;3;5;3;0;1;1;0;0;0;0;575259,680966521610000;5443619,866736320800000;10,031865160000052;49,140793235000046;1
37044;08;1;25;081;2019;10;11;5;3;6;6;0;0;1;1;0;0;0;498472,055036981590000;5434705,591539531900000;8,979082710000057;49,065214248000075;0
37049;08;1;18;048;2019;10;06;5;3;6;4;2;0;1;1;0;0;0;515817,832000000400000;5414255,662000002300000;9,215747192000038;48,881053736000069;1
37051;08;1;18;019;2019;10;22;5;3;0;7;2;1;0;0;0;0;0;504853,818044962360000;5403996,430837571600000;9,066082337000069;48,788945856000055;0
37065;08;1;11;000;2019;10;20;5;3;5;2;2;1;1;0;0;0;0;513204,879073134620000;5406676,624666363000000;9,179863700000055;48,812935313000025;0
37068;08;1;11;000;2019;10;21;5;3;6;4;2;0;1;1;0;0;0;511108,851704900150000;5409150,703500825900000;9,151380836000044;48,835232792000056;0
37071;08;3;27;019;2019;10;06;6;3;5;3;2;1;1;0;0;0;0;481880,031444201250000;5331496,939822115000000;8,756447237000032;48,136468013000069;0
37084;08;1;16;019;2019;10;17;6;3;5;2;0;1;1;0;0;0;0;523910,403133854270000;5398676,060391340400000;9,325216527000066;48,740643921000071;0
37085;08;4;16;036;2019;10;09;4;3;0;7;0;1;0;0;0;0;0;495485,291955278260000;5368923,903430674200000;8,938916511000059;48,473429292000048;0
37090;08;3;35;075;2019;10;07;4;3;6;2;1;0;1;1;0;0;0;487747,761220665650000;5289897,971711885200000;8,836500494000063;47,762332597000068;1
37097;08;3;26;074;2019;10;11;4;3;6;4;0;0;1;1;0;0;0;465976,219281621280000;5323769,935832809700000;8,543303695000077;48,066298409000069;1
37101;08;3;15;074;2019;10;12;4;3;5;3;0;1;1;0;0;0;0;397251,213999999690000;5295405,376000000200000;7,627769638000075;47,803799624000078;1
37103;08;2;36;061;2019;10;12;7;3;5;3;0;1;1;0;0;0;0;488959,930999998930000;5433191,365999998500000;8,848905016000060;49,051495985000031;0
37107;08;2;35;046;2019;10;07;4;2;5;3;0;1;0;0;1;0;0;480054,709999999960000;5376372,677000001100000;8,729787954000074;48,540140483000073;1
37114;08;2;22;000;2019;10;15;4;3;5;2;0;1;1;0;0;0;0;461518,373776946220000;5484221,667641436700000;8,468438461000062;49,509400333000031;0
37116;08;2;21;000;2019;10;14;4;3;5;2;0;1;1;0;0;0;0;477689,570351939650000;5472904,097543811400000;8,692450520000023;49,408412077000037;1
37117;08;2;16;043;2019;10;18;4;3;5;3;1;1;1;0;0;0;0;442655,289349608120000;5412650,260196391500000;8,218107551000060;48,864162577000059;1
37120;08;2;15;066;2019;10;17;7;3;5;3;0;1;1;0;0;0;0;460558,865000000220000;5449719,693000000000000;8,458601892000047;49,199005237000051;0
37132;08;1;36;088;2019;10;16;7;2;5;3;0;1;0;0;1;0;0;589321,645754664210000;5408613,518977293700000;10,216931883000029;48,824076374000072;0
37140;08;2;37;040;2019;10;23;6;2;6;4;2;0;1;1;0;0;0;477097,660168661740000;5365557,239959212000000;8,690320468000039;48,442740761000039;0
37141;08;1;15;002;2019;10;07;6;3;5;3;1;1;1;0;0;0;0;500211,011519659310000;5386831,923900671300000;9,002864041000066;48,634551681000062;0
37145;08;1;18;048;2019;10;08;4;3;0;7;0;1;0;0;0;0;0;513021,986855362540000;5416830,180147619900000;9,177695555000071;48,904278476000059;0
37146;08;3;17;100;2019;10;10;7;3;5;3;0;1;1;0;0;0;0;422917,773000000040000;5366090,144000001300000;7,957697750000023;48,443231430000026;0
37157;08;1;11;000;2019;10;17;6;3;5;3;0;1;1;0;0;0;0;509480,786000000310000;5402919,957000002300000;9,129051265000044;48,779208642000071;0
37164;08;1;18;079;2019;10;08;7;3;2;6;0;1;0;0;0;0;0;509777,133991124110000;5422946,303018743200000;9,133563737000031;48,959357000000068;0
37175;08;3;17;096;2019;10;08;3;3;5;3;0;1;1;0;0;0;0;421013,474999999630000;5368436,582000002300000;7,931509719000076;48,464101344000028;0
37187;08;2;31;000;2019;10;16;3;3;6;4;0;0;1;1;0;0;0;477646,488000000830000;5415257,394999999600000;8,695055795000030;48,889863758000047;0
37192;08;3;35;079;2019;10;18;6;3;0;1;1;1;0;0;0;0;0;501163,510833123700000;5299177,917564760900000;9,015551357000049;47,845944268000039;0
37196;08;2;22;000;2019;10;13;3;3;5;4;0;0;0;1;0;0;1;462089,630051636140000;5481793,022542653600000;8,476562137000030;49,487591966000082;0
37199;08;2;21;000;2019;10;08;3;3;0;7;0;1;0;0;0;0;0;476565,129035416990000;5472522,414011886300000;8,676972864000049;49,404936630000066;1
37201;08;2;26;081;2019;10;10;3;1;0;1;0;1;0;0;0;0;0;497207,328354807570000;5474040,716926254300000;8,961494712000047;49,419038522000051;1
37209;08;1;11;000;2019;10;07;6;3;0;7;0;1;0;0;0;0;0;512436,452668267300000;5408035,045096198100000;9,169438193000076;48,825171330000046;0
37213;08;3;17;001;2019;10;14;7;2;0;7;0;1;0;0;0;0;0;431078,379999999890000;5383389,309000002200000;8,065169672000025;48,599786852000079;0
37225;08;1;11;000;2019;10;16;6;3;5;3;0;1;1;0;0;0;0;515289,629360116090000;5406002,092643290800000;9,208234779000065;48,806819517000065;0
37228;08;1;25;008;2019;10;17;3;3;0;1;0;1;0;0;0;0;0;521705,191153508610000;5433036,960054867000000;9,297048600000039;49,049823651000054;1
37231;08;1;18;070;2019;10;18;3;3;5;3;0;1;1;0;0;0;0;520195,656000000420000;5423861,633000003200000;9,275933505000069;48,967338334000033;1
37236;08;1;19;069;2019;10;16;7;3;5;2;0;1;0;0;1;0;0;532648,294463140890000;5431835,907108409300000;9,446710800000062;49,038537228000052;0
37242;08;1;11;000;2019;10;15;6;3;5;2;0;1;1;0;0;0;0;510213,521686699240000;5397219,745217762900000;9,138883729000042;48,727918071000033;0