OBJECTID;ULAND;UREGBEZ;UKREIS;UGEMEINDE;UJAHR;UMONAT;USTUNDE;UWOCHENTAG;UKATEGORIE;UART;UTYP1;ULICHTVERH;IstRad;IstPKW;IstFuss;IstKrad;IstGkfz;IstSonstige;LINREFX;LINREFY;XGCSWGS84;YGCSWGS84;STRZUSTAND
37243;08;1;11;000;2019;10;07;3;3;5;3;0;1;1;0;0;0;0;515525,074000000020000;5405782,600999999800000;9,211433058000068;48,804839164000043;1
37253;08;4;36;003;2019;10;06;2;3;5;3;2;1;1;0;0;0;0;580651,926632429470000;5305039,622287105800000;10,078980122000075;47,893615906000036;1
37262;08;4;15;019;2019;10;16;2;3;5;2;0;1;1;0;0;0;0;517762,962690432560000;5369570,174082564200000;9,240357309000046;48,479008674000056;0
37267;08;1;16;019;2019;10;15;2;2;5;3;0;1;1;0;0;0;0;522693,527139537970000;5398305,670571157700000;9,308645087000059;48,737357455000051;0
37273;08;1;16;019;2019;10;08;2;2;3;5;0;1;1;0;0;0;0;522939,062480156310000;5398261,141502603900000;9,311981980000041;48,736947883000028;0
37277;08;1;16;070;2019;10;15;2;2;4;2;0;1;1;0;0;0;0;539595,306392146270000;5384840,998005472100000;9,537221273000057;48,615387978000058;0
37281;08;1;15;003;2019;10;04;2;3;5;3;2;1;1;0;0;0;0;500558,707912992690000;5392844,616270225500000;9,007591413000057;48,688642533000063;0
37283;08;3;15;050;2019;10;07;6;3;5;3;2;1;1;0;0;0;0;399776,765608408490000;5303766,269986497200000;7,659552912000038;47,879403854000032;0
37288;08;3;11;000;2019;10;08;2;2;5;3;0;1;1;0;0;0;0;414585,779052517380000;5317885,218604382100000;7,854771058000040;48,008551799000031;1
37290;08;4;21;000;2019;10;19;1;2;6;4;2;0;1;1;0;0;0;574552,321706181390000;5364260,017563514400000;10,007772938000073;48,427073974000052;1
37303;08;1;25;026;2019;10;14;7;3;3;6;0;1;0;0;0;1;0;495447,071111324240000;5439981,508078102000000;8,937611810000021;49,112658673000055;0
37310;08;4;35;016;2019;10;16;5;3;5;2;0;1;1;0;0;0;0;534914,422904150560000;5278249,688637968200000;9,464974017000031;47,656699764000052;0
37316;08;1;18;054;2019;10;15;2;1;5;3;0;1;1;0;0;0;0;518160,654175882230000;5423750,744174525100000;9,248124588000053;48,966403977000027;0
37318;08;1;18;046;2019;10;14;7;3;5;3;0;1;1;0;0;0;0;510192,831265932880000;5412761,162353096500000;9,138988094000069;48,867727555000045;0
37321;08;2;36;033;2019;10;13;6;3;0;7;0;0;1;1;0;0;0;482646,472795145590000;5429987,972342245300000;8,762636472000054;49,022534453000048;0
37323;08;1;35;019;2019;10;08;2;3;6;4;0;1;0;1;0;0;0;585122,321593016390000;5392251,668927535400000;10,156349892000037;48,677504854000063;0
37328;08;1;27;014;2019;10;16;2;2;5;3;0;1;0;0;0;0;0;578982,721167222600000;5443411,062148695800000;10,082860504000053;49,138447871000039;0
37332;08;2;15;107;2019;10;11;4;3;0;1;0;1;0;0;0;0;0;462259,769487154670000;5456734,981340281700000;8,481288494000069;49,262214039000071;0
37339;08;2;16;007;2019;10;15;4;2;5;3;0;1;1;0;0;0;0;434903,420478948390000;5394055,097482273400000;8,115368013000023;48,696136096000032;0
37345;08;1;35;019;2019;10;08;4;2;6;3;0;1;0;1;0;0;0;584756,280397584660000;5391925,225966872600000;10,151311515000032;48,674618526000074;1
37346;08;1;27;025;2019;10;12;4;3;5;3;0;1;1;0;0;0;0;556298,081506371500000;5427615,849398357800000;9,769689654000047;48,998872638000080;0
37349;08;1;25;013;2019;10;07;4;3;6;4;1;0;1;1;0;0;0;505315,661710926330000;5436723,123704521000000;9,072796933000063;49,083341900000050;0
37360;08;4;17;057;2019;10;05;4;3;5;3;2;1;1;0;0;0;0;481951,839221255850000;5338776,021938616400000;8,757103351000069;48,201958793000074;1
37361;08;1;17;018;2019;10;17;4;3;5;3;0;1;1;0;0;0;0;539587,725438554770000;5396215,540979918100000;9,538206931000048;48,717710922000037;0
37363;08;1;17;049;2019;10;10;4;3;6;4;0;0;1;1;0;0;0;556225,918000000530000;5392515,489000000100000;9,763886401000036;48,683149357000048;0
37367;08;2;37;054;2019;10;17;4;3;4;2;0;1;1;0;0;0;0;467528,684947094880000;5374675,025366121900000;8,560226084000021;48,524344931000030;0
37373;08;1;11;000;2019;10;22;4;2;1;5;2;1;1;0;0;0;0;511440,566154418510000;5410262,450292153300000;9,155932148000034;48,845227858000044;0
37377;08;1;11;000;2019;10;07;4;3;6;4;0;0;1;1;0;0;0;515708,701066814360000;5399031,661590952400000;9,213675939000041;48,744103724000070;0
37378;08;3;35;075;2019;10;18;4;3;5;3;1;1;1;0;0;0;0;490593,055000000630000;5294292,975999999800000;8,874374058000058;47,801924493000058;0
37381;08;1;11;000;2019;10;10;4;3;5;2;0;1;1;0;0;0;0;511545,827216876670000;5396773,907658428000000;9,156987903000072;48,723884051000027;0
37387;08;1;16;076;2019;10;19;5;3;6;3;2;0;1;1;0;0;0;528667,922552601430000;5399507,917427882600000;9,389982223000061;48,747926364000080;1
37396;08;4;15;061;2019;10;08;3;3;3;2;0;1;1;0;0;0;0;515087,342708735730000;5370201,312427794600000;9,204175539000062;48,484756539000045;0
37403;08;2;35;006;2019;10;08;4;3;0;7;0;1;0;0;0;0;0;470813,609281723390000;5381787,362168600800000;8,604215374000034;48,588489559000038;0
37405;08;4;37;118;2019;10;17;4;3;0;1;0;1;0;0;0;0;0;512826,687826868150000;5309475,939216014000000;9,171745789000056;47,938471884000080;0
37421;08;2;35;006;2019;10;13;3;3;0;7;0;1;0;0;0;0;0;471801,743000000720000;5381590,157000001500000;8,617628117000038;48,586760762000040;0
37427;08;2;22;000;2019;10;17;3;3;5;3;0;1;1;0;0;0;0;461543,410052485760000;5484248,771870764000000;8,468781641000021;49,509645708000050;1
37434;08;2;15;017;2019;10;20;3;3;0;7;2;1;0;0;0;0;0;457300,832639656030000;5420576,029669735600000;8,416957515000036;48,936638487000039;1
37435;08;1;17;024;2019;10;13;6;2;5;3;0;1;1;0;0;0;0;562030,046465609220000;5386509,571703121100000;9,841832902000022;48,628575214000080;0
37436;08;2;12;000;2019;10;13;3;3;5;3;0;1;1;0;0;0;0;452751,693127414210000;5429511,088944081200000;8,353806419000023;49,016679374000034;0
37449;08;1;27;025;2019;10;22;3;3;4;6;2;1;0;0;0;0;0;556719,913132894780000;5426446,902308620500000;9,775293066000074;48,988319577000027;1
37457;08;1;18;048;2019;10;15;3;3;8;1;0;1;1;0;0;0;0;519295,186307905240000;5416675,664044776900000;9,263290347000066;48,902724836000061;0
37465;08;4;21;000;2019;10;16;5;2;6;2;0;0;1;1;0;0;0;574536,257810436190000;5362045,153106270400000;10,007162186000073;48,407152862000032;0
37468;08;3;36;050;2019;10;09;4;2;6;4;0;0;1;1;0;0;0;399589,259759772570000;5274762,327229917000000;7,663741793000042;47,618480603000080;0
37470;08;4;37;044;2019;10;14;5;2;8;1;0;1;0;0;0;0;0;530271,353786672470000;5323776,109675059100000;9,406329850000077;48,066543105000051;0
37472;08;1;11;000;2019;10;19;3;3;6;4;2;0;1;1;0;0;0;515751,470725648110000;5398992,977976378100000;9,214256226000032;48,743754647000060;1
37477;08;4;36;078;2019;10;17;4;3;6;4;0;0;1;1;0;0;0;557400,789420125070000;5291608,580303216400000;9,766174775000025;47,775283145000060;0
37483;08;4;35;029;2019;10;19;2;3;5;3;2;1;1;0;0;0;0;545131,549000001510000;5271490,889000002300000;9,600337378000063;47,595256851000045;0
37488;08;4;16;041;2019;10;17;2;3;4;6;0;1;0;0;0;0;0;504781,284823395310000;5373051,793499615000000;9,064737497000067;48,510563504000061;0
37493;08;4;26;128;2019;10;06;4;3;0;3;0;1;1;0;0;0;0;559388,120359024960000;5330951,870721697800000;9,798130722000053;48,129050787000040;0
37500;08;3;35;063;2019;10;14;2;3;0;1;0;1;0;0;0;0;0;496577,100216577760000;5288157,372291788500000;8,954336867000052;47,746778794000079;0
37501;08;3;35;063;2019;10;06;2;3;7;7;2;1;0;0;0;0;0;498496,417321467770000;5289598,754758743600000;8,979936495000061;47,759755072000075;1
37505;08;3;11;000;2019;10;07;2;2;6;4;0;1;0;1;0;0;0;412582,999914054760000;5314116,437608774800000;7,828691186000071;47,974379605000081;0
37506;08;3;36;107;2019;10;14;4;3;0;1;0;1;0;0;0;0;0;409538,771179469300000;5282049,538994593500000;7,794609510000043;47,685500252000054;0
37521;08;1;18;079;2019;10;17;5;3;5;3;1;1;1;0;0;0;0;509868,735851198430000;5423019,388588300000000;9,134816862000037;48,960012997000035;0
37522;08;2;12;000;2019;10;07;2;3;5;2;0;1;1;0;0;0;0;455199,939429679890000;5428708,298691060400000;8,387376525000036;49,009640855000043;0
37528;08;2;31;000;2019;10;14;2;3;5;3;0;1;1;0;0;0;0;475561,966948707590000;5416458,316670326500000;8,666547622000053;48,900588102000029;0
37529;08;2;31;000;2019;10;16;2;3;0;2;0;0;1;1;0;0;0;478449,052545621990000;5416008,441209433600000;8,705964522000045;48,896648350000078;0
37537;08;2;26;076;2019;10;10;2;3;3;6;0;1;1;0;0;0;0;475042,830622382460000;5465797,369250251000000;8,656411738000031;49,344385218000070;0
37542;08;2;26;056;2019;10;15;2;3;2;6;0;0;1;1;0;0;0;485216,261410205620000;5471693,783218450800000;8,796250211000029;49,397754798000051;0
37548;08;2;15;064;2019;10;11;2;3;6;4;0;0;1;1;0;0;0;478946,311327295380000;5451830,879688527400000;8,710885987000040;49,218903046000037;0
37550;08;4;35;059;2019;10;06;4;3;8;1;2;1;0;0;0;0;0;515549,178811462600000;5292396,055943168700000;9,207584556000029;47,784737968000059;1
37554;08;1;11;000;2019;10;07;5;3;5;3;2;1;1;0;0;0;0;515525,074000000020000;5405782,600999999800000;9,211433058000068;48,804839164000043;1
37560;08;4;16;048;2019;10;19;5;2;6;3;2;0;1;1;0;0;0;494060,418071111660000;5376603,542155863700000;8,919528835000051;48,542506393000053;1
37569;08;1;19;067;2019;10;06;6;2;6;2;2;0;1;1;0;0;0;539071,597372870890000;5407085,487332850700000;9,532222657000034;48,815525115000071;1
37570;08;1;18;048;2019;10;18;2;3;4;6;1;1;0;0;0;0;0;514892,873999999840000;5414927,495000001000000;9,203155799000058;48,887120286000027;0
37571;08;1;18;011;2019;10;17;2;3;5;3;0;1;0;0;0;0;0;505093,884855064560000;5408317,980674205300000;9,069404357000053;48,827820211000073;0
37572;08;1;18;019;2019;10;18;2;3;1;7;1;1;1;0;0;0;0;504618,294228306970000;5404542,763187157000000;9,062881940000068;48,793862422000075;0
37580;08;1;17;026;2019;10;06;2;3;5;2;2;1;1;0;0;0;0;548679,562490858140000;5394689,586395394100000;9,661625366000067;48,703340611000044;0
37585;08;4;15;061;2019;10;06;4;2;4;6;2;1;1;0;0;0;0;514913,360474498940000;5373525,731687119200000;9,201939827000047;48,514668316000041;1
37598;08;1;19;085;2019;10;07;5;3;5;3;1;1;0;0;0;0;1;528831,535000001080000;5412333,337000003100000;9,393108603000030;48,863292564000062;1
37599;08;4;36;069;2019;10;18;1;2;0;7;0;1;0;0;0;0;0;550587,000753701660000;5291027,222932947800000;9,675164880000068;47,770623766000028;0
37601;08;4;35;030;2019;10;18;1;3;5;3;1;1;0;0;0;0;0;542703,928481661710000;5273837,485733948600000;9,568275625000069;47,616534489000060;0
37609;08;2;21;000;2019;10;13;4;3;0;3;0;1;1;0;0;0;0;477488,177935076880000;5471861,505700293900000;8,689733462000049;49,399026700000036;0
37621;08;4;35;016;2019;10;14;5;3;6;3;0;0;1;1;0;0;0;535663,415028645660000;5279528,459825607000000;9,475052767000022;47,668164535000074;0
37636;08;4;16;025;2019;10;13;5;3;5;3;0;1;1;0;0;0;0;502742,728000000120000;5360401,713999999700000;9,037053015000026;48,396769632000030;0
37638;08;3;17;021;2019;10;15;1;3;5;2;0;1;1;0;0;0;0;427439,934655459600000;5371682,922308817500000;8,017866202000050;48,494076733000043;0
37649;08;4;35;059;2019;10;14;4;2;5;3;0;1;1;0;0;0;0;518785,417387411000000;5294956,623296374500000;9,250899465000032;47,807690209000043;0
37652;08;2;37;027;2019;10;12;1;3;0;1;0;1;0;0;0;0;0;483705,917764942160000;5365879,503748405700000;8,779662256000052;48,445845741000028;0
37656;08;2;35;065;2019;10;03;1;2;6;7;2;0;1;1;0;0;0;475236,084611214700000;5402580,221299063400000;8,662939766000022;48,775731781000047;0
37663;08;2;16;017;2019;10;11;1;2;4;1;0;1;0;0;1;0;0;451550,842262523250000;5399914,853373831100000;8,340891950000071;48,750362175000078;1
37667;08;2;12;000;2019;10;10;1;3;4;7;0;1;1;0;0;0;0;457613,585533009840000;5428063,610979521600000;8,420447687000035;49,004012307000039;0
37673;08;1;15;050;2019;10;10;6;2;0;1;0;1;0;0;0;0;0;490328,731314556670000;5399988,704874791200000;8,868424822000065;48,752836283000079;1
37680;08;4;25;031;2019;10;23;7;3;6;6;2;0;1;1;0;0;0;567697,226721271870000;5367332,188154794300000;9,915617596000061;48,455483378000054;0
37683;08;1;18;048;2019;10;19;5;3;5;3;2;1;1;0;0;0;0;512921,237000000660000;5416877,926000002800000;9,176322259000074;48,904710095000041;1
37687;08;1;26;045;2019;10;14;1;3;4;6;0;1;1;0;0;0;0;544370,518521607850000;5473264,349812347400000;9,611674572000027;49,410443701000077;0
37692;08;1;21;000;2019;10;10;1;3;6;4;0;0;0;1;0;0;1;516173,121306383050000;5444194,163029899800000;9,221786345000055;49,150357098000029;0
37693;08;2;26;063;2019;10;07;5;3;5;3;2;1;1;0;0;0;0;471198,355000001380000;5471361,793000001500000;8,603082890000053;49,394266783000035;1
37702;08;1;18;078;2019;10;17;1;2;4;6;0;1;0;0;0;0;0;512873,142298540100000;5419482,251946551700000;9,175748132000024;48,928138845000035;0
37711;08;1;16;004;2019;10;11;1;3;0;7;0;1;0;0;0;0;0;528098,578767172990000;5396618,493251133700000;9,382040373000052;48,721959539000068;0
37713;08;1;16;047;2019;10;17;1;3;6;7;0;0;1;1;0;0;0;520514,853360253390000;5392442,624260267200000;9,278722780000067;48,684689261000074;0
37717;08;1;15;001;2019;10;14;1;3;3;2;0;1;1;0;0;0;0;492283,356851187530000;5391695,374223828300000;8,895172079000076;48,678256379000061;0
37719;08;3;35;066;2019;10;15;7;3;0;1;0;1;0;0;0;0;0;501947,080242416820000;5286348,601268172300000;9,025966898000036;47,730510344000038;1
37721;08;2;16;043;2019;10;16;4;3;0;7;0;1;0;0;0;0;0;439424,687838019800000;5412807,361158959600000;8,174039852000021;48,865268583000045;0
37729;08;3;11;000;2019;10;15;3;3;5;3;0;1;0;0;0;0;1;410171,313480198380000;5318809,013287033900000;7,795401830000060;48,016256251000073;0
37730;08;3;15;109;2019;10;07;3;2;4;1;1;1;0;0;0;0;0;421335,036722311750000;5315090,432464577300000;7,945760492000034;47,984277272000043;1
37732;08;3;36;091;2019;10;18;3;1;6;4;2;0;0;1;0;0;1;395126,777168921190000;5271864,186678059400000;7,605066581000074;47,591704409000045;1
37734;08;2;37;040;2019;10;09;5;3;6;7;0;0;1;1;0;0;0;474523,961000001060000;5367697,578999999900000;8,655389921000051;48,461897013000055;0
37738;08;4;36;055;2019;10;20;4;3;6;3;2;1;0;1;0;0;0;576382,516671212390000;5297202,795884879300000;10,020488070000056;47,823638440000082;0
37740;08;3;11;000;2019;10;14;6;3;0;7;0;1;0;0;0;0;0;414705,596861114730000;5316018,925336858300000;7,856748263000043;47,991779761000032;0
37755;08;2;22;000;2019;10;14;5;3;5;3;0;1;1;0;0;0;0;462058,347397942100000;5481720,583227643700000;8,476137181000070;49,486938457000065;0
37756;08;1;18;079;2019;10;05;3;3;5;3;2;1;0;0;0;1;0;509727,401655232530000;5421610,832900527900000;9,132852451000076;48,947344342000065;1
37767;08;4;36;055;2019;10;18;5;2;6;4;2;0;1;1;0;0;0;576228,088407089000000;5297734,887314297300000;10,018518860000029;47,828443475000029;1
37769;08;1;21;000;2019;10;16;3;3;5;3;0;1;1;0;0;0;0;518287,063072148710000;5444462,315008081500000;9,250787295000066;49,152709886000082;0
37779;08;1;18;048;2019;10;08;3;3;0;3;0;1;1;0;0;0;0;513976,279902345500000;5414920,127227813000000;9,190652232000048;48,887075356000025;1
37785;08;1;15;002;2019;10;15;4;3;6;2;0;0;1;1;0;0;0;499555,249801061120000;5386282,047802086900000;8,993964034000044;48,629604767000046;0
37789;08;1;11;000;2019;10;07;3;3;5;3;1;1;1;0;0;0;0;507823,401617688130000;5396527,732093269000000;9,106369753000024;48,721727287000078;0
37790;08;1;18;079;2019;10;20;5;2;6;4;2;0;0;1;1;0;0;509859,859741374850000;5422377,820240473400000;9,134680068000023;48,954241809000052;0
37795;08;1;11;000;2019;10;22;3;2;6;4;2;0;0;1;1;0;0;519747,771414671090000;5400533,045643582900000;9,268688404000045;48,757495070000061;0
37796;08;1;11;000;2019;10;18;3;3;4;6;1;1;0;0;0;0;0;513278,109497140160000;5403978,768511686500000;9,180773929000054;48,788664151000035;0
37806;08;4;35;066;2019;10;14;2;3;6;4;0;0;1;1;0;0;0;519598,546000000090000;5287219,501000000200000;9,261410439000031;47,738051580000047;0
37811;08;4;16;015;2019;10;19;2;3;3;2;2;1;1;0;0;0;0;506240,389999776150000;5366529,760273978100000;9,084396033000076;48,451875744000063;1
37816;08;3;36;091;2019;10;21;2;3;0;1;2;1;0;0;0;0;0;394953,973071192390000;5271696,663013730200000;7,602808909000032;47,590169537000065;1
37817;08;3;35;075;2019;10;08;2;3;4;2;0;1;1;0;0;0;0;487481,219999999740000;5290069,057000000000000;8,832938732000059;47,763866819000043;1
37818;08;1;16;033;2019;10;09;6;3;5;3;0;1;1;0;0;0;0;535084,961775318720000;5387744,304581698000000;9,476273880000065;48,641774987000076;0
37825;08;4;35;016;2019;10;06;4;3;0;1;2;1;0;0;0;0;0;532657,297135029920000;5280512,792696885800000;9,435084777000043;47,677179814000056;1
37834;08;2;35;080;2019;10;13;6;3;0;7;0;1;0;0;0;0;0;483355,506309360270000;5388545,461946772400000;8,774017767000032;48,649745339000049;0
37841;08;2;21;000;2019;10;15;5;3;6;4;0;1;0;1;0;0;0;481666,639292857610000;5473657,702575473100000;8,747239028000024;49,415323487000080;0
37848;08;2;15;017;2019;10;11;6;2;5;3;0;1;1;0;0;0;0;453776,065357592890000;5421479,742809496800000;8,368728453000074;48,944514219000041;0
37849;08;4;15;061;2019;10;07;3;3;5;3;1;1;1;0;0;0;0;515019,162000001410000;5375465,536000002200000;9,203442339000048;48,532116870000038;0
37850;08;1;16;033;2019;10;19;4;3;5;3;2;1;1;0;0;0;0;530753,992251708170000;5389637,813307575900000;9,417623910000032;48,659036943000046;0
37851;08;2;22;000;2019;10;00;2;3;5;3;2;1;1;0;0;0;0;463149,428290393200000;5483124,398075077700000;8,491070270000023;49,499632292000058;1
37853;08;4;35;016;2019;10;11;5;3;3;6;0;1;1;0;0;0;0;536812,802923741750000;5281680,486482944300000;9,490544021000062;47,687462695000079;0
37855;08;2;22;000;2019;10;08;6;3;5;5;0;1;1;0;0;0;0;461692,698774074200000;5484411,012874361100000;8,470828000000040;49,511114424000027;0
37878;08;3;35;063;2019;10;12;6;3;0;1;0;1;0;0;0;0;0;496585,804352317940000;5288204,162079934000000;8,954452617000072;47,747199835000060;0
37882;08;1;19;079;2019;10;07;2;2;5;3;1;1;1;0;0;0;0;523491,924390299250000;5412192,688500408100000;9,320298000000037;48,862252558000080;0
37883;08;4;15;050;2019;10;12;6;3;3;6;0;1;0;0;0;0;0;521419,153055684640000;5376552,306077323900000;9,290188424000064;48,541707871000028;0
37893;08;1;18;048;2019;10;08;2;3;5;3;1;1;1;0;0;0;0;512528,326949502340000;5417407,223680667600000;9,170976906000021;48,909479582000074;1
37900;08;1;28;115;2019;10;08;4;2;5;3;0;1;1;0;0;0;0;547538,672464638020000;5497762,171465680000000;9,658297923000021;49,630542991000027;0
37905;08;1;11;000;2019;10;14;2;3;6;4;0;0;0;1;0;0;1;506861,283401195890000;5397528,154954005000000;9,093305119000036;48,730738459000065;0
37907;08;2;15;100;2019;10;14;4;3;5;3;0;1;1;0;0;0;0;474666,707000001330000;5451412,896000003400000;8,652144920000069;49,214981199000079;0
37914;08;4;17;051;2019;10;15;1;2;5;3;0;1;1;0;0;0;0;491500,310883370230000;5358733,190390896100000;8,885206916000072;48,381707333000065;0
37915;08;4;17;002;2019;10;16;1;3;0;6;0;1;1;0;0;0;0;489442,940734321250000;5351305,259854108100000;8,857607341000062;48,314850048000039;0
37925;08;1;11;000;2019;10;23;6;3;6;2;2;0;1;1;0;0;0;513627,973585442640000;5402378,833643477400000;9,185484063000047;48,774263709000081;0
37926;08;3;35;035;2019;10;13;1;3;6;6;0;0;1;1;0;0;0;483499,778653352520000;5289916,607894953300000;8,779813131000026;47,762405527000055;0
37930;08;4;35;057;2019;10;12;6;3;3;6;0;1;0;0;0;0;0;544008,261642091910000;5279610,823799794500000;9,586212750000072;47,668391533000033;0
37941;08;2;16;043;2019;10;06;6;3;5;3;2;1;1;0;0;0;0;442467,468000000340000;5412516,265000000600000;8,215565704000028;48,862939898000036;0
37946;08;4;36;055;2019;10;19;5;2;4;1;2;1;1;0;0;0;0;580486,921064447610000;5295905,328983819100000;10,075073133000046;47,811466067000026;0
37959;08;3;17;096;2019;10;07;4;3;5;3;1;1;1;0;0;0;0;421504,978000001050000;5369663,803000001200000;7,937926979000054;48,475201605000052;1
37960;08;2;25;009;2019;10;14;1;3;5;3;0;1;1;0;0;0;0;515766,543315452520000;5466741,445087952500000;9,217098437000061;49,353184033000048;0
37965;08;2;15;109;2019;10;14;1;2;8;1;0;1;0;0;0;0;0;463602,447796184570000;5438253,924150856200000;8,501414553000075;49,096058420000077;0
37967;08;2;15;017;2019;10;14;1;3;5;3;0;1;1;0;0;0;0;457967,496119249610000;5420477,552147781500000;8,426070250000066;48,935798309000063;0
37970;08;1;18;048;2019;10;17;1;2;5;3;0;1;0;0;0;0;1;514437,792280206460000;5416630,969640774700000;9,197008209000046;48,902455050000071;0
37973;08;2;26;098;2019;10;07;4;3;4;2;0;1;1;0;0;0;0;479874,243398630060000;5460801,712821811400000;8,723177448000058;49,299627826000062;0
37982;08;1;26;066;2019;10;16;1;2;5;3;0;1;1;0;0;0;0;536811,410000000150000;5449480,423999998700000;9,505280164000055;49,197016583000050;0
37983;08;1;19;084;2019;10;16;1;3;5;3;0;1;1;0;0;0;0;544249,514002898710000;5411899,229480715500000;9,603270736000070;48,858479319000025;0
37987;08;1;15;045;2019;10;07;5;3;0;7;0;0;0;1;0;0;1;500258,438038497230000;5395952,462187625500000;9,003513458000043;48,716601170000047;0
37990;08;1;35;019;2019;10;13;1;2;5;3;0;1;1;0;0;0;0;583331,633689444510000;5392488,906344521800000;10,132076999000049;48,679880235000041;0
37995;08;1;16;042;2019;10;07;6;2;0;1;0;1;0;0;0;0;0;517792,836957754570000;5381831,551897356300000;9,241285113000060;48,589314466000076;0
37996;08;1;15;003;2019;10;17;1;3;5;2;1;1;1;0;0;0;0;501114,722000000070000;5392096,375000001900000;9,015144206000059;48,681910527000070;0
38002;08;4;35;016;2019;10;16;4;3;5;2;0;1;1;0;0;0;0;535034,486999999730000;5277775,517000000900000;9,466534917000047;47,652426946000048;0
38010;08;4;17;079;2019;10;16;7;3;0;6;0;1;1;0;0;0;0;500729,371000001210000;5344369,219999998800000;9,009825730000046;48,252536014000043;1
38013;08;2;37;024;2019;10;06;6;2;6;2;2;0;1;1;0;0;0;478579,022577191700000;5359969,274008551600000;8,710636229000045;48,392521255000077;0
38017;08;1;16;078;2019;10;10;6;3;6;7;0;0;0;1;0;0;1;512225,259953537020000;5392439,040463542600000;9,166097694000030;48,684874446000038;0
38024;08;3;26;074;2019;10;12;4;3;6;4;0;0;1;1;0;0;0;465560,339140241030000;5323504,623714830700000;8,537742957000035;48,063889129000074;0
38027;08;2;15;039;2019;10;17;6;3;5;2;0;1;1;0;0;0;0;471742,605165687390000;5452485,252618536400000;8,611919054000055;49,224499227000081;0
38029;08;1;16;033;2019;10;21;4;3;0;7;2;1;0;0;0;0;0;533764,409168981950000;5390303,726020634200000;9,458556907000059;48,664871942000048;0
38043;08;3;15;113;2019;10;13;4;2;5;2;0;1;1;0;0;0;0;440524,047298161310000;5307759,835448037800000;8,203908436000063;47,920400651000080;0
38046;08;1;27;079;2019;10;06;6;2;6;4;2;0;0;1;0;1;0;562006,728473434220000;5423604,234022164700000;9,847116173000075;48,962242509000077;0
38054;08;2;37;004;2019;10;12;7;3;5;7;0;1;1;0;0;0;0;452846,327753104270000;5383868,437535848500000;8,360344967000060;48,606115155000055;1
38070;08;4;21;000;2019;10;09;3;3;5;3;0;1;1;0;0;0;0;572237,684000001290000;5361428,457000002300000;9,976001597000050;48,401873185000056;0
38078;08;3;25;009;2019;10;14;6;3;5;3;0;1;1;0;0;0;0;467054,525657342750000;5342953,807412736100000;8,556291722000026;48,238946138000074;0
38092;08;2;12;000;2019;10;13;6;3;5;3;0;1;1;0;0;0;0;456424,683832881040000;5424533,567469740300000;8,404571143000055;48,972176248000039;1
38097;08;4;36;064;2019;10;08;6;3;0;1;0;1;0;0;0;0;0;545610,265323064290000;5292258,853741478200000;9,608875784000077;47,782076274000076;1
38099;08;4;35;016;2019;10;09;6;3;5;3;0;1;1;0;0;0;0;535015,939055982050000;5278088,174209674800000;9,466312976000040;47,655241062000073;1
38102;08;4;35;030;2019;10;19;6;3;5;3;2;1;1;0;0;0;0;540732,911256494000000;5273360,923910079500000;9,542003561000058;47,612373603000037;0
38105;08;4;35;016;2019;10;17;6;3;0;7;0;1;0;0;0;0;0;536199,380926387380000;5278141,249464770800000;9,482076894000045;47,655653467000036;0
38110;08;4;26;108;2019;10;07;6;3;6;3;2;0;1;1;0;0;0;572582,462373435500000;5336532,207962522300000;9,976380256000027;48,177881422000041;0
38111;08;2;16;043;2019;10;11;5;3;5;2;0;1;1;0;0;0;0;441600,542000001300000;5411160,204000001800000;8,203940128000056;48,850661151000054;0
38117;08;4;15;061;2019;10;06;6;3;5;2;2;1;1;0;0;0;0;514810,280022662130000;5369996,060786344100000;9,200418826000032;48,482916609000029;1
38118;08;1;36;019;2019;10;10;6;3;5;3;0;1;1;0;0;0;0;583327,398000000980000;5425127,109999999400000;10,138651739000068;48,973432724000077;1
38125;08;3;35;099;2019;10;07;4;3;6;4;1;0;1;1;0;0;0;495035,782196688470000;5298209,774452585700000;8,933659942000077;47,837215348000029;0
38144;08;3;26;006;2019;10;15;6;3;0;1;0;1;0;0;0;0;0;458802,030059536920000;5308268,259338965600000;8,448498110000060;47,926410231000034;1
38148;08;1;15;003;2019;10;07;4;3;5;2;1;1;1;0;0;0;0;499853,073230656800000;5392082,285968529100000;8,998003912000058;48,681784759000038;0
38149;08;3;11;000;2019;10;13;6;3;5;3;0;1;1;0;0;0;0;414002,453518570400000;5315230,080113705200000;7,847483595000028;47,984589619000076;1
38153;08;1;16;077;2019;10;17;4;3;5;3;0;1;1;0;0;0;0;518010,398917003530000;5388748,494344988800000;9,244535786000029;48,651533960000052;0
38169;08;2;22;000;2019;10;13;6;3;5;2;0;1;1;0;0;0;0;462857,699665396470000;5482759,552624169700000;8,487075781000044;49,496332905000031;1
38174;08;2;21;000;2019;10;15;6;3;6;4;0;0;1;1;0;0;0;477305,738243396390000;5469670,141533600200000;8,687344162000045;49,379308883000078;0
38181;08;4;35;013;2019;10;09;4;3;5;3;0;1;1;0;0;0;0;540551,051478491160000;5275061,232587207100000;9,539741230000061;47,627683345000037;1