OBJECTID;ULAND;UREGBEZ;UKREIS;UGEMEINDE;UJAHR;UMONAT;USTUNDE;UWOCHENTAG;UKATEGORIE;UART;UTYP1;ULICHTVERH;IstRad;IstPKW;IstFuss;IstKrad;IstGkfz;IstSonstige;LINREFX;LINREFY;XGCSWGS84;YGCSWGS84;STRZUSTAND
38186;08;3;17;141;2019;11;11;7;3;6;7;0;0;1;1;0;0;0;418429,109056072310000;5377052,509825078800000;7,894872708000037;48,541269394000039;0
38195;08;4;25;137;2019;10;17;5;3;0;3;2;1;1;0;0;0;0;574024,283999999990000;5354304,762000002000000;9,998882411000068;48,337586599000076;0
38197;08;4;35;016;2019;10;17;4;2;6;4;2;0;0;1;1;0;0;540989,673000001350000;5283558,877000002200000;9,546376387000066;47,704111624000063;1
38204;08;3;15;074;2019;10;18;4;3;6;7;2;0;1;1;0;0;0;401387,393936154430000;5298277,737949345300000;7,682340075000070;47,830283767000026;1
38214;08;2;31;000;2019;10;09;4;2;0;1;0;1;0;0;0;0;0;480168,920642332170000;5418394,330560836900000;8,729313763000050;48,918168444000059;0
38222;08;2;16;017;2019;10;05;4;3;0;1;2;1;0;0;0;0;0;451193,328000000680000;5401315,394000003100000;8,335862566000060;48,762932670000055;0
38223;08;1;19;004;2019;10;09;7;3;1;5;0;1;1;0;0;0;0;539162,893226941120000;5418698,721745561800000;9,534577870000021;48,919985435000058;0
38232;08;1;15;048;2019;10;21;4;3;6;4;2;0;1;1;0;0;0;509527,437306707720000;5387216,051344452400000;9,129323756000076;48,637934799000050;1
38243;08;1;18;019;2019;10;07;4;3;5;3;0;1;1;0;0;0;0;504705,125594241540000;5405604,124731522100000;9,064076381000064;48,803409701000078;0
38255;08;1;11;000;2019;10;07;4;3;5;3;1;1;1;0;0;0;0;515934,599000001330000;5403717,905999999500000;9,216930163000029;48,786255066000081;0
38261;08;4;36;082;2019;10;18;3;3;6;2;1;0;1;1;0;0;0;547617,659167290670000;5295722,352135030600000;9,636052101000075;47,813091927000073;1
38262;08;2;22;000;2019;11;06;2;2;6;4;2;0;1;1;0;0;0;462915,860403059050000;5480515,370027687400000;8,488089435000063;49,476151172000073;1
38276;08;3;37;032;2019;10;14;3;3;6;4;0;0;1;1;0;0;0;437547,827655669300000;5273264,338610556000000;8,169033510000077;47,609775267000032;1
38281;08;3;36;105;2019;10;16;3;3;8;1;0;1;0;0;0;0;0;399287,113822003830000;5267460,049627194200000;7,661398009000038;47,552746953000053;1
38283;08;3;36;069;2019;10;06;3;3;0;1;1;1;0;0;0;0;0;408142,435508734550000;5267504,538405610200000;7,779058301000021;47,554460332000076;1
38293;08;3;17;065;2019;10;07;3;3;6;6;2;0;0;1;0;1;0;419789,949620863420000;5354090,240007177000000;7,917702696000049;48,334901909000052;1
38311;08;2;22;000;2019;10;05;3;3;5;3;2;1;0;0;1;0;0;461214,918012470940000;5481169,215456800500000;8,464546513000073;49,481925878000027;0
38312;08;2;21;000;2019;10;13;3;3;5;2;0;1;1;0;0;0;0;475463,331000002100000;5470722,712000001200000;8,661897052000029;49,388705177000077;0
38320;08;1;16;019;2019;11;11;1;3;5;3;0;1;1;0;0;0;0;525754,637818518090000;5397097,408061822900000;9,350201703000039;48,726369055000077;0
38326;08;1;35;032;2019;10;23;3;2;0;1;2;1;0;0;0;0;0;578683,929521603510000;5391659,701505567900000;10,068791007000073;48,673025021000058;1
38327;08;1;35;019;2019;11;20;6;2;6;4;2;0;1;1;0;0;0;584592,543084595350000;5392371,620990559500000;10,149179139000069;48,678655747000050;1
38344;08;1;16;049;2019;10;18;3;3;5;2;2;1;1;0;0;0;0;525781,492258838380000;5384085,020116681200000;9,349755822000077;48,609308902000066;1
38347;08;2;31;000;2019;10;17;5;3;6;4;2;0;1;1;0;0;0;478434,678008760330000;5416010,622533913700000;8,705768287000069;48,896667473000036;0
38351;08;1;11;000;2019;10;16;3;3;6;4;1;0;1;1;0;0;0;517772,784549131060000;5400583,173982067000000;9,241819138000039;48,758005536000042;0
38361;08;4;35;057;2019;10;08;2;3;5;3;0;1;1;0;0;0;0;541289,485749891030000;5279802,805751076000000;9,550017179000065;47,670298160000073;1
38369;08;4;26;021;2019;10;05;2;3;5;3;2;1;1;0;0;0;0;558430,152447184550000;5327126,924458241100000;9,784733526000025;48,094729616000052;1
38385;08;4;35;057;2019;11;16;1;3;6;4;1;0;1;1;0;0;0;544038,648080281910000;5280764,795596804500000;9,586733866000031;47,678772013000071;1
38388;08;3;35;079;2019;10;07;2;3;6;4;1;0;1;1;0;0;0;501062,241145170290000;5300093,010668402500000;9,014200045000052;47,854177923000066;1
38404;08;4;25;141;2019;11;19;7;3;0;1;2;1;0;0;0;0;0;566447,945146120150000;5363239,118488322900000;9,898073786000055;48,418797790000042;1
38405;08;2;16;029;2019;10;11;2;3;6;6;0;0;1;1;0;0;0;454824,972406304440000;5402523,015290090800000;8,385144507000064;48,774069954000026;0
38409;08;1;17;026;2019;11;15;1;3;6;4;0;0;1;1;0;0;0;545711,192324430680000;5395617,162029305500000;9,621386224000048;48,711909265000031;1
38416;08;1;27;014;2019;11;17;6;3;6;2;2;0;1;1;0;0;0;578619,527336619790000;5442532,021102063400000;10,077710587000070;49,130588529000079;1
38442;08;1;15;028;2019;10;16;2;3;4;6;1;1;1;0;0;0;0;500516,869000000880000;5405431,190000003200000;9,007038724000040;48,801871588000040;0
38445;08;1;15;003;2019;10;08;2;3;6;7;0;0;1;1;0;0;0;496399,367082986980000;5393080,755183348400000;8,951074547000076;48,690756725000028;1
38466;08;3;17;093;2019;10;17;1;2;8;1;1;1;0;0;0;0;0;441967,814720909110000;5351713,665178084700000;8,217247647000022;48,315948975000026;1
38470;08;3;37;053;2019;11;00;1;3;0;1;2;1;0;0;0;0;0;457155,488025670870000;5268471,941350657500000;8,430377801000077;47,568249346000073;1
38472;08;3;35;098;2019;10;14;5;3;0;1;0;1;0;0;0;0;0;505265,212801217100000;5295006,971248488900000;9,070323516000030;47,808395861000065;0
38487;08;2;16;012;2019;10;18;1;3;0;1;2;1;0;0;0;0;0;441836,420772821640000;5419637,785754120000000;8,205948532000036;48,926938536000080;1
38490;08;3;15;007;2019;10;16;5;2;4;2;1;1;1;0;0;0;0;400298,010028407910000;5293861,120145823800000;7,668803597000022;47,790388082000050;1
38496;08;1;28;131;2019;11;18;7;3;6;4;2;0;1;1;0;0;0;537106,568522807210000;5512095,612758474400000;9,515206104000072;49,760191580000026;1
38510;08;1;25;063;2019;10;11;1;2;5;3;0;1;1;0;0;0;0;523407,002000000330000;5460374,251000002000000;9,321929164000039;49,295665881000048;0
38514;08;1;21;000;2019;10;12;1;3;0;7;0;1;0;0;0;0;0;515875,615652867590000;5444713,638810079500000;9,217727079000042;49,155037709000055;0
38518;08;1;18;051;2019;10;08;1;3;5;3;0;1;1;0;0;0;0;507325,844438501630000;5415934,454421239000000;9,099951183000030;48,896314313000062;0
38521;08;1;16;019;2019;10;12;1;3;5;3;0;1;1;0;0;0;0;529982,184989792290000;5398370,981410512700000;9,407777496000051;48,737636837000082;0
38524;08;1;18;010;2019;10;16;7;3;4;6;0;1;0;1;0;0;0;507342,544892448930000;5431986,303470306100000;9,100468729000056;49,040710964000027;0
38529;08;1;11;000;2019;10;17;1;2;6;4;2;0;1;1;0;0;0;510748,474004782740000;5403422,935855822600000;9,146319970000036;48,783712792000074;1
38546;08;1;17;051;2019;10;13;7;2;0;7;0;0;0;1;0;0;1;542990,461498915220000;5395015,299431253200000;9,584340685000029;48,706688666000048;0
38551;08;3;36;105;2019;10;21;7;3;0;1;2;1;0;0;0;0;0;400663,570061613810000;5267249,171627342700000;7,679735471000072;47,551062038000055;0
38560;08;3;26;074;2019;10;00;5;3;6;1;2;0;0;1;0;0;1;465230,911234498960000;5322045,116804698500000;8,533440103000032;48,050740366000070;1
38575;08;1;11;000;2019;10;13;7;3;5;2;0;1;0;0;0;0;0;515591,799400828780000;5405257,164058515800000;9,212321820000057;48,800110734000043;0
38579;08;2;12;000;2019;10;10;7;2;5;2;0;1;1;0;0;0;0;452905,755592877980000;5427358,259857017500000;8,356163043000038;48,997326377000036;0
38580;08;1;11;000;2019;10;18;7;3;5;3;0;1;1;0;0;0;0;513053,748138458470000;5406938,264403952300000;9,177813479000065;48,815292182000064;0
38588;08;2;26;009;2019;10;13;7;2;4;6;0;1;0;0;0;0;0;464956,336825038310000;5470543,850877868000000;8,517136326000070;49,386582357000066;0
38595;08;1;19;044;2019;10;16;4;2;8;1;2;1;0;0;0;0;0;542553,603429097680000;5425661,433661392000000;9,581586588000050;48,982392826000080;0
38605;08;2;15;111;2019;10;20;5;2;0;7;2;1;0;0;0;0;0;458112,235731874590000;5446705,293559085600000;8,425333463000072;49,171728795000035;0
38635;08;1;16;049;2019;11;23;7;3;6;4;2;0;0;1;0;0;1;525202,952900440430000;5386128,788167927400000;9,342031600000041;48,627718319000053;0
38636;08;3;16;011;2019;11;11;3;3;0;5;0;1;1;0;0;0;0;415406,718128263020000;5329406,082564381900000;7,863496885000075;48,112294890000044;0
38638;08;3;35;075;2019;11;20;7;3;9;1;2;1;0;0;0;0;0;486251,479740859940000;5288541,672697927800000;8,816576419000057;47,750099083000066;0
38657;08;4;15;061;2019;11;10;6;2;5;1;0;1;1;0;0;0;0;512616,604027474300000;5374304,560323987200000;9,170863472000065;48,521725272000026;1
38667;08;3;35;043;2019;11;09;4;3;3;6;0;1;0;0;0;0;0;512959,020794997920000;5280569,743909312400000;9,172653558000036;47,678387235000059;0
38671;08;3;27;046;2019;11;17;6;3;6;2;1;0;1;1;0;0;0;480589,409607251170000;5324442,642823154100000;8,739420997000025;48,072962934000032;1
38675;08;1;17;020;2019;11;17;1;3;6;4;2;0;1;1;0;0;0;549745,069057325830000;5390078,396440159500000;9,675551112000051;48,661776640000028;0
38679;08;3;17;001;2019;11;13;6;3;5;2;0;1;1;0;0;0;0;432171,032107591630000;5386644,944383915500000;8,079455763000055;48,629190830000027;1
38684;08;4;21;000;2019;11;06;5;1;6;4;2;0;1;1;0;0;0;575256,363544211720000;5366038,801959037800000;10,017607886000064;48,442990553000072;1
38686;08;3;15;113;2019;11;18;6;3;6;4;2;0;1;1;0;0;0;440859,000226802190000;5307321,552096815800000;8,208451520000040;47,916488645000072;1
38694;08;1;18;081;2019;11;15;1;3;4;2;0;1;1;0;0;0;0;517928,393629700880000;5410897,739743469300000;9,244386787000053;48,850789273000032;0
38697;08;2;37;027;2019;11;17;6;3;6;4;2;0;1;1;0;0;0;481379,101919608190000;5369437,245991600700000;8,748039682000069;48,477787978000038;1
38702;08;2;31;000;2019;11;19;6;2;6;2;2;0;1;1;0;0;0;475444,369980911720000;5416496,819072337800000;8,664940747000060;48,900929804000043;1
38703;08;2;21;000;2019;11;21;4;3;0;7;2;1;0;0;0;0;0;477682,799214037140000;5473438,684966571600000;8,692327131000070;49,413220359000036;0
38704;08;2;35;008;2019;11;15;6;3;6;4;0;0;1;1;0;0;0;480345,316694105980000;5402088,255906270800000;8,732503849000068;48,771488513000065;1
38710;08;2;12;000;2019;11;07;4;2;6;2;1;0;1;1;0;0;0;451430,326607487160000;5431651,558595914400000;8,335479609000061;49,035830221000026;0
38715;08;3;37;096;2019;11;13;3;3;5;3;0;1;1;0;0;0;0;420989,471154423430000;5267718,246519640100000;7,949746647000040;47,558073466000053;0
38720;08;1;21;000;2019;11;06;3;3;5;3;2;1;1;0;0;0;0;514921,810999999750000;5446265,778999999200000;9,204703697000070;49,169023607000042;1
38722;08;2;16;029;2019;11;08;6;3;5;3;0;1;1;0;0;0;0;454867,150111263620000;5402519,611189525600000;8,385718906000022;48,774042394000048;1
38724;08;3;17;040;2019;11;20;2;3;0;7;2;1;0;0;0;0;0;431969,005393436180000;5347838,172512840500000;8,083022482000047;48,280089910000072;1
38733;08;3;16;043;2019;11;10;7;2;0;4;0;0;1;1;0;0;0;413021,802976411770000;5335155,497436769300000;7,830288249000034;48,163690127000052;0
38758;08;2;21;000;2019;11;06;5;3;1;5;2;1;1;0;0;0;0;482010,848209043030000;5476517,490364098900000;8,751854862000073;49,441057158000035;0
38765;08;1;16;077;2019;11;17;6;3;5;3;2;1;1;0;0;0;0;514154,904000000100000;5391700,980000000400000;9,192289257000027;48,678194025000039;1
38770;08;1;11;000;2019;11;21;6;3;6;2;2;0;1;1;0;0;0;512598,336334684860000;5402118,444995537400000;9,171462236000025;48,771942971000044;0
38771;08;1;11;000;2019;11;07;6;3;5;3;0;1;1;0;0;0;0;514258,892991364930000;5406026,038803353900000;9,194197741000039;48,807059437000078;1
38775;08;1;11;000;2019;11;15;6;3;0;7;0;1;0;0;0;0;0;516406,733189932070000;5394013,150318317100000;9,222971132000055;48,698939275000043;1
38779;08;1;25;038;2019;11;06;5;3;0;4;1;0;1;1;0;0;0;502112,355415771720000;5435215,004222540200000;9,028920422000056;49,069794948000037;0
38789;08;1;11;000;2019;11;19;1;2;6;4;2;0;1;1;0;0;0;510040,174789809620000;5402472,316565340400000;9,136654641000064;48,775172918000067;0
38790;08;4;35;016;2019;11;22;5;3;0;1;2;1;0;0;0;0;0;536806,783169984820000;5281735,923762997600000;9,490468485000065;47,687961826000048;1
38807;08;1;11;000;2019;11;16;2;3;6;4;0;0;1;1;0;0;0;509470,599810259420000;5402954,317501926800000;9,128913403000070;48,779517902000066;0
38829;08;2;12;000;2019;11;21;5;3;5;2;2;1;1;0;0;0;0;451426,979910023510000;5431654,175638420500000;8,335433510000030;49,035853498000051;0
38831;08;2;15;017;2019;11;17;5;1;5;3;2;1;1;0;0;0;0;457685,277817465360000;5417029,507602345200000;8,422574580000060;48,904762931000050;1
38834;08;3;37;038;2019;11;18;7;2;6;1;2;0;1;1;0;0;0;430784,444243731910000;5276840,197770584400000;8,078488444000072;47,641258767000068;0
38837;08;2;36;072;2019;11;19;5;2;6;4;2;0;1;1;0;0;0;466848,152216213760000;5410604,722925541900000;8,548127105000049;48,847526835000053;1
38841;08;4;35;016;2019;11;07;4;3;3;6;1;1;0;0;0;1;0;536184,875890053810000;5279023,374440336600000;9,481956774000025;47,663591114000042;0
38847;08;2;26;098;2019;11;17;1;1;6;7;2;0;1;1;0;0;0;478011,572643981320000;5461169,351111058100000;8,697537201000046;49,302870529000074;0
38856;08;3;11;000;2019;11;12;7;3;5;2;0;1;1;0;0;0;0;413071,723113909360000;5315389,927370775500000;7,834980487000053;47,985901684000055;0
38859;08;1;27;014;2019;11;12;5;3;5;3;0;1;1;0;0;0;0;575413,421396970750000;5443687,423805244300000;10,033985335000068;49,141381984000077;0
38862;08;1;27;076;2019;11;10;5;3;6;2;0;0;1;1;0;0;0;556236,767849901690000;5438744,677303064600000;9,770396549000054;49,098979000000043;1
38863;08;3;36;045;2019;11;17;4;3;6;7;2;0;1;1;0;0;0;398590,188791881320000;5280298,096074650100000;7,649166669000067;47,668120593000026;0
38864;08;2;11;000;2019;11;12;7;3;5;3;0;1;1;0;0;0;0;438188,745983285830000;5397594,543177826300000;8,159478722000074;48,728307898000025;0
38874;08;1;15;045;2019;11;06;5;3;5;3;2;1;1;0;0;0;0;497992,882000000220000;5397058,785000000100000;8,972707901000035;48,726550530000054;1
38877;08;1;15;044;2019;11;12;5;3;5;3;0;1;1;0;0;0;0;504580,863438055850000;5389258,282879188700000;9,062202488000025;48,656362867000041;1
38885;08;3;36;050;2019;11;12;4;3;6;4;0;0;1;1;0;0;0;398776,993654172870000;5274302,384445484700000;7,653041565000024;47,614216873000032;1
38886;08;2;11;000;2019;11;08;7;3;1;3;0;1;1;0;0;0;0;443091,797518176030000;5402404,698687134300000;8,225479970000038;48,772043164000081;0
38890;08;1;11;000;2019;11;07;5;2;0;1;1;1;0;0;0;0;0;517922,396409871060000;5400353,556197451400000;9,243844762000038;48,755935625000063;1
38896;08;1;11;000;2019;11;12;5;3;5;2;0;1;0;0;0;0;1;515399,522020209580000;5403255,107718939000000;9,209628453000050;48,782105261000027;0
38898;08;4;37;100;2019;11;18;4;3;4;2;2;1;1;0;0;0;0;537158,134673179130000;5318043,628554241700000;9,498269650000054;48,014605150000079;0
38900;08;2;21;000;2019;11;23;4;3;0;7;2;1;0;0;0;0;0;473943,696884935720000;5473088,904431821800000;8,640802482000026;49,409925509000061;0
38915;08;3;16;011;2019;11;09;4;3;5;3;0;1;1;0;0;0;0;415701,442000000740000;5329125,810000000500000;7,867511072000070;48,109812853000051;1
38925;08;2;37;045;2019;11;13;4;3;5;2;0;1;1;0;0;0;0;459018,482331429610000;5362765,839287489700000;8,446140723000042;48,416711614000064;0
38940;08;2;11;000;2019;11;14;4;3;9;1;0;1;0;0;0;0;0;441077,956799142990000;5403578,290454054300000;8,197906199000045;48,782412282000053;1
38955;08;2;25;014;2019;11;09;5;3;3;2;0;1;1;0;0;0;0;522599,902906243690000;5485347,565641604400000;9,312250272000028;49,520327357000042;0
38962;08;1;19;091;2019;11;17;4;2;6;4;2;0;1;1;0;0;0;525753,518627008420000;5406015,701539525800000;9,350744756000040;48,806596413000079;1
38971;08;1;16;015;2019;11;17;4;3;5;3;2;1;1;0;0;0;0;526250,469866428520000;5395381,475964890800000;9,356834503000073;48,710912043000064;1
38976;08;1;18;048;2019;11;07;3;3;5;2;0;1;1;0;0;0;0;515189,853072355500000;5414694,693685933900000;9,207198252000069;48,885018858000080;0
38979;08;3;11;000;2019;11;11;4;3;0;7;0;1;0;0;0;0;0;411750,924121165650000;5319119,299369847400000;7,816515723000066;48,019267486000047;0
38981;08;1;17;026;2019;11;09;2;3;5;3;0;1;1;0;0;0;0;547670,424324534830000;5394800,987580332900000;9,647923513000023;48,704420663000064;0
38987;08;4;15;059;2019;11;12;5;3;0;1;0;1;0;0;0;0;0;516536,572450607080000;5369868,686506819000000;9,223774511000045;48,481727657000079;0
38990;08;4;36;008;2019;11;16;3;3;0;1;0;1;0;0;0;0;0;547859,336594439110000;5310443,559125645100000;9,640911575000075;47,945517973000051;1
38997;08;1;16;056;2019;11;12;5;3;6;4;0;0;1;1;0;0;0;530530,054491354150000;5395448,561480144000000;9,415012313000034;48,711320687000068;0
38999;08;4;17;025;2019;11;17;3;3;0;7;2;1;0;0;0;0;0;485246,142884165980000;5357009,024424623700000;8,800801792000073;48,366080516000068;1
39026;08;3;17;127;2019;11;17;3;2;6;4;2;0;0;1;1;0;0;421359,514822466300000;5351623,752624919600000;7,939337626000054;48,312912830000073;1
39027;08;3;11;000;2019;11;07;3;3;6;2;0;1;0;1;0;0;0;412595,725596839560000;5314405,104052580900000;7,828802933000077;47,976977997000063;0
39028;08;3;26;074;2019;11;07;2;3;3;6;2;1;1;0;0;0;0;456279,658446739430000;5314804,532322218600000;8,414069345000030;47,985048573000029;1
39030;08;3;11;000;2019;11;07;3;3;5;3;1;1;1;0;0;0;0;404103,356476583520000;5314540,513995507700000;7,715005244000054;47,976979479000079;0
39032;08;2;12;000;2019;11;20;3;2;4;3;2;1;1;0;0;0;0;452522,838855363430000;5429946,521826928500000;8,350625742000034;49,020578527000055;1
39039;08;2;31;000;2019;11;17;3;3;6;4;2;0;1;1;0;0;0;478435,983104420830000;5416010,412394564600000;8,705786105000072;48,896665628000051;0
39047;08;1;18;006;2019;11;06;4;2;6;4;2;0;0;1;0;1;0;517752,000288469720000;5421320,709010377500000;9,242435351000040;48,944556212000066;0
39048;08;2;36;038;2019;11;12;3;3;0;1;0;1;0;0;0;0;0;490270,621762597930000;5428216,862001849300000;8,866962505000060;49,006769693000081;1
39052;08;2;26;060;2019;11;17;3;3;1;5;2;1;1;0;0;0;0;477862,261470070110000;5463496,473360009500000;8,695354313000053;49,323797597000066;0
39069;08;1;35;019;2019;11;09;3;3;5;3;0;1;1;0;0;0;0;584205,422581640070000;5392420,500763904300000;10,143931207000037;48,679147723000028;0
39072;08;1;28;007;2019;11;13;7;3;5;3;0;1;1;0;0;0;0;555081,519000000320000;5483150,156000003200000;9,760694750000027;49,498482448000061;0
39084;08;1;18;019;2019;11;08;5;3;4;2;0;1;1;0;0;0;0;504495,708999999800000;5405351,429000003300000;9,061221692000061;48,801138021000042;0
39087;08;1;15;045;2019;11;16;3;3;5;3;0;1;1;0;0;0;0;499002,332379131580000;5395059,641344729800000;8,986438894000060;48,708568549000063;0
39098;08;1;11;000;2019;11;19;3;3;5;3;2;1;1;0;0;0;0;512731,472000000070000;5405449,055999999900000;9,173377378000055;48,801902137000070;0
39102;08;1;11;000;2019;11;18;3;3;5;3;2;1;1;0;0;0;0;513386,350169402550000;5404603,672301892200000;9,182267918000036;48,794283401000030;0
39103;08;3;17;122;2019;11;17;3;2;0;7;2;1;0;0;0;0;0;418506,902956292030000;5367293,803213963300000;7,897831059000055;48,453502519000040;0
39105;08;4;36;008;2019;11;17;2;3;0;2;2;1;1;0;0;0;0;547800,260415721680000;5310652,872518951100000;9,640143756000043;47,947405517000050;1
39109;08;4;26;021;2019;11;06;2;3;5;3;2;1;1;0;0;0;0;558819,022256148980000;5328619,454005552500000;9,790161399000056;48,108120887000041;0
39114;08;4;26;021;2019;11;16;2;3;5;2;0;1;1;0;0;0;0;559056,111950138580000;5327037,055930342500000;9,793127074000040;48,093863431000045;1
39129;08;3;37;065;2019;11;08;6;3;6;4;0;0;1;1;0;0;0;447522,723199485800000;5275612,079779593300000;8,301463477000027;47,631782759000032;0
39137;08;1;17;024;2019;11;07;4;2;6;4;2;0;0;1;0;0;1;564467,773737535810000;5387575,466350024600000;9,875078063000046;48,637916542000028;0
39142;08;1;16;058;2019;11;06;4;2;6;4;2;0;1;1;0;0;0;533825,934799342420000;5395305,396019648800000;9,459801912000046;48,709862721000036;0
39159;08;2;21;000;2019;11;18;6;3;4;6;2;1;0;0;0;0;0;473654,743999999950000;5472632,155999999500000;8,636849529000074;49,405804708000062;0
39165;08;3;35;043;2019;11;15;5;3;4;2;0;1;1;0;0;0;0;510957,173463053070000;5282065,700616130600000;9,146020523000061;47,691884367000057;0
39185;08;4;35;035;2019;11;17;3;3;5;3;2;1;1;0;0;0;0;540665,290992219000000;5279761,492534959700000;9,541698822000058;47,669966009000063;0
39196;08;4;15;061;2019;11;16;3;3;5;3;0;1;1;0;0;0;0;515032,433160401880000;5373233,914852911600000;9,203541648000055;48,512040198000079;0
39210;08;4;15;061;2019;11;15;3;3;0;1;0;1;0;0;0;0;0;516151,970645755530000;5373102,817365214200000;9,218695186000048;48,510833003000073;1
39237;08;2;37;040;2019;11;18;3;2;3;6;2;1;1;0;0;0;0;473573,122197041290000;5367747,189323958000000;8,642525207000062;48,462304093000057;1
39241;08;2;26;085;2019;11;16;3;2;5;3;1;1;0;0;0;0;1;493209,815000000410000;5454370,938999999300000;8,906712075000030;49,242075670000077;1
39243;08;2;26;059;2019;11;18;3;3;0;1;2;0;1;1;0;0;0;465339,844407949600000;5460177,715398261300000;8,523321888000055;49,293363280000051;1
39247;08;2;22;000;2019;11;08;3;3;5;3;0;1;1;0;0;0;0;463241,317366541360000;5483180,357008347300000;8,492334056000061;49,500141189000033;0
39255;08;2;26;085;2019;11;15;3;2;5;3;0;1;1;0;0;0;0;490485,490117032080000;5455375,940056141500000;8,869259769000053;49,251079576000052;0
39259;08;1;11;000;2019;11;18;1;3;6;4;2;0;1;1;0;0;0;512858,481561367400000;5407452,226977944400000;9,175169750000066;48,819919790000029;0
39264;08;1;17;030;2019;11;13;5;2;6;2;0;0;1;1;0;0;0;547815,310188255270000;5389474,020738152800000;9,649276442000030;48,656490636000058;0
39270;08;2;15;108;2019;11;22;6;3;4;3;2;1;0;0;1;0;0;451526,511737245140000;5426553,718729404700000;8,337404350000043;48,989982755000028;0
39272;08;1;36;024;2019;11;14;1;2;6;4;0;0;1;1;0;0;0;564644,899355737490000;5412086,208392757900000;9,881329471000072;48,858371165000051;0
39277;08;1;17;024;2019;11;17;3;3;4;6;2;1;0;0;0;0;0;562460,853838409300000;5386648,123230481500000;9,847699761000058;48,629778635000037;0
39282;08;1;16;077;2019;11;19;3;2;6;4;2;0;1;1;0;0;0;516113,269943180490000;5392164,942837160100000;9,218910846000028;48,682320383000047;1
39286;08;3;17;075;2019;11;17;4;3;5;3;2;1;1;0;0;0;0;412739,774334681220000;5360337,186189785600000;7,821296838000023;48,390157083000076;0
39296;08;1;17;026;2019;11;10;6;3;0;7;0;0;1;1;0;0;0;547606,947266018020000;5394852,829548601100000;9,647066786000039;48,704891856000074;0
39299;08;1;18;014;2019;11;17;3;3;5;3;2;1;1;0;0;0;0;520664,925764612850000;5421621,949710613100000;9,282231376000027;48,947175583000046;1
39301;08;2;26;012;2019;11;11;4;3;5;2;0;1;1;0;0;0;0;476420,017771638930000;5477012,745716691000000;8,674705768000024;49,445320688000038;0
39303;08;3;17;065;2019;11;19;5;2;5;2;2;1;1;0;0;0;0;415650,155823303390000;5353099,692737052200000;7,862052718000030;48,325452951000045;0
39320;08;4;15;059;2019;11;16;3;3;0;1;1;1;0;0;0;0;0;515781,199790138750000;5367005,432997340300000;9,213444758000037;48,455988138000066;0
39323;08;1;25;001;2019;11;14;6;3;5;3;0;1;1;0;0;0;0;521380,321999999690000;5435359,283000001700000;9,292725290000021;49,070725243000027;0
39328;08;2;15;109;2019;11;17;5;3;6;4;2;0;1;1;0;0;0;459675,936748671350000;5437742,328057587100000;8,447681483000054;49,091211755000074;0
39330;08;1;11;000;2019;11;19;7;3;5;3;2;1;0;0;0;0;1;515741,394508679400000;5399002,123183894900000;9,214119516000039;48,743837172000042;0
39334;08;4;35;034;2019;11;17;2;3;5;3;2;1;1;0;0;0;0;529776,821848516350000;5284668,310102183400000;9,396993644000077;47,714707969000074;0
39336;08;4;25;108;2019;11;17;2;2;6;4;2;0;1;1;0;0;0;554416,670000000860000;5357986,444000002000000;9,734800396000026;48,372699828000066;0
39337;08;2;12;000;2019;11;07;2;2;6;4;1;1;0;1;0;0;0;452845,446193116720000;5429135,423671344300000;8,355132203000039;49,013307429000065;0
39345;08;4;15;050;2019;11;18;2;3;5;3;2;1;1;0;0;0;0;522621,722660009750000;5375114,623654782800000;9,306402643000070;48,528731951000054;0
39353;08;2;21;000;2019;11;08;6;3;3;2;0;1;1;0;0;0;0;476556,757299579680000;5472836,934497557600000;8,676838902000043;49,407765368000071;0
39361;08;2;12;000;2019;11;10;6;3;2;6;0;1;1;0;0;0;0;456032,018624840300000;5428243,052867386500000;8,398804609000024;49,005515767000077;0
39372;08;2;12;000;2019;11;15;3;3;6;4;0;0;1;1;0;0;0;461899,418000001460000;5427556,615000002100000;8,479093051000064;48,999731207000082;1
39374;08;3;17;067;2019;11;09;2;3;5;3;0;1;1;0;0;0;0;434736,713193879460000;5374482,567674577200000;8,116180706000023;48,520060722000039;1
39381;08;3;11;000;2019;11;07;2;3;5;3;0;1;1;0;0;0;0;411868,188543033790000;5319009,169043857600000;7,818110623000052;48,018293025000048;1
39396;08;2;26;104;2019;11;16;2;3;6;4;2;0;1;1;0;0;0;492575,318354434330000;5468906,754886508000000;8,897724678000031;49,372819722000031;0
39411;08;1;18;048;2019;11;14;2;3;5;3;0;1;1;0;0;0;0;514424,095548184590000;5416639,152597434800000;9,196821603000046;48,902528980000056;0
39412;08;4;35;016;2019;11;21;3;3;0;7;2;1;0;0;0;0;0;530671,801540791990000;5279714,438624180900000;9,408577171000047;47,670093897000072;1
39413;08;3;16;038;2019;11;16;5;1;3;6;0;1;0;0;0;1;0;397885,742584663440000;5334422,251121848800000;7,626965656000039;48,154843757000037;0
39416;08;4;25;071;2019;11;17;2;3;3;6;2;1;1;0;0;0;0;549731,599000000390000;5370560,066999999800000;9,673033637000060;48,486197432000040;0
39421;08;1;16;072;2019;11;10;2;3;1;1;0;1;1;0;0;0;0;531296,716586189340000;5392451,142879949900000;9,425206529000036;48,684318374000043;0