OBJECTID;ULAND;UREGBEZ;UKREIS;UGEMEINDE;UJAHR;UMONAT;USTUNDE;UWOCHENTAG;UKATEGORIE;UART;UTYP1;ULICHTVERH;IstRad;IstPKW;IstFuss;IstKrad;IstGkfz;IstSonstige;LINREFX;LINREFY;XGCSWGS84;YGCSWGS84;STRZUSTAND
40620;08;3;17;034;2019;12;07;4;3;5;3;1;1;1;0;0;0;0;426680,440252878700000;5361329,114468436700000;8,009400815000049;48,400854668000079;1
40623;08;3;17;057;2019;12;16;4;2;5;3;1;1;1;0;0;0;0;414160,006718436260000;5378248,021289251700000;7,836800332000053;48,551452736000044;1
40633;08;2;36;040;2019;12;07;4;3;4;6;0;1;0;0;0;0;0;489830,540130635720000;5423308,040216300600000;8,861067746000060;48,962604732000045;1
40636;08;2;36;038;2019;12;07;4;3;1;7;2;1;1;0;0;0;0;483175,208417232150000;5426156,611499395200000;8,770027278000043;48,988083959000051;1
40649;08;3;26;052;2019;12;17;6;3;6;4;2;0;0;1;0;0;1;450318,818000000900000;5330569,827000003300000;8,332357539000043;48,126445639000053;1
40651;08;2;12;000;2019;12;12;5;3;1;5;0;1;1;0;0;0;0;454166,031819975930000;5428259,576314078600000;8,373289773000067;49,005528640000080;0
40655;08;2;25;014;2019;12;09;6;3;6;4;0;0;1;1;0;0;0;523533,209000001660000;5485780,547000004000000;9,325170853000032;49,524186357000076;0
40657;08;1;18;046;2019;12;07;5;3;5;3;2;1;1;0;0;0;0;516329,045000000860000;5412529,228999998400000;9,222650896000062;48,865509925000026;1
40659;08;4;36;049;2019;12;09;5;2;5;3;0;1;0;0;0;1;0;577991,263376305810000;5283482,920770973000000;10,039515677000054;47,700020342000073;0
40667;08;2;15;084;2019;12;12;6;3;0;7;0;1;1;0;0;0;0;472982,797904852780000;5445065,769812086600000;8,629450002000056;49,157815991000064;1
40672;08;1;18;063;2019;12;20;4;3;6;4;2;0;1;1;0;0;0;514957,468056906950000;5423203,947860349000000;9,204340463000051;48,961571034000031;0
40676;08;1;18;079;2019;12;14;4;3;5;3;0;1;1;0;0;0;0;511531,442867578010000;5422831,809625823100000;9,157525716000066;48,958296821000033;0
40677;08;4;36;064;2019;12;14;5;3;5;2;0;0;1;1;0;0;0;546060,185933008790000;5293484,330858780100000;9,615011718000062;47,793069878000040;0
40685;08;1;35;016;2019;12;07;6;3;6;4;2;0;1;1;0;0;0;590934,625772143710000;5385890,592273622800000;10,233892194000077;48,619473325000058;1
40688;08;1;16;056;2019;12;13;4;3;3;6;0;1;1;0;0;0;0;532017,135153613050000;5395511,912962798000000;9,435231363000071;48,711816002000035;0
40689;08;2;35;080;2019;12;18;5;2;0;1;2;1;0;0;0;0;0;481212,993378663440000;5385615,981442892900000;8,745061983000028;48,623330706000047;1
40691;08;1;15;003;2019;12;11;4;3;5;3;0;1;1;0;0;0;0;500714,791680478490000;5392469,611805440900000;9,009711544000027;48,685268794000081;0
40701;08;4;36;064;2019;12;06;3;3;5;3;2;1;1;0;0;0;0;538216,559766008520000;5288495,825458949400000;9,509846727000024;47,748700684000028;0
40706;08;4;15;050;2019;12;19;3;3;1;6;2;1;1;0;0;0;0;521448,640071756210000;5375826,098568456200000;9,290550521000057;48,535173738000026;0
40707;08;3;35;098;2019;12;12;3;3;0;5;0;1;1;0;0;0;0;504286,462516870350000;5295995,582688551400000;9,057260864000057;47,817298134000055;0
40708;08;2;26;085;2019;12;12;6;3;6;4;0;0;0;1;0;0;1;491218,266247946770000;5455702,051688551900000;8,879321775000051;49,254023972000027;1
40709;08;3;17;122;2019;12;07;3;2;6;4;2;0;1;1;0;0;0;418170,686689833180000;5367352,867990445300000;7,893273172000022;48,453990160000046;0
40713;08;3;11;000;2019;12;14;3;3;3;2;0;1;1;0;0;0;0;412809,548248359000000;5314679,873592231400000;7,831611716000055;47,979478821000043;0
40719;08;2;36;031;2019;12;09;3;3;5;3;0;1;1;0;0;0;0;481259,000710268500000;5419497,500071520000000;8,744142068000031;48,928126128000031;0
40723;08;2;21;000;2019;12;08;3;3;1;5;0;1;1;0;0;0;0;476976,570338658990000;5475611,312071587900000;8,682464882000033;49,432736425000030;0
40728;08;2;16;009;2019;12;01;3;3;0;7;2;1;0;0;0;0;0;446330,878576152030000;5420227,281446436400000;8,267223982000076;48,932647127000052;0
40730;08;2;16;039;2019;12;16;3;3;5;3;0;1;1;0;0;0;0;443880,585050530730000;5415681,259419789500000;8,234396838000066;48,891538504000039;0
40734;08;3;15;059;2019;12;16;6;3;2;6;1;1;1;0;0;0;0;397228,982193441130000;5321579,148996189200000;7,621230054000023;48,039221683000051;1
40743;08;1;25;046;2019;12;11;3;3;6;4;0;0;1;1;0;0;0;518239,779079983010000;5433704,381977198600000;9,249652928000046;49,055939732000070;0
40760;08;1;15;028;2019;12;13;3;3;5;3;0;1;1;0;0;0;0;501215,470000000670000;5405307,209000002600000;9,016551908000054;48,800755290000041;0
40762;08;2;36;071;2019;12;13;5;3;5;3;0;1;1;0;0;0;0;468577,956219599580000;5420228,525835981600000;8,570964230000072;48,934188091000067;1
40775;08;3;35;075;2019;12;09;2;3;4;3;0;1;1;0;0;0;0;488113,628000000490000;5290018,671000002000000;8,841379467000024;47,763425443000074;0
40783;08;2;36;075;2019;12;13;6;3;5;3;0;1;1;0;0;0;0;481672,445722394620000;5425897,888116268400000;8,749498357000050;48,985713829000076;1
40785;08;1;17;042;2019;12;12;5;2;5;3;0;1;1;0;0;0;0;554424,306809281930000;5393722,691089099300000;9,739570853000032;48,694168258000047;0
40788;08;3;15;074;2019;12;07;2;3;6;2;1;0;1;1;0;0;0;397511,471752079200000;5295897,839097000700000;7,631128003000072;47,808270783000069;0
40789;08;3;36;091;2019;12;17;2;3;0;7;2;1;0;0;0;0;1;394940,011338359680000;5271694,296404210900000;7,602623831000074;47,590145987000028;0
40799;08;2;25;014;2019;12;11;6;3;6;4;0;0;1;1;0;0;0;523597,257312064990000;5485656,549422424300000;9,326048411000045;49,523068552000041;0
40801;08;1;16;077;2019;12;11;5;3;5;3;0;1;1;0;0;0;0;517682,061999999920000;5391063,995000001000000;9,240176788000042;48,672373739000079;0
40807;08;2;36;062;2019;12;16;2;3;5;3;1;1;1;0;0;0;0;485354,995000001040000;5407977,387000002000000;8,800474021000071;48,824604496000063;0
40817;08;2;21;000;2019;12;07;2;3;4;6;2;1;0;0;0;0;0;479408,461187760350000;5473535,394365500700000;8,716112384000041;49,414151099000037;0
40823;08;1;19;020;2019;12;10;5;3;0;6;0;1;1;0;0;0;0;519428,891523210330000;5408886,205087820100000;9,264744871000062;48,832648805000076;0
40830;08;1;27;025;2019;12;07;2;3;6;4;1;0;1;1;0;0;0;556346,359383076430000;5427969,978313997400000;9,770398761000024;49,002053553000053;0
40835;08;1;25;049;2019;12;16;2;3;3;6;0;1;1;0;0;0;0;498166,525000001300000;5449728,197999998900000;8,974831743000038;49,200347884000053;1
40837;08;2;36;074;2019;12;11;6;3;6;4;0;0;1;1;0;0;0;473385,869145251810000;5420048,069819267800000;8,636621623000053;48,932790290000071;1
40841;08;1;18;071;2019;12;08;2;3;5;3;0;1;1;0;0;0;0;509278,656000001360000;5418678,582000000400000;9,126656956000034;48,920973595000078;1
40859;08;1;16;053;2019;12;11;2;2;0;1;0;1;0;0;0;0;0;538894,925999999980000;5389480,242000000600000;9,528154543000028;48,657165643000042;0
40865;08;2;12;000;2019;12;16;5;3;5;3;2;1;1;0;0;0;0;452876,292991304770000;5429868,123995414000000;8,355468935000033;49,019900441000061;0
40868;08;3;37;116;2019;12;02;1;2;6;7;2;0;1;1;0;0;0;418171,404812910590000;5273704,671848291500000;7,911177783000028;47,611579546000030;1
40872;08;3;35;079;2019;12;16;1;3;0;7;1;1;0;0;0;0;0;499937,835216007200000;5295887,277602246000000;8,999169585000061;47,816337939000050;0
40873;08;4;35;016;2019;12;13;5;3;1;5;0;1;0;0;0;0;1;536186,949324482120000;5277950,729079607900000;9,481895573000031;47,653939972000046;0
40874;08;3;17;001;2019;12;16;1;2;6;4;2;0;1;1;0;0;0;431619,673754271120000;5386628,375775244100000;8,071976728000038;48,628981750000037;1
40902;08;4;36;082;2019;12;09;7;3;5;3;0;1;1;0;0;0;0;547461,625129595400000;5294491,703171681600000;9,633833283000058;47,802031382000052;1
40904;08;4;25;055;2019;12;07;7;2;6;6;2;0;1;1;0;0;0;546537,363123079760000;5339890,573215387800000;9,626417198000070;48,210536306000051;1
40905;08;2;35;022;2019;12;17;5;2;3;6;2;1;1;0;0;0;0;471084,117770489310000;5377975,748683445200000;8,608148582000069;48,554212535000033;1
40918;08;3;27;018;2019;12;10;7;3;6;4;0;0;1;1;0;0;0;474714,624922839920000;5301672,956034554200000;8,661895592000064;47,867896409000082;1
40920;08;3;17;057;2019;12;01;7;3;1;7;2;0;1;1;0;0;0;414431,837417327800000;5378923,038287824000000;7,840344302000062;48,557561308000061;1
40922;08;3;17;057;2019;12;16;7;3;5;3;0;1;1;0;0;0;0;411895,003000002350000;5380958,758000005000000;7,805540556000040;48,575519896000060;0
40929;08;4;35;016;2019;12;13;6;3;5;2;0;1;1;0;0;0;0;537309,708498167810000;5278513,853893660000000;9,496894667000049;47,658942854000031;1
40941;08;1;11;000;2019;12;11;5;3;6;4;0;0;1;1;0;0;0;515876,277842472310000;5405555,377166261900000;9,216207215000054;48,802786218000051;0
40944;08;2;12;000;2019;12;11;7;3;6;4;0;0;0;1;0;0;1;455888,868577258660000;5430283,381936933800000;8,396625589000053;49,023858504000032;1
40947;08;2;16;022;2019;12;05;7;2;6;4;2;0;1;1;0;0;0;436003,040160212670000;5406073,294128028700000;8,128441732000056;48,804353157000037;1
40952;08;2;21;000;2019;12;13;6;3;4;6;0;1;0;0;0;0;0;477497,742999999780000;5471867,264000002300000;8,689864963000048;49,399078849000034;1
40953;08;1;25;110;2019;12;22;7;2;6;1;2;0;1;1;0;0;0;528894,643225482670000;5440961,260720862100000;9,396004845000050;49,120809682000072;0
40954;08;4;35;016;2019;12;17;4;3;0;2;1;1;1;0;0;0;0;537783,080003578220000;5278776,302117900900000;9,503221521000057;47,661276724000061;0
40966;08;3;17;001;2019;12;07;6;3;5;3;2;1;1;0;0;0;0;432222,357609503900000;5386597,156851861600000;8,080160049000028;48,628766544000030;0
40975;08;4;37;101;2019;12;13;6;3;1;5;0;1;1;0;0;0;0;521920,814302756450000;5324478,972240209600000;9,294279131000053;48,073208428000044;1
40977;08;4;36;055;2019;12;09;6;3;5;3;0;1;1;0;0;0;0;576411,737226407970000;5297132,374316351500000;10,020865977000028;47,823001454000064;1
40996;08;3;17;056;2019;12;12;3;3;5;2;0;1;1;0;0;0;0;433829,304552488030000;5382207,821292428300000;8,102665681000076;48,589456023000025;0
40999;08;3;36;073;2019;12;17;2;3;3;6;2;1;1;0;0;0;0;398018,779613196850000;5277493,101215817000000;7,642211766000060;47,642799253000078;0
41010;08;1;36;088;2019;12;20;2;3;0;7;2;1;0;0;0;0;0;579965,766868182460000;5409946,023955710200000;10,089751354000043;48,837336252000057;0
41030;08;1;27;014;2019;12;19;3;2;6;7;2;0;1;1;0;0;0;570815,855722130280000;5444956,349596245200000;9,971181461000072;49,153342070000065;0
41048;08;3;15;022;2019;12;10;7;2;5;3;0;1;1;0;0;0;0;397803,964156226250000;5300828,741691252200000;7,633869755000035;47,852670250000074;0
41053;08;2;37;004;2019;12;16;7;1;6;1;0;0;1;1;0;0;0;455149,684149835260000;5381014,707248507100000;8,391897024000059;48,580613023000069;0
41072;08;1;11;000;2019;12;18;7;3;6;2;2;0;1;1;0;0;0;513397,585204853680000;5402518,729030285000000;9,182352927000068;48,775527201000045;0
41091;08;3;36;087;2019;12;14;6;2;4;1;0;0;1;1;0;0;0;420699,483780785460000;5297172,761849736800000;7,940539043000058;47,823015115000032;1
41093;08;2;35;085;2019;12;07;6;3;6;4;0;0;1;1;0;0;0;479481,025729724210000;5395779,815592575800000;8,721055400000068;48,714710434000040;0
41102;08;1;27;014;2019;12;15;6;3;6;4;0;0;1;1;0;0;0;575396,637395774950000;5443821,025027902800000;10,033780247000038;49,142585644000064;1
41166;08;3;27;020;2019;12;12;3;2;6;7;0;0;1;1;0;0;0;477115,133224869150000;5321540,976993395000000;8,692936228000065;48,046741519000079;1
41177;08;2;11;000;2019;12;10;3;3;0;1;0;1;0;0;0;0;0;443115,301797561350000;5401328,828081807100000;8,225948594000045;48,762367685000072;1
41200;08;3;17;057;2019;12;14;3;2;5;3;0;1;1;0;0;0;0;414534,448878659870000;5382299,583926165500000;7,841040662000069;48,587945459000082;1
41218;08;1;15;048;2019;12;19;3;3;6;2;2;0;1;1;0;0;0;509471,256975592110000;5387063,724395502400000;9,128557694000051;48,636565295000025;0
41231;08;3;17;153;2019;12;10;3;2;5;3;0;1;1;0;0;0;0;421938,368343923240000;5390688,753029484300000;7,939843598000039;48,664369841000052;0
41242;08;1;11;000;2019;12;06;2;2;6;4;2;0;1;1;0;0;0;513634,232597064230000;5401830,490028755700000;9,185551073000056;48,769330713000045;1
41249;08;4;36;009;2019;12;12;2;2;4;2;0;1;1;0;0;0;0;556728,311585111540000;5307342,214575642700000;9,759262560000025;47,916892562000044;1
41254;08;2;35;065;2019;12;20;1;3;5;2;2;1;1;0;0;0;0;473749,959021346640000;5404327,091122688700000;8,642601031000027;48,791385311000056;1
41258;08;2;26;085;2019;12;17;1;3;2;2;2;1;1;0;0;0;0;491282,908663862380000;5455557,141424858900000;8,880213241000035;49,252721399000052;1
41272;08;4;36;082;2019;12;22;7;3;0;7;2;1;0;0;0;0;0;547409,344928658570000;5295343,540607182300000;9,633228289000044;47,809699168000066;0
41276;08;4;35;057;2019;12;19;7;3;0;7;2;1;0;0;0;0;0;544313,676160629840000;5279832,838551804400000;9,590303331000030;47,670368194000048;1
41288;08;4;21;000;2019;12;23;6;3;0;1;2;1;0;0;0;0;0;573152,607430825010000;5361729,348342726000000;9,988413648000062;48,404474254000036;1
41307;08;2;21;000;2019;12;21;7;3;3;2;2;1;1;0;0;0;0;476330,621428268960000;5471770,463258761900000;8,673785265000049;49,398163877000059;0
41332;08;1;11;000;2019;12;19;7;3;5;2;2;1;1;0;0;0;0;514642,313484641720000;5406050,261134842400000;9,199420534000069;48,807268423000039;0
41333;08;4;37;053;2019;12;19;6;3;6;4;2;0;1;1;0;0;0;528051,661709615960000;5319514,839968642200000;9,376256457000068;48,028306307000037;0
172308;08;1;16;022;2019;01;06;2;2;4;2;2;1;1;0;0;0;0;523081,766999999990000;5381700,612999999900000;9,312998976000074;48,587963913000067;1
172310;08;1;11;000;2019;01;16;2;3;6;4;0;0;1;1;0;0;0;516592,814709350470000;5405599,042802020900000;9,225966885000048;48,803160312000045;0
172317;08;2;16;015;2019;01;19;1;2;6;2;2;0;1;1;0;0;0;450298,122828367170000;5405525,995806653100000;8,323172828000054;48,800737587000071;1
172328;08;4;15;059;2019;01;16;2;3;0;1;1;1;0;0;0;0;0;516870,432392436080000;5367947,478047614900000;9,228214776000073;48,464434879000066;1
172334;08;2;36;040;2019;01;10;7;3;6;2;0;0;1;1;0;0;0;488483,932705075480000;5422074,726681917900000;8,842705735000038;48,951486652000028;1
172335;08;2;26;084;2019;01;09;7;3;5;3;0;1;0;0;0;0;1;469291,156182262120000;5470660,433302959400000;8,576854596000032;49,387865009000052;1
172337;08;3;17;065;2019;01;18;7;3;6;4;2;0;1;1;0;0;0;414975,454290467310000;5354061,884479064500000;7,852758202000075;48,334017331000041;1
172339;08;3;35;063;2019;01;17;2;3;6;2;2;0;1;1;0;0;0;495692,109988742510000;5288587,317337246600000;8,942526418000057;47,750641954000059;1
172341;08;1;21;000;2019;01;12;7;3;6;7;0;0;1;1;0;0;0;516019,883606444110000;5443634,952487517100000;9,219662733000064;49,145330838000064;1
172342;08;1;21;000;2019;01;19;7;3;6;7;0;0;1;1;0;0;0;516021,641498377550000;5443138,108599437400000;9,219667082000058;49,140861519000055;1
172344;08;1;15;028;2019;01;09;7;3;6;7;0;0;0;1;1;0;0;500624,120332104150000;5407398,235776634900000;9,008502265000061;48,819566862000045;1
172346;08;3;35;043;2019;01;07;6;3;5;2;0;1;1;0;0;0;0;513028,604260465130000;5279080,913102103400000;9,173536202000037;47,664989838000054;1
172347;08;3;35;075;2019;01;13;6;3;5;3;0;1;1;0;0;0;0;488271,575000001120000;5290725,129000000700000;8,843468151000025;47,769784707000042;1
172348;08;3;27;016;2019;01;07;6;2;6;4;1;0;1;1;0;0;0;495324,907887312580000;5319304,888444198300000;8,937294680000036;48,027016349000064;2
172349;08;2;37;028;2019;01;15;6;2;6;2;0;0;1;1;0;0;0;456765,469394047740000;5367821,079116873400000;8,415171391000058;48,462038106000080;1
172351;08;3;35;043;2019;01;19;2;3;5;7;2;1;0;0;0;0;0;513490,292334065770000;5280144,649984398900000;9,179718541000057;47,674551519000033;1
172352;08;2;31;000;2019;01;05;6;2;0;7;2;1;0;0;0;0;0;479516,242999999780000;5416392,089000001500000;8,720505562000028;48,900135723000062;2
172353;08;2;22;000;2019;01;15;6;3;3;6;0;1;0;0;0;0;0;462879,884338287640000;5483628,747096903600000;8,487300458000050;49,504152209000040;0
172354;08;2;22;000;2019;01;18;6;3;4;2;2;1;1;0;0;0;0;464990,197341323830000;5484667,620157809900000;8,516354664000062;49,513621846000035;1
172355;08;2;21;000;2019;01;19;6;3;3;5;2;1;1;0;0;0;0;476902,997129686180000;5472949,351233979700000;8,681605142000024;49,408789779000074;1
172356;08;2;12;000;2019;01;07;6;2;0;1;1;1;0;0;0;0;0;455270,576999999580000;5431638,832000002300000;8,388019263000047;49,036006324000027;1
172357;08;2;15;017;2019;01;12;6;2;1;5;0;1;1;0;0;0;0;453424,044455238620000;5419265,047614406800000;8,364174334000040;48,924566263000031;0
172358;08;1;35;019;2019;01;19;6;3;5;3;2;1;1;0;0;0;0;585540,748999999840000;5391128,383000003200000;10,161800492000054;48,667344517000060;1
172362;08;1;11;000;2019;01;07;6;3;6;4;0;0;1;1;0;0;0;515005,627302542330000;5402084,168093532300000;9,204223802000058;48,771581222000066;1
172365;08;3;37;096;2019;01;20;5;3;6;1;2;0;1;1;0;0;0;420819,060997736640000;5267572,578997321400000;7,947508097000025;47,556742225000050;0
172366;08;3;35;043;2019;01;07;5;3;5;3;0;1;1;0;0;0;0;512122,971134873110000;5281611,417101657000000;9,161543816000062;47,687776066000026;1
172368;08;3;17;096;2019;01;17;5;2;6;4;2;0;1;1;0;0;0;420280,607735264120000;5368646,948833625800000;7,921557584000027;48,465901106000047;1
172370;08;3;11;000;2019;01;10;5;3;5;3;0;1;1;0;0;0;0;414160,831129957920000;5315488,864666709700000;7,849553951000075;47,986938762000079;0
172371;08;3;11;000;2019;01;07;5;3;5;3;0;1;1;0;0;0;0;414362,559392266910000;5317799,265420571000000;7,851795927000069;48,007748746000061;0
172372;08;3;15;064;2019;01;13;5;3;5;3;0;1;1;0;0;0;0;421687,531889687290000;5312556,848385129100000;7,950945458000035;47,961529117000055;0
172373;08;2;12;000;2019;01;14;5;3;6;7;0;0;1;1;0;0;0;455770,749976610760000;5428870,926549233500000;8,395163959000058;49,011144886000068;1
172374;08;2;12;000;2019;01;07;5;3;5;3;2;1;1;0;0;0;0;455040,138503247870000;5429893,963201813400000;8,385060083000042;49,020294374000059;0
172376;08;2;22;000;2019;01;12;5;3;5;3;0;1;1;0;0;0;0;462812,718774490990000;5486104,538450636000000;8,486139559000037;49,526416471000061;0
172377;08;2;22;000;2019;01;12;5;3;6;2;0;0;1;1;0;0;0;462012,728828996420000;5480937,878853248400000;8,475582545000066;49,479895582000040;1
172379;08;2;26;012;2019;01;17;5;3;6;4;2;0;1;1;0;0;0;475913,135868347250000;5477199,585164053400000;8,667701917000045;49,446981386000061;0
172381;08;2;21;000;2019;01;14;5;2;0;7;0;0;0;1;0;0;1;477692,208645031790000;5472979,954602103700000;8,692482627000061;49,409094496000080;0
172382;08;2;16;043;2019;01;10;5;2;6;2;0;0;1;1;0;0;0;441614,777554603290000;5413121,709184695000000;8,203854368000066;48,868306166000082;1
172388;08;3;35;043;2019;01;10;4;3;5;3;0;1;1;0;0;0;0;512922,946413772180000;5280323,927647605500000;9,172165664000033;47,676176187000067;0
172390;08;3;17;065;2019;01;07;2;2;5;3;2;1;1;0;0;0;0;415734,947665047830000;5354993,776818094800000;7,862817556000039;48,342501336000055;1
172392;08;3;16;056;2019;01;08;4;3;5;3;0;1;1;0;0;0;0;423479,501999664120000;5328252,093634722800000;7,972141981000050;48,102935412000079;0
172393;08;3;15;013;2019;01;16;4;1;6;4;0;0;0;1;0;0;1;404756,997000001370000;5324855,001000000200000;7,721469028000058;48,069855016000076;0
172395;08;2;15;103;2019;01;14;4;2;5;3;0;1;0;0;0;0;1;466959,788081116040000;5443219,868356570600000;8,546996271000069;49,140917299000080;0
172400;08;2;22;000;2019;01;14;4;3;0;4;0;0;0;1;0;0;1;461876,238624665890000;5481366,034013988500000;8,473657093000043;49,483738059000075;0
172401;08;2;26;018;2019;01;22;4;3;0;7;2;1;0;0;0;0;0;473541,139252642170000;5472479,815023530300000;8,635293752000052;49,404429503000074;0
172405;08;1;19;018;2019;01;09;4;2;7;7;0;1;0;1;0;0;0;528546,156798721290000;5418975,103247346400000;9,389681732000042;48,923052276000078;1
172411;08;2;21;000;2019;01;04;3;3;4;6;2;1;1;0;0;0;0;475118,966787436050000;5473436,386270994300000;8,656982001000074;49,413100236000048;0
172413;08;2;11;000;2019;01;02;3;2;6;7;2;0;1;1;0;0;0;442961,899887292650000;5405710,455853434300000;8,223253415000045;48,801766964000080;1
172414;08;1;15;045;2019;01;18;3;2;6;4;2;0;1;1;0;0;0;500114,345000000670000;5396416,219999998800000;9,001554646000045;48,720773205000057;1
172415;08;1;35;016;2019;01;17;3;3;6;7;2;0;1;1;0;0;0;591618,956000002100000;5387013,231000002500000;10,243423649000022;48,629470587000071;1
172416;08;1;18;048;2019;01;00;3;3;6;7;2;0;1;1;0;0;0;512699,047327071430000;5417237,045052958700000;9,173301460000062;48,907945226000038;1
172419;08;1;15;021;2019;01;00;3;3;0;1;2;1;0;0;0;0;0;490460,420008896850000;5382438,658284900700000;8,870621289000042;48,594956253000078;1
172432;08;3;16;009;2019;01;17;2;3;5;2;2;1;1;0;0;0;0;418143,450920439330000;5325039,678726201900000;7,901094794000073;48,073375109000040;1
172441;08;3;11;000;2019;01;18;2;3;2;6;2;1;1;0;0;0;0;413723,915561606180000;5315584,176939277000000;7,843680337000023;47,987737341000070;0
172483;08;2;21;000;2019;01;06;2;3;5;2;2;1;1;0;0;0;0;475916,985212699510000;5474103,050084054500000;8,667943092000030;49,419128864000072;0
172506;08;1;21;000;2019;01;08;2;2;5;3;0;1;1;0;0;0;0;515886,993115549910000;5441973,317427828900000;9,217775074000031;49,130387325000072;0
172530;08;1;15;024;2019;01;15;3;3;5;2;0;1;1;0;0;0;0;500863,343411025590000;5387420,201414426800000;9,011719312000025;48,639843375000055;1
172536;08;4;36;064;2019;01;06;2;3;4;2;2;1;1;0;0;0;0;545637,879912833680000;5292892,999356988800000;9,609311079000065;47,787779736000061;1
172542;08;4;26;097;2019;01;17;2;3;6;4;2;0;1;1;0;0;0;535572,750751135870000;5333948,873069735200000;9,478336331000037;48,157790713000054;0
172543;08;2;22;000;2019;01;16;2;3;6;4;1;0;1;1;0;0;0;463847,324889477340000;5486543,524217166000000;8,500395112000035;49,530427511000028;1
172570;08;1;16;080;2019;01;17;5;2;6;4;0;0;1;1;0;0;0;518152,702451810240000;5397608,029214004100000;9,246857192000050;48,731230370000048;0
172571;08;1;15;045;2019;01;17;5;3;6;4;2;0;1;1;0;0;0;497722,188672830350000;5396515,603750340600000;8,969030108000027;48,721663115000069;1
172572;08;1;15;028;2019;01;19;5;3;6;4;2;0;1;1;0;0;0;500667,459935271180000;5404881,750067090600000;9,009088579000036;48,796928720000039;1
172573;08;1;11;000;2019;01;06;5;3;6;4;2;0;1;1;0;0;0;515872,607875048180000;5405620,918168593200000;9,216159771000037;48,803375910000057;0
172575;08;4;21;000;2019;01;09;4;3;6;4;0;0;0;1;0;0;1;570843,375177995300000;5359386,778672646700000;9,956821459000025;48,383665894000046;1
172576;08;4;21;000;2019;01;11;4;3;0;7;0;1;0;0;0;0;0;573357,404704910700000;5361177,946995159600000;9,991084001000047;48,399490482000033;1
172578;08;3;35;043;2019;01;19;4;2;5;3;2;1;1;0;0;0;0;511065,185999999750000;5280799,521000003400000;9,147427839000045;47,680489883000064;0
172580;08;3;17;096;2019;01;17;4;3;4;6;0;1;0;0;0;0;0;421812,183534025210000;5369488,444777380700000;7,942115664000028;48,473662553000054;0
172583;08;2;35;085;2019;01;09;4;2;6;4;0;0;1;1;0;0;0;480848,929933339360000;5395170,923115421100000;8,739679386000034;48,709276371000044;0
172584;08;2;26;084;2019;01;22;4;3;6;7;2;1;0;1;0;0;0;469112,032912565400000;5470311,255346283300000;8,574413609000033;49,384715176000043;0
172586;08;2;22;000;2019;01;12;4;3;5;3;0;1;1;0;0;0;0;462264,036811645140000;5481171,975002083900000;8,479029384000057;49,482016833000046;0
172587;08;2;26;018;2019;01;18;4;3;8;3;2;1;1;0;0;0;0;473438,463650629860000;5471997,623989630500000;8,633910757000024;49,400087817000042;0
172592;08;1;35;016;2019;01;09;4;3;0;7;0;1;1;0;0;0;0;591075,068642931060000;5386855,667464153800000;10,236009362000061;48,628132889000028;0
172593;08;1;27;046;2019;01;12;4;2;6;4;0;0;0;1;0;0;1;570860,522468653510000;5450018,631481707100000;9,972685760000047;49,198867303000043;0
172594;08;1;26;011;2019;01;17;4;2;6;7;2;0;0;1;0;0;1;527681,330788406540000;5446478,294604735400000;9,379755687000056;49,170492292000063;0
172597;08;1;21;000;2019;01;07;4;3;5;2;2;1;1;0;0;0;0;516253,673114893960000;5443458,892863610800000;9,222861299000044;49,143740982000054;0
172598;08;1;19;084;2019;01;12;4;3;5;3;0;1;1;0;0;0;0;545817,168308865280000;5413557,038573799700000;9,624827503000063;48,873277995000080;1
172599;08;1;18;078;2019;01;19;4;3;0;1;2;1;0;0;0;0;0;513540,696008855480000;5419536,201327480400000;9,184863525000026;48,928609910000034;0
172600;08;1;18;011;2019;01;06;4;2;4;6;2;1;1;0;0;0;0;504525,613449977710000;5407138,260403594000000;9,061648627000068;48,817211979000035;0
172601;08;1;11;000;2019;01;13;4;3;6;2;0;0;1;1;0;0;0;514952,660601922310000;5402423,165310179800000;9,203515265000021;48,774632087000043;0
172602;08;1;11;000;2019;01;09;4;2;5;3;0;1;1;0;0;0;0;512619,015488082540000;5400102,226752189900000;9,171681846000070;48,753804758000058;0
172604;08;4;35;035;2019;01;15;3;3;6;7;0;0;1;1;0;0;0;542465,425940855410000;5282228,709188655000000;9,565917103000061;47,692048462000059;0
172605;08;4;35;016;2019;01;15;3;3;8;1;0;1;0;0;0;0;0;535733,752999999560000;5279207,417000001300000;9,475963406000062;47,665272101000028;0
172606;08;4;25;020;2019;01;12;3;3;6;4;0;0;1;1;0;0;0;558762,996922183780000;5361522,531024010900000;9,793978868000068;48,404119653000066;1
172608;08;4;16;041;2019;01;11;3;3;1;7;0;1;1;0;0;0;0;504899,426930200310000;5375248,376263987300000;9,066362921000064;48,530323850000059;1
172611;08;3;35;043;2019;01;10;3;2;5;3;0;1;0;0;0;0;0;511148,017008655700000;5281492,005873210700000;9,148549128000070;47,686719200000027;1
172612;08;3;16;017;2019;01;07;3;3;6;3;0;0;1;1;0;0;0;408514,536605376750000;5341900,339080050600000;7,768233748000057;48,223725915000045;0