OBJECTID;ULAND;UREGBEZ;UKREIS;UGEMEINDE;UJAHR;UMONAT;USTUNDE;UWOCHENTAG;UKATEGORIE;UART;UTYP1;ULICHTVERH;IstRad;IstPKW;IstFuss;IstKrad;IstGkfz;IstSonstige;LINREFX;LINREFY;XGCSWGS84;YGCSWGS84;STRZUSTAND
172617;08;3;16;012;2019;01;12;3;2;0;1;0;1;0;0;0;0;0;403367,628693711940000;5332853,839163849100000;7,701011312000048;48,141593224000076;0
172618;08;3;11;000;2019;01;20;3;3;5;3;2;1;0;0;0;0;0;411933,801036355090000;5315816,853081047500000;7,819645724000054;47,989586335000070;0
172621;08;2;26;098;2019;01;07;3;3;6;2;2;0;1;1;0;0;0;476947,908589906060000;5460223,122465468900000;8,682960754000021;49,294319972000039;1
172624;08;2;21;000;2019;01;11;3;3;1;5;0;1;0;0;0;0;1;477672,720321331170000;5472670,435651646900000;8,692231384000024;49,406309706000059;0
172625;08;2;21;000;2019;01;10;3;2;5;3;0;1;1;0;0;0;0;476990,033173021860000;5472959,130428738900000;8,682804358000055;49,408881039000050;0
172627;08;2;15;090;2019;01;07;3;3;5;2;2;0;1;1;0;0;0;464673,076000002210000;5433464,921000002000000;8,516498075000072;49,053042890000029;0
172628;08;2;12;000;2019;01;11;3;3;1;5;0;1;1;0;0;0;0;461492,065297918390000;5427328,224028490500000;8,473545667000053;48,997651499000028;0
172629;08;1;36;088;2019;01;18;3;2;6;4;2;0;1;1;0;0;0;578165,074849258180000;5409590,319010745700000;10,065148667000074;48,834366253000042;0
172631;08;1;21;000;2019;01;07;3;3;6;4;1;0;1;1;0;0;0;514876,786029499960000;5442924,777476759600000;9,203962605000072;49,138971328000082;0
172632;08;1;15;003;2019;01;12;3;3;0;7;0;1;0;0;0;0;1;500398,207523545250000;5392729,602695412900000;9,005410512000026;48,687607982000031;0
172633;08;1;11;000;2019;01;07;3;3;6;2;2;0;1;1;0;0;0;514144,560199420900000;5403872,495685944300000;9,192566438000029;48,787689027000056;1
172635;08;1;11;000;2019;01;18;3;3;6;4;2;0;1;1;0;0;0;511204,682473609220000;5395595,411174178100000;9,152317384000071;48,713288492000061;0
172640;08;3;37;126;2019;01;12;2;3;6;4;0;0;1;1;0;0;0;441085,235323537140000;5275107,324098667100000;8,215848426000036;47,626687778000075;1
172641;08;3;36;069;2019;01;18;2;3;5;2;2;1;1;0;0;0;0;408580,371515584180000;5267649,538590921100000;7,784847696000043;47,555826544000070;0
172642;08;3;26;074;2019;01;07;2;3;6;2;1;0;1;1;0;0;0;459853,105174970810000;5323714,920670263500000;8,461122665000062;48,065447401000029;2
172643;08;3;17;096;2019;01;17;2;2;6;4;2;0;1;1;0;0;0;421745,593940612860000;5368259,344686387100000;7,941444845000035;48,462598620000051;1
172644;08;3;16;056;2019;01;17;2;2;1;5;2;1;1;0;0;0;0;424739,406999999660000;5328773,169999999900000;7,988970910000035;48,107772927000042;1
172645;08;3;16;017;2019;01;19;2;3;4;2;2;1;1;0;0;0;0;409402,102392736820000;5340971,604198986700000;7,780379639000046;48,215499523000062;1
172646;08;3;16;011;2019;01;08;2;2;5;3;1;1;0;0;0;0;0;414318,735954656270000;5330413,232537407400000;7,848680570000056;48,121208925000076;1
172648;08;2;15;103;2019;01;14;2;3;5;3;0;1;1;0;0;0;0;466538,560839736830000;5442379,096143703900000;8,541290948000039;49,133331656000053;1
172652;08;2;21;000;2019;01;09;2;3;0;1;0;1;0;0;0;0;0;476547,776374462990000;5473240,951297808400000;8,676691239000036;49,411399086000074;0
172653;08;2;26;095;2019;01;17;2;3;6;7;2;0;1;1;0;0;0;474171,131000000980000;5460326,791000004900000;8,644765298000039;49,295141386000068;0
172655;08;1;36;065;2019;01;12;2;3;5;3;0;1;1;0;0;0;0;559250,383651748300000;5405681,551017306700000;9,806866295000077;48,801300027000082;1
172657;08;4;21;000;2019;01;18;2;2;6;7;2;0;0;1;0;1;0;571365,800671530890000;5360462,226417055400000;9,964059103000068;48,393280978000064;1
172659;08;1;27;025;2019;01;13;2;3;6;4;0;0;1;1;0;0;0;556259,825640660710000;5427607,884944926900000;9,769165578000070;48,998804487000029;1
172660;08;1;21;000;2019;01;13;2;3;6;7;0;0;1;1;0;0;0;516872,284301337790000;5443701,421362256600000;9,231353436000063;49,145905920000075;1
172662;08;1;16;019;2019;01;06;2;2;7;7;2;1;0;0;0;0;0;520491,576101522890000;5398480,179422199700000;9,278706349000061;48,739003642000057;1
172663;08;1;16;080;2019;01;17;2;3;6;4;2;0;1;1;0;0;0;519981,413539237340000;5396445,938167728500000;9,271669099000064;48,720720305000043;1
172665;08;1;11;000;2019;01;15;2;2;6;4;0;0;1;1;0;0;0;515461,583512518550000;5403619,464217275400000;9,210486976000027;48,785381434000044;1
172668;08;4;21;000;2019;01;11;1;3;6;4;0;0;0;1;0;0;1;573102,629637175240000;5360925,342211490500000;9,987598448000028;48,397247841000080;1
172669;08;2;31;000;2019;01;16;1;3;6;2;0;0;1;1;0;0;0;477240,618165340270000;5415524,304278336500000;8,689504179000039;48,892250008000076;1
172672;08;2;26;018;2019;01;14;1;3;5;3;0;1;0;0;0;1;0;473469,126000002030000;5472081,502000002200000;8,634327755000072;49,400843620000046;1
172677;08;4;17;031;2019;01;11;7;3;6;4;0;0;1;1;0;0;0;497347,079700313510000;5356476,115733547100000;8,964185028000031;48,361453021000045;1
172682;08;3;27;046;2019;01;19;7;3;6;4;2;0;1;1;0;0;0;480055,086546781470000;5325161,079126801300000;8,732214477000071;48,079410193000058;1
172683;08;3;11;000;2019;01;04;7;3;0;1;2;1;0;0;0;0;0;413549,346397020850000;5315680,427151728400000;7,841321778000065;47,988579573000038;2
172684;08;3;11;000;2019;01;20;7;3;5;3;2;1;1;0;0;0;0;413860,604000001210000;5316235,862000001600000;7,845381152000073;47,993617917000051;1
172685;08;2;12;000;2019;01;17;7;3;0;7;2;1;1;0;0;0;0;455748,224515394310000;5428487,259749358500000;8,394897765000053;49,007692150000025;1
172687;08;2;16;043;2019;01;11;7;2;6;1;0;0;1;1;0;0;0;441764,627563408580000;5411759,097428368400000;8,206091423000032;48,856063607000067;1
172688;08;1;25;074;2019;01;13;7;3;6;7;0;0;1;1;0;0;0;509353,290957779620000;5439547,550187636200000;9,128156742000044;49,108700754000040;1
172690;08;1;25;006;2019;01;18;7;3;6;3;2;0;1;1;0;0;0;507391,744898915290000;5453850,648843962700000;9,101542933000076;49,237388573000032;1
172691;08;1;16;020;2019;01;22;7;2;8;1;2;1;0;0;0;0;0;526177,379197246400000;5382704,227725358700000;9,355039307000027;48,596870767000041;1
172692;08;1;16;019;2019;01;20;7;3;0;1;2;1;0;0;0;0;0;525658,134647995230000;5396414,890809010700000;9,348847050000074;48,720233190000044;1
172693;08;1;15;041;2019;01;01;7;3;6;4;2;0;1;1;0;0;0;493177,141527064140000;5402670,083598358600000;8,907132197000067;48,776995623000062;2
172694;08;1;11;000;2019;01;00;7;3;8;4;2;0;1;1;0;0;0;518299,637898297980000;5401586,300622584300000;9,249032123000063;48,767014303000053;1
172697;08;1;11;000;2019;01;18;7;3;5;3;2;1;1;0;0;0;0;511939,927000001070000;5405222,153000004600000;9,162591555000063;48,799876650000044;1
172700;08;4;25;072;2019;01;05;6;3;5;3;2;1;1;0;0;0;0;583129,481175242920000;5371833,478188827600000;10,125198760000046;48,494121503000031;1
172702;08;3;17;096;2019;01;14;6;2;5;3;0;1;1;0;0;0;0;420769,290904339400000;5368431,655637523200000;7,928208052000059;48,464026321000063;1
172707;08;3;15;113;2019;01;13;6;3;6;4;0;0;1;1;0;0;0;440530,653679194860000;5307759,762161301400000;8,203996864000033;47,920400605000054;1
172708;08;3;11;000;2019;01;06;6;3;4;2;2;1;0;0;0;1;0;414039,177929166700000;5317936,143952142400000;7,847433585000033;48,008936602000063;1
172710;08;3;11;000;2019;01;15;6;3;5;3;0;1;1;0;0;0;0;412478,424203895030000;5318007,582556787900000;7,826496857000052;48,009367371000053;1
172712;08;2;35;006;2019;01;12;6;3;6;6;0;0;1;1;0;0;0;471083,677783098070000;5382101,313712585700000;8,607855719000042;48,591326411000068;1
172715;08;2;22;000;2019;01;16;6;3;5;3;1;1;1;0;0;0;0;469683,494179409000000;5476451,709686987100000;8,581818265000038;49,439975629000060;0
172716;08;2;26;084;2019;01;19;6;2;6;4;2;0;1;1;0;0;0;470094,117061717440000;5469904,983711747500000;8,587975327000038;49,381109868000067;1
172717;08;2;22;000;2019;01;20;6;2;6;7;2;0;1;1;0;0;0;462114,299442547370000;5488610,275013754100000;8,476248290000058;49,548910804000059;1
172719;08;2;16;043;2019;01;09;6;3;5;3;0;1;1;0;0;0;0;441751,987944846970000;5412194,757077867200000;8,205857136000077;48,859981168000047;0
172720;08;2;15;106;2019;01;16;6;2;5;3;1;1;1;0;0;0;0;466382,695394604470000;5455044,962672988000000;8,538094872000045;49,247252952000053;1
172721;08;2;12;000;2019;01;10;6;3;0;7;0;1;0;0;0;0;0;459600,024839897640000;5430596,472632275900000;8,447354891000032;49,026929060000043;1
172722;08;1;36;019;2019;01;07;6;3;6;4;2;0;0;1;0;0;1;582010,287530247120000;5424721,103756208000000;10,120575479000024;48,969957349000026;2
172724;08;1;25;006;2019;01;12;6;2;6;4;0;0;0;1;1;0;0;507778,377472766680000;5454274,711992302900000;9,106862458000023;49,241198326000074;1
172725;08;1;19;079;2019;01;17;6;3;6;1;2;0;1;1;0;0;0;521406,141866778950000;5409243,412242287800000;9,291705883000077;48,835797136000053;1
172726;08;1;19;020;2019;01;15;6;3;5;3;0;1;1;0;0;0;0;519638,720830533650000;5407082,416781419900000;9,267517666000060;48,816415696000035;1
172729;08;1;11;000;2019;01;13;6;3;6;7;0;0;1;1;0;0;0;511776,695151860830000;5403123,367606386500000;9,160308602000043;48,780999280000060;1
172733;08;2;12;000;2019;01;22;5;3;1;5;2;1;1;0;0;0;0;457003,426109264600000;5428644,411746285900000;8,412043885000060;49,009194482000055;1
172737;08;1;18;080;2019;01;20;5;3;0;7;2;1;0;0;0;0;0;509161,175365292470000;5408537,819675006000000;9,124826136000024;48,829751171000055;0
172738;08;1;16;077;2019;01;21;5;2;0;1;2;1;0;0;0;0;0;516016,939685758200000;5389774,216825185300000;9,217509546000031;48,660815732000060;2
172739;08;1;11;000;2019;01;08;5;3;6;2;1;0;0;1;0;0;1;514932,777267703790000;5407238,693434208600000;9,203419717000031;48,817952474000037;1
172740;08;1;11;000;2019;01;06;5;2;6;4;2;0;1;1;0;0;0;508297,031505666670000;5406904,204572236200000;9,113018670000031;48,815067517000045;1
172742;08;1;11;000;2019;01;15;5;3;0;7;0;1;0;0;0;0;0;514320,785308834170000;5402108,850776065100000;9,194904146000056;48,771819404000041;1
172743;08;1;11;000;2019;01;08;5;3;6;4;0;0;0;1;0;0;1;509112,421737081370000;5397131,257865294800000;9,123909027000025;48,727139110000053;2
172749;08;4;16;036;2019;01;17;4;3;6;2;2;0;1;1;0;0;0;497976,057078014130000;5369184,486305091500000;8,972615013000052;48,475786562000053;1
172750;08;3;35;063;2019;01;07;4;3;5;3;2;1;1;0;0;0;0;496969,703075398690000;5288079,918073380400000;8,959574917000055;47,746083857000031;1
172751;08;3;35;063;2019;01;07;4;3;1;5;1;1;1;0;0;0;0;494873,050203674470000;5288761,015535645200000;8,931596916000046;47,752198823000072;2
172754;08;3;17;057;2019;01;18;4;3;6;2;2;0;1;1;0;0;0;412417,350919153540000;5380540,579872762800000;7,812708637000071;48,571831889000066;1
172757;08;3;11;000;2019;01;16;4;3;5;2;1;1;1;0;0;0;0;414255,337737609630000;5318591,198553869500000;7,850200262000044;48,014858090000075;1
172758;08;3;36;050;2019;01;13;4;3;5;2;0;1;1;0;0;0;0;400585,466783744280000;5275442,244883023200000;7,676841230000036;47,624750362000043;1
172759;08;3;11;000;2019;01;12;4;3;5;3;0;1;1;0;0;0;0;411244,319284068420000;5316921,972254917000000;7,810178086000065;47,999431841000046;1
172761;08;2;26;076;2019;01;13;4;3;6;7;0;0;0;1;1;0;0;475170,061000000690000;5465535,464999999900000;8,658179619000066;49,342034603000059;1
172762;08;2;21;000;2019;01;09;4;3;5;2;0;1;0;0;0;1;0;477196,581901821310000;5471241,579473048400000;8,685750215000041;49,393439696000030;1
172764;08;2;21;000;2019;01;15;4;3;1;5;0;1;1;0;0;0;0;476907,383980839510000;5473801,910748057100000;8,681616019000046;49,416458575000036;1
172766;08;2;15;106;2019;01;13;4;2;6;7;0;0;0;1;0;0;1;464968,986504858360000;5455119,787756441200000;8,518664533000049;49,247846704000040;1
172767;08;2;15;105;2019;01;15;4;3;6;4;0;0;0;1;0;0;1;457159,851325293070000;5440668,196472100900000;8,412910114000056;49,117359853000039;0
172768;08;1;36;065;2019;01;17;4;3;6;4;2;0;1;1;0;0;0;558753,195663632830000;5405737,792740140100000;9,800104375000046;48,801853116000075;1
172772;08;1;19;008;2019;01;11;4;3;6;4;0;0;1;1;0;0;0;531901,209595260210000;5421630,455678075600000;9,435687845000075;48,946774560000051;1
172775;08;1;18;048;2019;01;07;4;3;6;4;1;0;1;1;0;0;0;512942,209399876180000;5416042,696028767200000;9,176581975000033;48,897196154000028;1
172776;08;1;16;033;2019;01;05;4;3;7;1;2;1;0;0;0;0;0;533360,896895248440000;5386991,781028967400000;9,452810108000051;48,635099752000031;1
172777;08;1;15;045;2019;01;09;4;3;0;1;0;1;0;0;0;0;0;500488,318024417390000;5394052,339454999200000;9,006636422000042;48,699507386000050;2
172778;08;1;11;000;2019;01;11;4;3;6;7;0;0;1;1;0;0;0;516376,746748213660000;5407488,827168200200000;9,223099831000070;48,820166248000078;1
172781;08;3;35;043;2019;01;14;3;3;5;3;0;1;1;0;0;0;0;511035,049990844910000;5280769,928628593700000;9,147025573000065;47,680224136000049;0
172784;08;3;26;012;2019;01;07;3;3;6;4;1;0;1;1;0;0;0;462373,696175333110000;5310783,502167606700000;8,496088822000047;47,949259360000042;1
172785;08;3;17;150;2019;01;08;3;3;6;6;0;0;1;1;0;0;0;407552,367709360090000;5359950,949472105100000;7,751327650000064;48,385943989000054;1
172786;08;1;21;000;2019;01;07;5;2;6;4;2;0;1;1;0;0;0;514914,545016535560000;5440981,660089844800000;9,204408412000021;49,121491381000055;1
172788;08;3;17;057;2019;01;13;3;2;0;7;0;1;0;0;0;0;0;413004,495070068170000;5380314,325431253800000;7,820713670000032;48,569878659000040;0
172791;08;1;21;000;2019;01;08;5;3;5;3;0;1;1;0;0;0;0;516600,597797063180000;5443822,827599341000000;9,227633093000065;49,147005411000066;1
172793;08;3;16;011;2019;01;08;3;3;6;4;0;0;1;1;0;0;0;414107,358810072760000;5330545,306311031800000;7,845814226000073;48,122368465000079;1
172794;08;3;11;000;2019;01;07;3;3;1;7;2;1;1;0;0;0;0;413936,025897383690000;5317181,799792109100000;7,846202172000062;48,002137128000072;0
172795;08;3;11;000;2019;01;14;3;3;5;3;0;1;1;0;0;0;0;412705,702053945510000;5316569,665293106800000;7,829836184000044;47,996463955000081;1
172796;08;1;19;020;2019;01;13;5;3;5;3;0;1;1;0;0;0;0;518878,267432166260000;5406172,854866189900000;9,257117077000032;48,808257014000048;0
172797;08;3;11;000;2019;01;09;3;3;3;2;0;1;1;0;0;0;0;411639,494391601530000;5316014,895836332800000;7,815661228000067;47,991327187000081;1
172798;08;1;19;084;2019;01;13;5;2;6;4;0;0;1;1;0;0;0;545675,793275585400000;5413561,518358157900000;9,622900133000030;48,873328722000053;1
172800;08;2;36;004;2019;01;10;3;3;6;6;0;0;1;1;0;0;0;473565,093000000340000;5413944,278000002700000;8,639463828000032;48,877890786000080;0
172803;08;2;26;096;2019;01;18;3;3;6;4;2;0;1;1;0;0;0;475817,691840295680000;5490061,530143756400000;8,665597668000032;49,562666590000049;1
172804;08;2;26;028;2019;01;14;3;3;6;4;0;0;0;1;0;0;1;470922,415421273560000;5483881,807689825100000;8,598361236000073;49,506867324000041;1
172806;08;2;26;018;2019;01;18;3;3;5;3;1;1;1;0;0;0;0;473448,925213421690000;5472366,084334587700000;8,634030313000039;49,403402502000063;1
172810;08;1;26;046;2019;01;17;3;3;6;4;2;0;1;1;0;0;0;549852,732965131290000;5456477,960032248900000;9,685145890000058;49,259034947000032;1
172814;08;1;18;011;2019;01;16;3;3;5;3;0;1;1;0;0;0;0;504837,439482135700000;5408593,240435857300000;9,065913530000046;48,830298465000055;1
172817;08;1;16;077;2019;01;17;3;2;6;4;2;0;1;1;0;0;0;518593,081199293020000;5388169,843560729200000;9,252421079000044;48,646311305000040;1
172819;08;1;15;029;2019;01;18;3;3;5;3;2;1;1;0;0;0;0;497416,973457011390000;5398732,777298549200000;8,964866406000056;48,741607697000063;1
172820;08;1;15;028;2019;01;06;3;3;5;3;2;1;1;0;0;0;0;500260,761000000870000;5404967,438000002900000;9,003550750000045;48,797699867000063;1
172822;08;1;16;049;2019;01;19;1;3;0;3;2;1;1;0;0;0;0;524610,465312054380000;5386130,551495792300000;9,333991145000027;48,627757779000035;1
172824;08;3;35;075;2019;01;21;7;3;0;7;2;1;0;0;0;0;0;488271,268462394360000;5290178,931151917200000;8,843478805000075;47,764870275000078;0
172825;08;3;35;043;2019;01;16;7;3;8;1;0;1;0;0;0;0;0;513049,421258361080000;5278318,357540909200000;9,173790702000076;47,658128189000081;0
172828;08;2;22;000;2019;01;18;7;3;0;1;2;1;0;0;0;0;0;461500,881266216750000;5480369,527773130700000;8,468572083000026;49,474751309000055;1
172829;08;2;22;000;2019;01;11;7;3;6;7;0;0;1;1;0;0;0;460892,341047389430000;5482645,692992702100000;8,459947264000050;49,495185285000048;0
172830;08;2;21;000;2019;01;13;7;3;3;5;0;1;1;0;0;0;0;477530,965776754540000;5474145,987458296100000;8,690193890000046;49,419576838000069;2
172831;08;2;12;000;2019;01;20;7;3;0;7;2;1;1;0;0;0;0;455872,543867371980000;5428552,776808058800000;8,396590497000034;49,008290385000066;1
172833;08;1;36;088;2019;01;12;7;3;6;4;0;0;0;1;0;0;1;580309,336000001060000;5411157,140000000600000;10,094669927000041;48,848184947000050;1
172836;08;4;26;021;2019;01;16;6;3;6;6;0;0;1;1;0;0;0;558857,069658434020000;5327663,381561562400000;9,790540566000061;48,099516385000072;0
172837;08;3;36;078;2019;01;08;6;3;4;6;1;1;1;0;0;0;0;393383,727007203740000;5289932,054257765400000;7,577478585000051;47,753939450000075;0
172838;08;3;35;063;2019;01;20;6;3;6;4;2;0;1;1;0;0;0;495062,704111974690000;5288821,429683435700000;8,934126566000032;47,752743884000040;0
172839;08;3;35;043;2019;01;13;6;3;5;3;0;1;1;0;0;0;0;512042,422869306990000;5280329,228214642000000;9,160435104000044;47,676240882000059;0
172840;08;3;35;075;2019;01;09;6;2;6;4;0;0;0;1;0;0;1;488149,030416382480000;5289708,777999850000000;8,841860352000026;47,760637824000071;0
172841;08;3;35;063;2019;01;19;6;2;6;2;2;0;1;1;0;0;0;495367,406379977240000;5288949,477049978400000;8,938190538000072;47,753898261000074;0
172843;08;3;17;141;2019;01;07;6;3;6;4;2;0;1;1;0;0;0;419953,064640197900000;5380185,491120783600000;7,914912930000071;48,569645937000075;1
172844;08;3;17;096;2019;01;07;6;1;5;3;2;1;0;0;0;1;0;421433,678840233940000;5370523,022004405000000;7,936800933000029;48,482921275000081;1
172845;08;3;15;076;2019;01;09;6;3;6;5;0;0;1;1;0;0;0;392215,369627424520000;5296619,000953679900000;7,560234640000033;47,813892194000061;0
172847;08;3;11;000;2019;01;13;6;3;5;3;0;1;1;0;0;0;0;412366,931295639840000;5316414,353725142800000;7,825327727000058;47,995020536000027;0
172848;08;1;16;049;2019;01;18;2;2;6;4;2;0;1;1;0;0;0;524822,405324577350000;5386229,508300731000000;9,336873279000031;48,628639622000037;1
172851;08;2;31;000;2019;01;10;6;2;6;4;0;0;1;1;0;0;0;477968,946255046870000;5415591,937037343200000;8,699436633000062;48,892884734000063;1
172854;08;2;21;000;2019;01;09;6;3;5;5;0;1;1;0;0;0;0;474651,130929674020000;5474008,773953236600000;8,650495832000047;49,418229435000057;1
172857;08;1;36;065;2019;01;08;6;3;5;2;0;1;1;0;0;0;0;558352,455201955510000;5405667,369396759200000;9,794637611000042;48,801257403000079;1
172860;08;1;25;026;2019;01;13;6;2;0;1;0;1;0;0;0;0;0;493089,147347762250000;5442249,836164357100000;8,905262666000056;49,133041237000043;1
172861;08;1;18;048;2019;01;07;6;3;5;3;1;1;1;0;0;0;0;513509,731208438050000;5415698,801191752800000;9,184313761000055;48,894090452000057;1
172863;08;1;16;058;2019;01;16;6;3;6;4;0;0;1;1;0;0;0;535011,458652376200000;5395606,053078647700000;9,475941886000044;48,712501925000026;0
172864;08;1;11;000;2019;01;13;6;3;6;4;0;0;0;1;0;0;1;508232,322514224800000;5406807,704255113400000;9,112135297000066;48,814200272000051;0
172865;08;1;11;000;2019;01;02;6;3;1;5;2;1;1;0;0;0;0;507710,246062080380000;5398262,795846136300000;9,104863704000024;48,737337375000038;2
172867;08;3;16;011;2019;01;21;5;3;5;3;2;1;1;0;0;0;0;414691,263000000270000;5329071,991999998700000;7,853953626000020;48,109194226000056;0
172868;08;3;36;091;2019;01;07;5;2;6;2;2;0;1;1;0;0;0;396128,897763533520000;5272274,881900714700000;7,618294652000031;47,595559998000056;1
172876;08;2;22;000;2019;01;19;5;3;0;7;2;1;0;0;0;0;0;460648,842874486930000;5482260,435643477400000;8,456623224000055;49,491704366000079;2
172877;08;2;22;000;2019;01;17;5;2;5;3;2;1;1;0;0;0;0;462363,917000002230000;5483083,384999999800000;8,480226233000053;49,499215171000060;1
172878;08;2;21;000;2019;01;13;5;3;5;5;0;1;1;0;0;0;0;478214,258477076890000;5473301,464832546200000;8,699661440000057;49,412005347000047;0
172879;08;2;15;106;2019;01;13;5;3;6;4;0;0;1;1;0;0;0;467281,232567701490000;5454699,770996879800000;8,550468647000059;49,244196669000075;0
172881;08;2;15;009;2019;01;17;5;3;5;3;2;1;1;0;0;0;0;469523,052364857870000;5441192,889074949500000;8,582292558000063;49,122816805000070;2
172882;08;2;15;009;2019;01;07;5;3;0;7;1;1;0;0;0;0;0;467167,823885389600000;5437182,562402393700000;8,550339610000037;49,086621917000059;2
172883;08;2;15;109;2019;01;17;5;3;3;2;0;1;1;0;0;0;0;464420,401467730290000;5440625,993603235100000;8,512409689000037;49,117443325000067;0
172884;08;2;12;000;2019;01;19;5;3;6;7;2;0;0;1;0;0;1;454559,950413268060000;5433037,283816956000000;8,378140357000063;49,048533459000055;1
172885;08;2;11;000;2019;01;18;5;3;5;3;2;1;1;0;0;0;0;440055,579263135790000;5403911,125665480300000;8,183941702000027;48,785308461000056;1
172900;08;3;26;074;2019;01;17;4;2;6;7;2;0;1;1;0;0;0;460561,337958555670000;5320704,710596095800000;8,470906096000022;48,038409569000066;0
172902;08;3;15;006;2019;01;17;4;3;3;6;0;1;1;0;0;0;0;401835,275987489150000;5310625,296861147500000;7,685515432000045;47,941418598000041;1
172904;08;3;36;050;2019;01;12;4;2;6;7;0;0;1;1;0;0;0;399344,961503369730000;5273928,328688971700000;7,660683217000042;47,610940598000070;0
172906;08;2;21;000;2019;01;16;4;3;0;7;1;1;0;0;0;0;0;477677,287200890480000;5472889,574582982800000;8,692282016000036;49,408280995000041;0
172910;08;1;28;007;2019;01;07;4;3;6;6;2;0;1;1;0;0;0;555777,896999999880000;5482397,436000002500000;9,770204813000021;49,491648830000031;0
172914;08;1;19;020;2019;01;07;4;3;3;6;0;1;1;0;0;0;0;519817,712634526190000;5409131,969041641800000;9,270054905000052;48,834847354000033;0
172918;08;1;15;041;2019;01;17;4;3;3;6;2;1;1;0;0;0;0;495252,457064787860000;5402099,030771428700000;8,935386458000039;48,771877751000034;1
172921;08;1;11;000;2019;01;07;4;2;6;4;2;0;1;1;0;0;0;515514,152069050820000;5410138,940181415500000;9,211449118000076;48,844028326000057;0
172922;08;1;11;000;2019;01;17;4;3;6;7;2;0;1;1;0;0;0;511991,763601613230000;5409273,666382614500000;9,163415866000037;48,836322521000056;0
172923;08;1;11;000;2019;01;21;4;3;5;3;2;1;1;0;0;0;0;512743,352238188500000;5402368,583240056400000;9,173443631000055;48,774190245000057;0
172924;08;4;36;064;2019;01;17;3;3;2;6;0;1;1;0;0;0;0;545953,126643348490000;5292052,169789822800000;9,613430676000064;47,780192365000062;0
172928;08;4;25;072;2019;01;12;3;3;0;7;0;1;1;0;0;0;0;582762,773228176870000;5372341,505874792100000;10,120336867000049;48,498739461000071;0
172930;08;4;21;000;2019;01;08;3;3;0;1;0;1;0;0;0;0;0;572885,439062055200000;5361763,856214458100000;9,984810307000032;48,404815611000060;0
172936;08;2;26;095;2019;01;18;3;3;0;1;2;1;0;0;0;0;0;475185,546000000090000;5460062,762000000100000;8,658733081000037;49,292808491000073;0
172938;08;2;21;000;2019;01;13;3;3;5;3;0;1;1;0;0;0;0;478898,439954781900000;5473223,614855747700000;8,709097585000052;49,411329212000055;0
172939;08;2;16;007;2019;01;18;3;3;0;7;2;1;0;0;0;0;0;435867,441700603810000;5394681,791167851500000;8,128369688000021;48,701873075000037;0
172940;08;2;12;000;2019;01;14;3;3;6;2;0;0;1;1;0;0;0;455057,714787349100000;5429278,755378134500000;8,385368609000068;49,014761817000078;0
172943;08;1;27;008;2019;01;17;3;2;5;3;1;1;1;0;0;0;0;570800,440827128480000;5461259,146289514400000;9,973847780000028;49,299970622000046;0
172944;08;1;19;085;2019;01;11;3;3;5;3;0;1;1;0;0;0;0;529287,293999999760000;5413085,911000002200000;9,399376442000062;48,870041071000060;0
172949;08;1;15;045;2019;01;16;3;3;5;3;1;1;0;0;0;0;0;499862,327717082570000;5395049,068927247100000;8,998128650000069;48,708474221000074;0
172950;08;1;11;000;2019;01;13;3;3;6;4;0;0;1;1;0;0;0;519524,281029126610000;5403746,415386496100000;9,265800169000045;48,786409199000047;0
172953;08;3;36;105;2019;01;17;2;3;6;7;2;0;1;1;0;0;0;401488,855699605310000;5266908,026360826600000;7,690777685000057;47,548118977000058;0
172954;08;3;17;096;2019;01;07;2;3;5;3;1;1;1;0;0;0;0;423119,576315827670000;5370486,752899661700000;7,959618061000072;48,482803499000056;0
172955;08;3;11;000;2019;01;16;2;3;5;3;0;1;1;0;0;0;0;416440,484422835520000;5315966,002019427700000;7,880007649000049;47,991532750000033;1
172956;08;2;12;000;2019;01;21;2;3;0;2;2;1;1;0;0;0;0;456864,604926244360000;5428490,785401381600000;8,410162005000075;49,007802906000052;0
172957;08;2;12;000;2019;01;18;2;3;5;2;2;1;1;0;0;0;0;457828,558389746580000;5428819,751771923200000;8,423308325000050;49,010828632000027;0
172958;08;2;36;073;2019;01;16;2;3;6;2;0;0;1;1;0;0;0;480548,524374115280000;5423924,755626816300000;8,734231107000028;48,967930029000058;0
172959;08;2;31;000;2019;01;09;2;2;3;6;0;1;1;0;0;0;0;478879,295426150780000;5415702,210463801400000;8,711850398000024;48,893908418000080;0
172960;08;2;22;000;2019;01;16;2;3;5;3;0;1;1;0;0;0;0;462423,194041630250000;5480905,297918973500000;8,481251901000064;49,479628082000033;0
172962;08;2;26;105;2019;01;06;2;3;0;3;2;1;1;0;0;0;0;471336,543982421980000;5477230,731497494500000;8,604563274000043;49,447062903000074;0
172965;08;2;16;013;2019;01;18;2;3;6;4;2;0;1;1;0;0;0;452965,822148604320000;5392115,090207358800000;8,361029423000048;48,680307874000050;0