OBJECTID;ULAND;UREGBEZ;UKREIS;UGEMEINDE;UJAHR;UMONAT;USTUNDE;UWOCHENTAG;UKATEGORIE;UART;UTYP1;ULICHTVERH;IstRad;IstPKW;IstFuss;IstKrad;IstGkfz;IstSonstige;LINREFX;LINREFY;XGCSWGS84;YGCSWGS84;STRZUSTAND
172971;08;1;19;067;2019;01;10;2;3;6;6;0;0;1;1;0;0;0;538654,148000000040000;5406111,444000002000000;9,526444786000070;48,806789189000028;0
172973;08;1;19;020;2019;01;08;2;3;0;1;0;1;0;0;0;0;0;519145,275005928240000;5410043,881655296300000;9,260934341000052;48,843071815000030;1
172977;08;1;15;045;2019;01;13;2;3;6;4;0;0;1;1;0;0;0;500067,282995954160000;5394877,220668388500000;9,000914535000050;48,706928273000074;0
172978;08;1;11;000;2019;01;20;2;3;6;4;2;0;1;1;0;0;0;515262,045406157150000;5403481,410074370000000;9,207765447000043;48,784144442000070;0
172980;08;4;37;100;2019;01;01;1;3;6;4;2;0;1;1;0;0;0;537322,388626605270000;5317732,099413653800000;9,500444996000056;48,011792804000038;0
172982;08;4;17;051;2019;01;17;1;3;6;7;0;0;1;1;0;0;0;491360,770961530510000;5358269,748640116300000;8,883331883000039;48,377536050000060;0
172984;08;4;15;061;2019;01;19;1;3;2;2;2;0;1;1;0;0;0;515839,515683929440000;5371856,629017181700000;9,214417329000071;48,499629841000058;0
172990;08;2;16;007;2019;01;03;1;2;9;1;2;1;0;0;0;0;0;436818,889495102690000;5393484,621232556200000;8,141482500000052;48,691201531000047;0
172994;08;1;27;014;2019;01;21;1;3;1;1;2;1;1;0;0;0;0;577430,095812869260000;5443311,235881578200000;10,061558559000048;49,137747706000027;0
172995;08;1;25;027;2019;01;12;1;3;4;6;0;1;1;0;0;0;0;519615,677147299980000;5446554,286601357200000;9,269109542000024;49,171486712000046;0
173000;08;4;36;081;2019;01;09;7;3;5;3;0;1;1;0;0;0;0;561638,892420076770000;5282007,166630758000000;9,821378842000058;47,688510748000056;2
173006;08;3;15;008;2019;01;13;7;3;5;3;0;1;1;0;0;0;0;402047,269000001250000;5301393,224999999600000;7,690449643000022;47,858408674000032;0
173008;08;3;11;000;2019;01;12;7;3;5;3;0;1;1;0;0;0;0;415099,161224028100000;5319670,054051429000000;7,861299534000068;48,024675486000035;0
173009;08;3;15;131;2019;01;11;7;3;5;2;0;1;1;0;0;0;0;406613,282210193570000;5307964,065236896300000;7,750056678000021;47,918194800000038;0
173010;08;3;11;000;2019;01;12;7;3;6;6;0;0;1;1;0;0;0;411684,895270219070000;5316072,715713361300000;7,816257727000050;47,991853565000042;0
173012;08;2;26;059;2019;01;10;7;3;5;3;0;1;1;0;0;0;0;465263,737421678380000;5460207,208062274400000;8,522272669000074;49,293624240000042;0
173013;08;2;36;033;2019;01;10;7;3;2;6;0;1;1;0;0;0;0;482932,535245438110000;5429179,379701538000000;8,766583247000028;49,015268730000059;0
173016;08;1;28;007;2019;01;12;7;2;6;4;0;0;1;1;0;0;0;556081,567845963870000;5482676,730058139200000;9,774437259000024;49,494132815000057;0
173017;08;1;19;091;2019;01;16;2;3;6;7;1;0;1;1;0;0;0;526333,757488482630000;5406651,076854458100000;9,358687806000035;48,812287768000033;1
173021;08;1;11;000;2019;01;19;7;3;6;7;2;0;1;1;0;0;0;514507,209000000730000;5404059,197999998900000;9,197510162000071;48,789360228000078;0
173022;08;4;37;076;2019;01;12;6;3;6;6;0;0;1;1;0;0;0;524655,831524233330000;5321481,212291525700000;9,330822322000074;48,046137856000030;1
173023;08;1;11;000;2019;01;08;2;3;6;7;1;0;1;1;0;0;0;508064,011242813430000;5396573,643900901100000;9,109642059000066;48,722137245000056;0
173024;08;4;17;031;2019;01;18;6;3;0;1;2;1;0;0;0;0;0;497522,528491399250000;5355885,639838716000000;8,966557099000056;48,356141446000038;2
173025;08;4;15;061;2019;01;16;6;3;6;7;0;0;1;1;0;0;0;514126,574472419920000;5370533,963813830200000;9,191184882000073;48,487771524000038;1
173027;08;3;17;065;2019;01;17;6;3;6;4;2;0;1;1;0;0;0;414489,145163912330000;5353942,246282953800000;7,846222062000038;48,332875579000074;0
173028;08;3;17;056;2019;01;12;6;3;5;3;0;1;1;0;0;0;0;434969,431000000800000;5382319,467000002000000;8,118107421000048;48,590579731000048;1
173031;08;1;11;000;2019;01;06;2;3;4;4;2;1;1;1;0;0;0;514026,557000000030000;5402803,803000001200000;9,190923463000047;48,778077840000037;0
173032;08;3;11;000;2019;01;08;6;3;0;1;0;1;0;0;0;0;0;412848,331298716370000;5316160,640827812300000;7,831830752000030;47,992804106000051;1
173033;08;3;11;000;2019;01;08;6;3;0;1;0;1;0;0;0;0;0;410281,272418631240000;5316605,580447813500000;7,797336962000031;47,996451401000058;2
173034;08;3;36;050;2019;01;14;6;2;6;7;0;0;1;1;0;0;0;400087,666669416240000;5273517,032164868000000;7,670656674000043;47,607355770000026;0
173036;08;2;12;000;2019;01;22;6;2;5;3;2;1;1;0;0;0;0;456370,912999998780000;5427545,376000000200000;8,403513166000039;48,999264127000060;0
173037;08;2;37;040;2019;01;20;6;3;6;4;2;0;1;1;0;0;0;477111,446167870420000;5365518,350541319700000;8,690509001000066;48,442391399000030;1
173038;08;2;37;028;2019;01;16;6;3;6;7;0;0;1;1;0;0;0;456334,417221400890000;5368366,196437673600000;8,409284013000047;48,466912194000031;1
173040;08;2;26;095;2019;01;18;6;3;1;7;2;0;1;1;0;0;0;475568,329646517520000;5460002,623743921500000;8,664000989000044;49,292282974000045;0
173041;08;2;26;096;2019;01;13;6;3;6;4;0;0;1;1;0;0;0;475305,585000000890000;5488684,991999998700000;8,658602506000023;49,550264521000031;0
173043;08;1;11;000;2019;01;13;2;3;3;6;0;1;0;0;0;0;1;507798,813848063350000;5398430,474179083500000;9,106071447000034;48,738844709000034;1
173045;08;2;21;000;2019;01;02;6;3;0;1;2;1;0;0;0;0;0;478666,362688045950000;5473260,501872222900000;8,705896270000039;49,411652912000079;0
173046;08;4;37;101;2019;01;03;1;3;6;7;2;0;1;1;0;0;0;524601,452948662450000;5326565,150935230800000;9,330385332000049;48,091879790000064;1
173050;08;1;36;027;2019;01;16;6;2;0;1;0;1;0;0;0;0;0;553428,115142968480000;5421347,454766461600000;9,729632546000062;48,942743925000059;1
173054;08;1;19;067;2019;01;13;6;2;5;3;0;1;1;0;0;0;0;539039,508686763230000;5405560,439342338600000;9,531640523000021;48,801808519000076;0
173055;08;2;35;008;2019;01;06;1;2;0;1;0;1;0;0;0;0;0;480089,594498592430000;5404685,136864328800000;8,728897770000060;48,794841549000068;2
173056;08;1;19;020;2019;01;18;2;3;6;4;2;0;0;1;0;0;1;519430,291776891800000;5410090,090575233100000;9,264821034000022;48,843478643000026;1
173060;08;1;16;046;2019;01;18;6;3;6;4;2;0;1;1;0;0;0;527747,094568036500000;5378136,814573843000000;9,376023780000026;48,555714317000081;0
173063;08;4;21;000;2019;01;17;5;3;0;1;0;1;0;0;0;0;0;572941,094470049250000;5360876,097671752800000;9,985407929000076;48,396823585000050;0
173065;08;3;11;000;2019;01;22;5;2;6;4;2;0;1;1;0;0;0;414197,807000000960000;5318149,962999999500000;7,849517262000063;48,010881298000072;1
173066;08;1;18;050;2019;01;19;2;3;6;2;2;0;1;1;0;0;0;507006,012635340910000;5416600,323768246900000;9,095598942000038;48,902308014000027;0
173067;08;3;36;105;2019;01;17;5;2;2;6;1;1;1;0;0;0;0;400959,377571297810000;5266526,125298980600000;7,683828796000057;47,544603044000041;0
173068;08;3;17;096;2019;01;13;5;3;6;2;0;0;1;1;0;0;0;421226,175884406080000;5367664,134140066800000;7,934531947000039;48,457179923000069;1
173070;08;2;12;000;2019;01;17;5;3;0;5;2;1;0;0;0;0;1;458155,404919940980000;5428858,163606287900000;8,427773736000063;49,011196403000042;0
173072;08;2;37;028;2019;01;07;5;3;6;4;2;0;0;1;0;0;1;457749,407427843660000;5367666,816047770900000;8,428495891000068;48,460717214000056;2
173073;08;2;22;000;2019;01;11;5;3;6;7;0;0;1;1;0;0;0;460099,575664727020000;5487948,340754520100000;8,448464048000062;49,542827731000045;0
173075;08;2;26;028;2019;01;08;5;3;5;3;1;1;0;0;0;0;1;473162,462435979400000;5484204,659720577300000;8,629279588000031;49,509874533000072;1
173077;08;2;11;000;2019;01;17;5;3;6;4;2;0;1;1;0;0;0;440635,497999999670000;5404421,730999998700000;8,191761887000041;48,789957006000066;1
173080;08;1;36;033;2019;01;18;5;3;5;3;2;1;1;0;0;0;0;580623,744398100300000;5415965,531849835100000;10,099902329000031;48,891391639000062;1
173081;08;3;26;060;2019;02;12;2;3;6;6;0;0;0;1;0;0;1;443071,482163811100000;5331692,577350163800000;8,234822326000028;48,135939098000051;1
173085;08;3;11;000;2019;02;13;2;3;0;4;0;0;1;1;0;0;1;411436,206519308500000;5319982,433938283500000;7,812117676000071;48,026988015000029;0
173086;08;3;11;000;2019;02;06;2;3;5;3;2;1;1;0;0;0;0;411123,536000000310000;5315089,445000000300000;7,808938703000024;47,982931013000041;0
173087;08;3;11;000;2019;02;21;2;3;3;6;2;1;0;0;0;0;0;414121,248675154520000;5316091,400930656100000;7,848903026000073;47,992353495000032;0
173088;08;2;12;000;2019;02;10;2;2;6;2;0;0;1;1;0;0;0;456663,619999290440000;5428809,763795867600000;8,407379817000049;49,010658074000048;0
173092;08;2;26;105;2019;02;08;2;3;5;3;0;1;1;0;0;0;0;471221,001029069540000;5477184,238053128100000;8,602972678000072;49,446639247000064;0
173093;08;2;16;043;2019;02;07;2;3;5;2;2;1;1;0;0;0;0;441350,136992469430000;5413188,765125416200000;8,200236461000031;48,868884359000049;0
173094;08;2;12;000;2019;02;13;2;3;5;7;0;1;1;0;0;0;0;455420,129575056020000;5427467,014395445600000;8,390523636000069;48,998491325000032;0
173096;08;1;21;000;2019;02;07;2;3;5;3;0;1;0;0;0;0;1;515632,388000001200000;5442595,945000000300000;9,214309176000029;49,135994605000064;0
173097;08;1;19;008;2019;02;15;2;3;6;2;0;0;1;1;0;0;0;531597,544842008500000;5421488,202808383900000;9,431529661000070;48,945510522000063;0
173099;08;1;17;026;2019;02;08;2;3;5;3;0;1;1;0;0;0;0;547885,592136509720000;5395036,867726681800000;9,650875182000050;48,706526040000028;0
173100;08;1;15;045;2019;02;18;2;3;0;1;2;1;0;0;0;0;0;499369,926678597930000;5395063,023129344000000;8,991435528000068;48,708599451000055;0
173102;08;1;15;003;2019;02;09;2;3;6;4;0;0;1;1;0;0;0;500358,630887445060000;5390633,039240749600000;9,004870959000073;48,668747067000027;0
173103;08;1;11;000;2019;02;08;2;2;6;4;0;0;1;1;0;0;0;511924,918010457420000;5403755,314633429100000;9,162344592000068;48,786681401000067;1
173105;08;1;16;049;2019;02;12;3;3;1;1;0;1;0;0;0;0;1;522106,143955806270000;5385005,532149218000000;9,299945282000067;48,617730548000054;0
173109;08;3;35;043;2019;02;21;1;2;5;3;2;1;1;0;0;0;0;512773,986148936670000;5279996,147830611100000;9,170171565000032;47,673229897000056;1
173110;08;3;17;001;2019;02;21;1;3;6;2;2;0;1;1;0;0;0;430924,619414829650000;5386587,906309766700000;8,062551855000038;48,628541341000073;1
173112;08;2;15;017;2019;02;04;1;2;1;5;2;1;1;0;0;0;0;455220,651270145550000;5419829,612150069300000;8,388636996000059;48,929777237000053;1
173113;08;2;36;030;2019;02;12;1;3;2;7;0;1;1;0;0;0;0;475269,506966438140000;5419072,685302985800000;8,662398710000048;48,924094303000061;0
173114;08;1;19;067;2019;02;22;1;3;3;6;2;1;0;0;0;0;1;537745,582039181140000;5405956,415393494100000;9,514056971000059;48,805450466000082;0
173116;08;1;16;033;2019;02;09;3;3;6;4;0;0;1;1;0;0;0;533759,726648624060000;5387118,949322883000000;9,458233637000035;48,636222337000049;0
173118;08;3;35;043;2019;02;03;7;3;1;5;2;1;1;0;0;0;0;514951,467270277440000;5280296,007219761600000;9,199189475000026;47,675881237000056;1
173119;08;3;35;043;2019;02;19;7;2;6;4;2;0;1;1;0;0;0;511487,842169218700000;5281008,468303242700000;9,153064609000069;47,682362546000036;0
173122;08;2;26;038;2019;02;11;7;3;6;7;0;0;1;1;0;0;0;471900,628645638000000;5480231,021336432500000;8,612132171000042;49,474075923000044;0
173123;08;2;12;000;2019;02;18;7;3;4;7;2;1;0;0;0;0;0;456591,938811027440000;5428438,977487579000000;8,406439287000069;49,007317768000064;0
173124;08;1;15;024;2019;02;17;7;3;6;4;2;0;1;1;0;0;0;500618,797884665430000;5387034,229287667200000;9,008399193000059;48,636371388000043;1
173129;08;1;21;000;2019;02;08;7;2;5;3;0;1;1;0;0;0;0;514361,167469617910000;5443302,498289234900000;9,196906915000056;49,142381327000066;0
173130;08;1;21;000;2019;02;10;7;3;6;7;0;0;1;1;0;0;0;515777,541141117920000;5443307,373165180900000;9,216326960000060;49,142390428000056;0
173132;08;1;18;079;2019;02;19;7;3;5;3;2;1;1;0;0;0;0;507439,703666688870000;5421591,298606487000000;9,101607809000029;48,947200371000065;0
173135;08;1;16;033;2019;02;14;7;3;5;3;0;1;1;0;0;0;0;532406,971239029430000;5387894,754316130700000;9,439933435000057;48,643272998000043;0
173136;08;1;16;047;2019;02;22;7;3;6;4;2;0;1;1;0;0;0;520524,787000002340000;5393043,553000001200000;9,278887590000068;48,690094889000079;0
173137;08;1;15;028;2019;02;15;7;3;0;7;0;1;1;0;0;0;0;500691,518696976830000;5404876,405978424500000;9,009416170000065;48,796880619000035;0
173140;08;4;37;104;2019;02;08;6;3;6;4;0;0;1;1;0;0;0;516441,368416780610000;5326513,100093521200000;9,220798485000046;48,091674297000054;1
173141;08;4;35;029;2019;02;06;6;2;6;4;2;0;1;1;0;0;0;544175,457427929160000;5272308,212144982100000;9,587702546000060;47,602676442000075;0
173143;08;4;16;036;2019;02;19;6;3;0;7;2;1;0;0;0;0;0;495888,380141810510000;5370037,611360508900000;8,944359290000023;48,483451454000033;1
173145;08;3;16;009;2019;02;12;6;2;5;2;0;1;1;0;0;0;0;417217,311103733260000;5324587,970236208300000;7,888751487000036;48,069192252000050;1
173146;08;3;16;055;2019;02;06;6;3;5;3;2;1;1;0;0;0;0;428823,915000000040000;5333887,323999999100000;8,042978350000055;48,154248044000042;1
173147;08;3;16;011;2019;02;18;6;2;8;1;2;1;0;1;0;0;0;414757,814871223640000;5328839,302949341000000;7,854894009000077;48,107110049000028;1
173150;08;3;11;000;2019;02;18;6;3;5;3;2;1;1;0;0;0;0;413464,618249714370000;5316838,351311639000000;7,839952960000062;47,998984048000068;1
173153;08;2;15;017;2019;02;10;6;3;5;2;0;1;1;0;0;0;0;456587,440744546240000;5421642,733711991500000;8,407103285000062;48,946184083000048;1
173154;08;2;15;110;2019;02;07;6;3;6;7;2;0;1;1;0;0;0;460708,780137020160000;5419974,205871822300000;8,463547651000056;48,931450714000050;0
173157;08;2;36;040;2019;02;19;6;3;6;2;2;0;1;1;0;0;0;488448,114170473070000;5422065,486680675300000;8,842216765000046;48,951402864000045;1
173159;08;2;21;000;2019;02;10;6;3;6;2;0;0;1;1;0;0;0;474585,646153583190000;5474570,715111723200000;8,649556969000059;49,423281245000055;1
173163;08;2;12;000;2019;02;12;6;3;5;3;0;1;1;0;0;0;0;454075,609589884060000;5425691,563830941900000;8,372343736000062;48,982422427000074;1
173165;08;2;12;000;2019;02;07;6;3;0;1;1;1;0;0;0;0;0;460409,093163736160000;5427764,918082732700000;8,458698123000033;49,001511153000081;1
173168;08;1;36;028;2019;02;12;6;2;6;4;0;0;1;1;0;0;0;568533,751096467490000;5404390,581089356900000;9,933054626000057;48,788733906000061;1
173169;08;1;35;019;2019;02;20;6;1;0;7;2;1;0;0;0;0;0;585712,623048811220000;5391003,354192312800000;10,164108451000061;48,666196409000065;2
173170;08;1;19;020;2019;02;13;6;3;5;2;0;1;1;0;0;0;0;520576,462567386220000;5406984,423940213400000;9,280286466000064;48,815503822000039;1
173171;08;1;19;020;2019;02;08;6;3;5;2;1;1;1;0;0;0;0;519972,509690742940000;5406793,291423250000000;9,272050395000065;48,813804140000059;1
173172;08;1;18;048;2019;02;21;6;3;6;4;2;0;1;1;0;0;0;514892,648371630350000;5415917,410423865500000;9,203188803000046;48,896025303000044;1
173173;08;1;18;081;2019;02;06;6;3;5;3;2;1;1;0;0;0;0;520455,023780822750000;5413119,659822380200000;9,278938614000026;48,870698917000027;1
173174;08;1;18;019;2019;02;07;6;3;6;2;0;0;1;1;0;0;0;505059,449494343250000;5405360,903291244100000;9,068898712000021;48,801218918000075;1
173181;08;1;15;028;2019;02;11;6;3;0;7;0;1;0;0;0;0;0;500768,237308596260000;5405121,149514583900000;9,010461279000026;48,799082226000053;1
173182;08;1;11;000;2019;02;10;6;3;6;7;0;0;1;1;0;0;0;513960,349337580610000;5404919,802115537200000;9,190094164000072;48,797114646000068;1
173185;08;4;35;035;2019;01;08;5;3;5;3;0;1;1;0;0;0;0;542018,013132567520000;5283065,876354208200000;9,560035584000048;47,699609903000066;0
173187;08;4;25;104;2019;01;16;5;3;6;4;1;0;1;1;0;0;0;551450,312240870670000;5342519,527746528400000;9,692862389000027;48,233807533000061;0
173188;08;3;37;065;2019;01;15;5;2;6;3;0;0;1;1;0;0;0;447621,903000000860000;5275309,068000001800000;8,302819839000051;47,629064562000053;1
173191;08;3;36;050;2019;01;08;5;3;6;4;0;0;0;1;0;0;1;399138,380716823970000;5275840,620490422500000;7,657494865000047;47,628110142000025;2
173194;08;3;17;096;2019;01;07;5;3;8;1;1;1;0;0;0;0;0;422185,987923067060000;5368837,095114342900000;7,947293570000056;48,467850081000051;2
173195;08;3;11;000;2019;01;11;5;3;6;7;0;0;1;1;0;0;0;413916,873568311330000;5316593,140344692400000;7,846063569000023;47,996839345000069;0
173196;08;3;15;047;2019;01;15;5;3;6;2;0;0;1;1;0;0;0;416559,232786169280000;5320889,705247553100000;7,880640697000047;48,035839173000056;0
173197;08;3;11;000;2019;01;09;5;3;0;1;0;1;0;0;0;0;0;414404,458434604110000;5315216,895643146700000;7,852872666000053;47,984524944000043;1
173198;08;2;12;000;2019;01;11;5;2;5;3;0;1;1;0;0;0;1;455971,166773573500000;5427897,501870714100000;8,398010068000076;49,002403158000050;1
173200;08;2;26;098;2019;01;14;5;3;5;3;0;1;1;0;0;0;0;476612,415065138600000;5459380,810952458500000;8,678396021000026;49,286730612000042;0
173201;08;2;26;041;2019;01;18;5;2;0;7;2;0;1;1;0;0;0;477895,369542855770000;5465925,886016331600000;8,695675225000059;49,345651279000037;0
173202;08;2;26;084;2019;01;15;5;3;5;2;0;1;1;0;0;0;0;469271,913186041640000;5470448,181897291900000;8,576605855000025;49,385954887000025;1
173203;08;2;26;028;2019;01;15;5;3;5;3;0;1;1;0;0;0;0;470842,039628714320000;5483924,890066459800000;8,597247881000044;49,507250973000055;0
173204;08;2;21;000;2019;01;08;5;3;0;1;0;1;0;0;0;0;0;475138,988041777160000;5472704,977683216300000;8,657303814000045;49,406522170000073;2
173208;08;2;12;000;2019;01;16;5;3;5;3;0;1;1;0;0;0;0;452972,105021238330000;5428223,227964462700000;8,356969902000060;49,005111864000071;0
173212;08;2;12;000;2019;01;08;5;3;6;4;0;0;1;1;0;0;0;453146,848740340210000;5427320,905219152600000;8,359463179000045;48,997008715000050;1
173214;08;1;28;007;2019;01;17;5;2;6;7;2;0;1;1;0;0;0;555340,106458876280000;5482018,910457233000000;9,764107189000072;49,488284441000076;0
173215;08;1;25;046;2019;01;07;5;2;6;7;0;0;0;1;0;1;0;517127,685000000520000;5433598,184000002200000;9,234427033000031;49,055016354000031;0
173216;08;1;21;000;2019;01;14;5;3;6;7;0;0;0;1;0;0;1;515246,585033607670000;5442837,924437820900000;9,209029276000024;49,138180988000045;1
173220;08;1;17;026;2019;01;17;5;3;6;1;1;0;1;1;0;0;0;548091,432907166890000;5394949,388646267400000;9,653662650000058;48,705723284000044;0
173222;08;1;16;080;2019;01;07;5;2;6;4;2;0;1;1;0;0;0;522129,483863490630000;5395698,262107390900000;9,300833948000047;48,713921701000061;1
173225;08;1;11;000;2019;01;12;5;3;6;2;0;0;1;1;0;0;0;512861,459729300810000;5403536,021324498600000;9,175087650000023;48,784689995000065;1
173229;08;4;36;082;2019;01;08;4;3;6;6;0;0;1;1;0;0;0;548135,168624021110000;5295383,419792935300000;9,642926638000063;47,810004073000073;0
173231;08;4;21;000;2019;01;11;4;3;6;4;0;0;1;1;0;0;0;573100,112506921400000;5361292,942863065700000;9,987628458000074;48,400554782000029;0
173232;08;4;16;041;2019;01;21;4;3;5;3;2;1;1;0;0;0;0;505695,665797813800000;5375379,996413281200000;9,077149795000025;48,531501228000081;0
173233;08;4;16;041;2019;01;18;4;3;6;3;2;0;1;1;0;0;0;504197,182021138260000;5376931,030410688400000;9,056867945000022;48,545466664000060;0
173235;08;3;37;096;2019;01;17;4;3;6;1;1;1;0;1;0;0;0;420477,875802513210000;5267444,877838295000000;7,942996883000035;47,555551678000029;0
173238;08;3;17;065;2019;01;16;4;3;3;6;0;1;1;0;0;0;0;413474,089239222000000;5354040,976958427600000;7,832508812000071;48,333625462000043;0
173239;08;3;17;089;2019;01;09;4;3;6;4;0;0;1;1;0;0;0;431732,210331927050000;5375737,018635876500000;8,075292611000066;48,531025198000066;1
173240;08;3;15;006;2019;01;09;4;3;6;7;0;0;1;1;0;0;0;403572,961928077040000;5308385,068015798900000;7,709279533000029;47,921531653000045;0
173241;08;3;11;000;2019;01;22;4;3;3;2;2;1;1;0;0;0;0;414621,568000000900000;5318511,585000002800000;7,855126092000035;48,014190980000080;0
173242;08;3;11;000;2019;01;18;4;3;6;3;2;1;0;1;0;0;0;414766,880392262710000;5317559,924973970300000;7,857263401000068;48,005649837000078;0
173243;08;3;36;069;2019;01;12;4;2;6;4;0;0;1;1;0;0;0;405093,732901127080000;5267166,392316121600000;7,738618876000032;47,550979990000030;0
173244;08;2;12;000;2019;01;16;4;3;0;4;1;0;0;1;0;0;1;456202,981660528110000;5428709,390890551700000;8,401091827000073;49,009722686000032;1
173246;08;2;26;059;2019;01;07;4;3;5;3;1;1;1;0;0;0;0;465423,335386686030000;5460714,202652677900000;8,524423664000040;49,298193630000071;0
173248;08;2;21;000;2019;01;07;4;3;5;2;1;1;0;0;0;1;0;477797,053109099160000;5472944,505240740300000;8,693929889000060;49,408779469000081;0
173249;08;2;21;000;2019;01;15;4;3;6;4;0;0;0;1;0;0;1;477250,963413779620000;5472664,980157885700000;8,686418113000059;49,406245014000035;0
173250;08;2;12;000;2019;01;13;4;3;5;3;0;1;1;0;0;0;0;454248,564600553360000;5428571,634953225000000;8,374383048000027;49,008341753000082;0
173251;08;2;12;000;2019;01;13;4;3;0;1;0;1;0;0;0;0;0;456867,798541131430000;5428116,328458555000000;8,410245452000027;49,004434840000044;1
173254;08;1;21;000;2019;01;10;4;3;5;3;0;1;1;0;0;0;0;515753,495795959610000;5444984,909680940200000;9,216062884000053;49,157481019000045;0
173255;08;1;19;067;2019;01;17;4;3;6;2;2;0;1;1;0;0;0;538820,317923928610000;5406022,860244536800000;9,528699437000057;48,805981973000030;0
173257;08;1;16;078;2019;01;11;4;3;5;3;0;1;1;0;0;0;0;508790,811652856880000;5393247,358287286000000;9,119453111000041;48,692203966000079;0
173261;08;3;37;096;2019;01;14;3;3;3;5;0;1;1;0;0;0;0;420677,314952635210000;5267058,177825436000000;7,945717140000056;47,552097182000068;0
173262;08;3;35;075;2019;01;14;3;3;0;1;0;1;0;0;0;0;0;489269,903519891200000;5288697,361715976100000;8,856842225000037;47,751557195000032;0
173265;08;3;26;074;2019;01;12;3;3;6;4;0;0;1;1;0;0;0;459914,965796880420000;5323677,879778103900000;8,461956433000069;48,065118047000055;1
173268;08;3;15;013;2019;01;09;3;3;5;5;0;1;1;0;0;0;0;404254,666139035490000;5324552,621882699400000;7,714795281000022;48,067059952000079;0
173269;08;3;11;000;2019;01;08;3;3;5;3;0;1;1;0;0;0;0;410044,488000000830000;5318706,582000000400000;7,793722992000028;48,015317021000044;1
173271;08;3;11;000;2019;01;16;3;3;6;4;0;1;0;1;0;0;0;413419,564166277650000;5316632,724751154000000;7,839390608000031;47,997128267000051;0
173272;08;3;11;000;2019;01;18;3;3;5;2;1;1;1;0;0;0;0;412401,184929606500000;5317594,689302330800000;7,825545782000063;48,005642696000052;0
173274;08;2;12;000;2019;01;18;3;3;5;3;2;1;0;0;0;0;1;455120,273390870540000;5429035,843835881000000;8,386250972000028;49,012581362000049;0
173275;08;2;37;028;2019;01;09;3;3;6;7;0;0;1;1;0;1;0;456601,862140630370000;5368530,415057180400000;8,412884817000077;48,468408013000044;2
173276;08;2;31;000;2019;01;07;3;3;6;4;0;0;1;1;0;0;0;478104,967626009140000;5415290,780337192100000;8,701308446000041;48,890180451000049;1
173277;08;2;22;000;2019;01;19;3;3;0;7;2;1;0;0;0;0;0;463688,168519890870000;5480737,552207613400000;8,498729569000034;49,478196282000056;0
173279;08;2;26;018;2019;01;15;3;2;4;7;0;1;1;0;0;0;0;473267,622759178280000;5472482,242697153200000;8,631523546000040;49,404439386000035;0
173283;08;2;12;000;2019;01;18;3;3;4;6;2;1;0;0;0;0;0;459232,257000820710000;5429742,862391008100000;8,442410108000047;49,019226502000038;0
173284;08;2;15;109;2019;01;07;3;3;6;4;2;0;1;1;0;0;0;461063,218861482110000;5435725,231806822100000;8,466876456000023;49,073157127000059;0
173287;08;1;19;079;2019;01;16;3;3;5;2;0;1;1;0;0;0;0;525446,895660755220000;5408080,560756452400000;9,346696914000063;48,825183981000066;0
173288;08;1;19;084;2019;01;15;3;3;6;4;0;0;0;1;0;0;1;546537,124274712990000;5413770,297117155000000;9,634669479000024;48,875142692000054;1
173289;08;1;18;048;2019;01;12;3;3;1;5;0;1;0;0;0;0;1;513524,703356580810000;5415702,886889824600000;9,184518161000028;48,894126879000055;0
173291;08;1;18;046;2019;01;16;3;3;3;3;0;1;1;0;0;0;0;514073,973573729400000;5412357,236666208100000;9,191896673000031;48,864017994000051;0
173292;08;1;15;045;2019;01;10;3;2;6;4;0;0;0;1;0;0;1;501874,037879000420000;5394772,110215593100000;9,025472134000040;48,705979879000040;1
173294;08;1;16;080;2019;01;15;3;3;6;4;0;0;1;1;0;0;0;522071,811506426890000;5395621,246027873800000;9,300045826000030;48,713230913000075;0
173295;08;1;16;004;2019;01;12;3;3;6;7;0;0;1;1;0;0;0;527841,530595841820000;5396383,009346338000000;9,378529619000062;48,719852694000053;0
173297;08;4;36;013;2019;01;07;2;3;6;4;2;0;1;1;0;0;0;545253,478430242280000;5294720,411636473600000;9,604369867000060;47,804248105000056;1
173300;08;4;21;000;2019;01;07;2;3;0;5;1;1;1;0;0;0;0;571051,350247083230000;5360607,658103240700000;9,959836516000053;48,394624692000036;1
173303;08;4;15;061;2019;01;20;2;3;6;2;2;0;1;1;0;0;0;517290,551681089210000;5378844,160309098700000;9,234349537000071;48,562453345000051;1
173304;08;4;16;041;2019;01;18;2;2;6;2;2;0;1;1;0;0;0;504533,816295974890000;5375893,520551081700000;9,061417733000042;48,536130537000076;1
173309;08;3;35;043;2019;01;15;2;3;0;7;0;1;1;0;0;0;0;512666,732899986210000;5280435,003862083000000;9,168755503000057;47,677180684000064;0
173311;08;4;17;002;2019;01;10;2;3;6;4;0;0;1;1;0;0;0;489018,116232383060000;5347334,687679084000000;8,851980662000074;48,279120805000048;1
173312;08;3;17;057;2019;01;05;2;3;5;3;2;1;1;0;0;0;0;413253,118726043030000;5379431,009374858800000;7,824267400000053;48,561968225000044;1