OBJECTID;ULAND;UREGBEZ;UKREIS;UGEMEINDE;UJAHR;UMONAT;USTUNDE;UWOCHENTAG;UKATEGORIE;UART;UTYP1;ULICHTVERH;IstRad;IstPKW;IstFuss;IstKrad;IstGkfz;IstSonstige;LINREFX;LINREFY;XGCSWGS84;YGCSWGS84;STRZUSTAND
173313;08;3;37;116;2019;02;18;2;3;0;7;2;1;0;0;0;0;1;418181,095032291490000;5270598,796370498800000;7,911886217000074;47,583639707000032;0
173314;08;3;17;057;2019;01;14;2;3;1;5;0;1;1;0;0;0;0;412723,263000002130000;5380500,064000003000000;7,816863234000039;48,571510156000045;0
173315;08;3;36;050;2019;01;15;2;2;5;3;0;1;1;0;0;0;0;399961,343560606240000;5274991,248199703200000;7,668639788000064;47,620597392000036;1
173321;08;2;25;058;2019;01;17;2;3;6;4;2;0;1;1;0;0;0;507667,518370918930000;5465759,285083534200000;9,105559790000029;49,344505099000060;1
173329;08;2;12;000;2019;01;07;2;3;1;7;0;1;1;0;0;0;0;455994,358513754790000;5427426,737874522800000;8,398378149000052;48,998170234000042;1
173330;08;2;12;000;2019;01;18;2;3;5;3;2;1;1;0;0;0;0;457879,553565337320000;5427939,398510703800000;8,424096977000033;49,002913204000038;1
173332;08;1;36;065;2019;01;08;2;3;6;4;0;0;1;1;0;0;0;558887,958999999800000;5405791,820399999600000;9,801947150000046;48,802326345000040;1
173335;08;1;16;073;2019;02;13;3;3;5;3;0;1;1;0;0;0;0;520842,529220918190000;5388891,307126872200000;9,282995705000076;48,652730662000067;0
173338;08;1;16;016;2019;02;06;5;3;5;3;2;1;1;0;0;0;0;533451,350880434740000;5385811,196299266100000;9,453942533000031;48,624474480000060;0
173339;08;1;16;077;2019;02;08;5;2;5;3;0;1;1;0;0;0;0;516289,042101317090000;5391910,089343963200000;9,221288781000055;48,680023146000053;0
173341;08;1;16;070;2019;02;13;5;3;5;2;0;1;1;0;0;0;0;539369,150929178110000;5385105,776325445600000;9,534178109000038;48,617784149000045;0
173342;08;1;16;033;2019;02;10;5;3;6;7;0;0;1;1;0;0;0;533329,320773605260000;5388652,115441443400000;9,452515131000041;48,650037633000068;0
173344;08;1;11;000;2019;02;16;5;3;6;3;0;0;1;1;0;0;0;515545,852759843690000;5403994,970041628900000;9,211648376000028;48,788757342000054;0
173347;08;4;35;059;2019;02;11;4;3;5;3;0;1;1;0;0;0;0;514851,884999999780000;5290098,081000002100000;9,198197024000024;47,764078422000068;0
173348;08;4;35;029;2019;02;14;4;3;0;1;0;1;0;0;0;0;0;544656,478087378670000;5271680,870891762900000;9,594037709000077;47,596999080000046;0
173351;08;4;15;061;2019;02;10;4;3;5;2;0;1;1;0;0;0;0;516012,920239252970000;5370268,505501547800000;9,216703774000052;48,485338132000038;0
173355;08;3;17;096;2019;02;16;4;3;5;2;0;1;1;0;0;0;0;422617,336517173800000;5369388,136004900600000;7,953026079000040;48,472859886000037;0
173357;08;3;17;057;2019;02;11;4;3;5;3;0;1;1;0;0;0;0;412798,620389309710000;5380374,008046999600000;7,817910996000023;48,570386853000059;0
173360;08;3;11;000;2019;02;15;4;3;5;3;0;1;0;0;0;0;0;413572,059142042880000;5317327,925436448300000;7,841294322000067;48,003402470000026;0
173362;08;2;15;105;2019;02;10;5;3;0;7;0;1;0;0;0;0;0;457284,695724112910000;5442526,733930582200000;8,414424086000054;49,134085991000063;0
173363;08;3;36;069;2019;02;09;4;2;1;7;0;1;1;0;0;0;0;409106,133818361910000;5268865,570826852700000;7,791582971000025;47,566839638000033;0
173366;08;2;26;096;2019;02;15;4;3;0;1;0;1;0;0;0;0;0;475953,396594789810000;5488851,716431191200000;8,667548089000036;49,551790215000040;0
173367;08;2;26;085;2019;02;07;5;3;3;6;0;1;1;0;0;0;0;491546,097167997620000;5454768,586720665900000;8,883846505000065;49,245631879000030;0
173372;08;2;22;000;2019;02;19;4;2;6;7;2;0;1;1;0;0;0;466772,452542933640000;5483290,398841198500000;8,541090784000062;49,501334682000049;0
173373;08;2;21;000;2019;02;17;4;3;5;3;0;1;1;0;0;0;0;474597,184319768100000;5474581,984371898700000;8,649715347000040;49,423383092000051;0
173375;08;2;15;017;2019;02;12;5;3;5;3;0;1;1;0;0;0;0;457300,610632495950000;5420538,149172402900000;8,416958452000074;48,936297727000067;0
173376;08;2;15;066;2019;02;16;4;3;0;7;0;1;0;0;0;0;0;460773,305440154860000;5454177,811864163700000;8,461109502000056;49,239119220000077;0
173377;08;2;15;103;2019;02;17;4;3;5;3;0;1;1;0;0;0;0;466751,920000000860000;5442560,697999998900000;8,544200727000032;49,134976769000048;0
173387;08;2;12;000;2019;02;18;5;3;4;6;2;1;0;0;0;0;1;456602,175944093610000;5427438,458825249200000;8,406686185000069;48,998318694000034;0
173388;08;1;11;000;2019;02;06;4;2;6;4;2;0;1;1;0;0;0;509128,994116060440000;5406844,005515836200000;9,124349949000020;48,814514306000035;0
173389;08;1;11;000;2019;02;07;4;3;6;2;0;0;1;1;0;0;0;506733,936030217450000;5396426,910986375100000;9,091555366000023;48,720833018000064;0
173390;08;4;35;059;2019;02;17;3;3;3;2;0;1;1;0;0;0;0;515187,288648820480000;5291284,850337375000000;9,202714415000060;47,774748555000031;0
173392;08;4;15;061;2019;02;06;3;3;0;1;2;1;0;0;0;0;0;514984,721609559840000;5369393,820830568700000;9,202757833000021;48,477494497000066;1
173393;08;3;36;105;2019;02;07;3;3;0;7;1;1;0;0;0;0;0;400648,320000001230000;5267112,882000001100000;7,679563640000026;47,549833711000076;1
173398;08;3;11;000;2019;02;13;3;3;5;3;0;1;1;0;0;0;0;411128,135913643050000;5315115,523605607500000;7,808994937000023;47,983166236000045;0
173399;08;2;15;106;2019;02;09;3;3;6;4;0;0;1;1;0;0;0;464745,976677220310000;5455178,129999173800000;8,515595299000040;49,248358680000081;1
173401;08;2;22;000;2019;02;15;3;3;5;3;0;1;1;0;0;0;0;463253,730342907830000;5480528,859188711300000;8,492751955000074;49,476293046000080;0
173404;08;2;12;000;2019;02;18;3;3;0;7;2;1;1;0;0;0;0;455432,022587047890000;5427606,186492057500000;8,390670952000050;48,999744052000040;0
173405;08;1;21;000;2019;02;13;3;3;6;4;0;0;0;1;0;0;1;515888,624134566630000;5441972,893478183100000;9,217797415000064;49,130383469000037;0
173407;08;1;18;079;2019;02;17;3;3;5;3;0;1;1;0;0;0;0;507837,702574445870000;5421464,512326713700000;9,107041033000030;48,946054925000055;0
173408;08;1;16;042;2019;02;12;3;3;0;7;0;1;0;0;0;0;1;517896,324715813620000;5381607,471251243700000;9,242678824000052;48,587295647000076;0
173409;08;1;16;080;2019;02;18;3;3;6;4;2;0;1;1;0;0;0;521920,027366759260000;5395397,418953830400000;9,297970601000031;48,711222732000067;0
173412;08;4;35;018;2019;02;20;2;3;0;7;2;1;0;0;0;0;0;524663,355300666760000;5279821,240364497500000;9,328546585000026;47,671311942000045;1
173414;08;2;12;000;2019;02;15;5;3;6;7;0;1;0;1;0;0;0;455952,527374612170000;5427425,340450080100000;8,397806440000068;48,998154680000027;0
173416;08;3;36;091;2019;02;13;2;3;6;4;0;0;1;1;0;0;0;394858,267415348440000;5271906,894230702900000;7,601485954000054;47,592045088000077;0
173417;08;3;35;043;2019;02;10;2;3;0;1;0;1;0;0;0;0;0;513793,450000001120000;5280973,925000000700000;9,183783407000021;47,682006647000037;1
173421;08;3;16;011;2019;02;10;5;3;6;4;0;0;1;1;0;0;0;415225,774130967450000;5328383,157964633800000;7,861269723000021;48,103069376000064;0
173423;08;3;15;022;2019;02;15;2;2;5;3;0;1;0;0;0;0;0;398053,599221437240000;5300806,707753881800000;7,637211028000024;47,852511711000034;1
173424;08;3;11;000;2019;02;16;2;2;5;3;0;1;1;0;0;0;0;410044,488000000830000;5318706,582000000400000;7,793722992000028;48,015317021000044;1
173425;08;3;36;050;2019;02;08;2;2;5;3;0;1;1;0;0;0;0;398909,562404459340000;5275414,419203776900000;7,654548478000038;47,624240660000055;1
173426;08;3;11;000;2019;02;13;2;3;5;3;0;1;1;0;0;0;0;413744,963087267240000;5315260,493711853400000;7,844027393000033;47,984828528000037;1
173427;08;2;11;000;2019;02;10;5;3;6;2;0;0;1;1;0;0;0;443589,552000001070000;5401937,175000002600000;8,232317881000029;48,767883033000032;0
173428;08;3;11;000;2019;02;07;2;3;5;3;0;1;1;0;0;0;0;409718,903521389700000;5316678,863967102000000;7,789784829000041;47,997031436000043;1
173431;08;2;26;032;2019;02;12;2;3;3;2;0;1;1;0;0;0;0;466790,111369526950000;5462886,299326503600000;8,543041351000056;49,317807143000039;0
173433;08;2;26;013;2019;02;13;5;3;5;5;0;1;1;0;0;0;0;499029,390290740880000;5480178,440189691300000;8,986602220000066;49,474252471000057;0
173434;08;2;22;000;2019;02;07;2;2;6;4;0;0;1;1;0;0;0;459731,301748394970000;5488194,733391584800000;8,443348543000070;49,545019497000055;1
173435;08;2;22;000;2019;02;14;2;3;3;2;0;1;1;0;0;0;0;461524,113836574370000;5481589,818163279400000;8,468774042000064;49,485728657000038;0
173436;08;2;22;000;2019;02;09;2;3;3;6;0;1;0;0;0;0;0;461362,032136209310000;5481687,496536456000000;8,466526781000027;49,486596924000025;0
173437;08;2;22;000;2019;02;14;2;3;3;2;0;1;0;0;0;0;1;461523,487200294620000;5481590,198028504800000;8,468765354000027;49,485732034000080;0
173440;08;1;17;026;2019;02;08;2;3;0;7;0;1;1;0;0;0;0;549116,891430403110000;5394852,050163412500000;9,667588206000062;48,704767764000053;1
173441;08;1;16;011;2019;02;22;2;2;9;1;2;1;0;0;0;0;0;530041,857324389740000;5379612,807011531700000;9,407227794000050;48,568886698000028;0
173444;08;1;16;019;2019;02;05;2;3;6;4;2;0;1;1;0;0;0;520085,558567273430000;5399442,045040687500000;9,273231062000036;48,747669729000052;1
173445;08;1;11;000;2019;02;13;2;3;6;4;0;0;1;1;0;0;0;512931,941044596020000;5408526,648127362100000;9,176204357000074;48,829583595000031;0
173446;08;4;21;000;2019;02;00;1;2;8;1;2;1;0;0;0;0;0;573262,879356967290000;5361232,535842990500000;9,989816656000073;48,399992513000029;0
173447;08;4;21;000;2019;02;17;1;3;0;1;1;1;0;0;0;0;0;573548,956349185670000;5360929,765899181400000;9,993628046000026;48,397235723000051;1
173450;08;2;26;105;2019;02;04;1;3;6;4;2;0;1;1;0;0;0;470819,737568723040000;5479524,006053794200000;8,597264682000059;49,467665573000033;0
173454;08;1;18;046;2019;02;18;1;3;6;2;2;0;1;1;0;0;0;514321,249139703810000;5412002,665629981100000;9,195255813000074;48,860822691000067;1
173458;08;3;26;003;2019;02;13;7;3;0;7;0;0;1;1;0;0;0;464845,514905132350000;5318654,686835870100000;8,528547074000073;48,020216141000049;0
173462;08;3;11;000;2019;02;21;7;3;0;7;2;1;0;0;0;0;0;413493,150640510950000;5316717,723591864100000;7,840359688000035;47,997902822000071;0
173464;08;2;21;000;2019;02;14;7;3;6;2;0;0;1;1;0;0;0;477295,898238945750000;5472463,959587397100000;8,687048995000055;49,404438543000026;0
173466;08;2;15;017;2019;02;13;7;3;0;7;0;0;1;1;0;0;0;456675,991961322720000;5421622,933820661200000;8,408314691000044;48,946012188000054;0
173471;08;1;35;016;2019;02;06;5;3;0;3;2;1;1;0;0;0;0;591098,606896960180000;5385868,042090697200000;10,236111762000064;48,619246649000047;0
173477;08;4;21;000;2019;02;21;6;2;6;4;2;0;1;1;0;0;0;573480,016017241400000;5361451,819084594000000;9,992788205000068;48,401939738000067;0
173479;08;4;15;061;2019;02;08;6;3;0;1;0;1;0;0;0;0;0;514574,734506770970000;5372180,151496952400000;9,197307567000053;48,502570979000041;2
173480;08;3;25;049;2019;02;12;6;3;6;4;0;0;1;1;0;0;0;472277,839107382110000;5335028,556690949900000;8,627155210000069;48,167895165000061;0
173481;08;1;26;066;2019;02;11;5;3;6;4;0;0;0;1;0;0;1;536414,068084429020000;5449924,913259362800000;9,499866688000054;49,201038477000054;0
173482;08;3;36;050;2019;02;07;6;3;1;5;1;1;1;0;0;0;0;398965,463120066560000;5272814,385829843600000;7,655891808000035;47,600861257000076;0
173483;08;3;35;043;2019;02;07;6;2;0;1;0;1;0;0;0;0;0;512707,847849873830000;5284241,857081508300000;9,169414172000074;47,711432531000071;2
173485;08;3;35;043;2019;02;09;6;3;0;1;0;1;0;0;0;0;0;509822,709124716000000;5281818,563598409300000;9,130896589000031;47,689678957000069;2
173486;08;3;35;002;2019;02;12;6;3;5;3;0;1;1;0;0;0;0;503936,833000001500000;5285422,728000000100000;9,052494512000067;47,722170621000032;0
173487;08;3;27;050;2019;02;11;6;3;6;4;0;0;1;1;0;0;0;485393,277998614120000;5314414,646393524500000;8,804252394000059;47,982868289000066;1
173489;08;3;25;049;2019;02;11;6;2;6;4;0;0;1;1;0;0;0;472275,662320942620000;5335034,533030865700000;8,627125545000070;48,167948837000040;0
173490;08;3;17;040;2019;02;07;6;3;0;1;1;1;0;0;0;0;0;432187,399808606130000;5347049,868109609900000;8,086092282000038;48,273022067000056;2
173492;08;3;16;039;2019;02;13;6;3;5;2;0;1;1;0;0;0;0;417790,163288889450000;5326952,579246765000000;7,895984725000062;48,090536937000081;0
173496;08;2;31;000;2019;02;05;6;3;6;2;2;0;1;1;0;0;0;478873,390647742900000;5415767,618078285800000;8,711766458000056;48,894496602000061;1
173497;08;2;22;000;2019;02;18;6;3;5;3;2;1;1;0;0;0;0;463241,915588099510000;5480775,515392720700000;8,492565949000039;49,478510884000059;0
173498;08;2;22;000;2019;02;15;6;3;6;4;0;0;1;1;0;0;0;461175,666135636160000;5483309,853473791900000;8,463794363000034;49,501177237000036;0
173499;08;2;22;000;2019;02;07;6;2;0;7;1;1;0;0;0;0;0;465641,846724320200000;5481799,090800240600000;8,525606084000060;49,487858070000073;1
173501;08;2;15;017;2019;02;21;6;3;5;3;2;1;1;0;0;0;0;455409,025241257620000;5421153,452299336000000;8,391063846000066;48,941699059000030;0
173502;08;2;12;000;2019;02;07;6;2;0;3;0;1;1;0;0;0;0;456639,368815680970000;5428603,171123281100000;8,407070271000066;49,008798044000059;0
173503;08;2;11;000;2019;02;17;6;3;6;4;0;0;1;1;0;0;0;444048,032999999820000;5401086,267000000900000;8,238672415000053;48,760270343000059;0
173506;08;1;19;085;2019;02;07;6;2;0;1;0;1;0;0;0;0;0;530725,758489983160000;5413524,870778223500000;9,419024515000046;48,873920160000068;2
173509;08;1;18;048;2019;02;08;6;3;0;1;0;1;0;0;0;0;0;516287,256787722930000;5415510,927818160500000;9,222199883000030;48,892333607000069;2
173510;08;1;18;071;2019;02;17;6;3;6;7;2;0;1;1;0;0;0;510154,283730543220000;5420510,397518130000000;9,138655170000050;48,937438315000065;0
173511;08;1;17;024;2019;02;09;6;3;6;7;0;0;1;1;0;0;0;562157,661356655880000;5386502,735316138700000;9,843563591000077;48,628501048000032;1
173512;08;1;16;049;2019;02;03;6;3;0;1;2;1;0;0;0;0;0;524628,719999999740000;5386118,928000003100000;9,334238186000050;48,627652495000063;2
173514;08;1;16;077;2019;02;08;6;3;0;1;0;1;0;0;0;0;0;516511,308816066010000;5391982,488999471100000;9,224311172000057;48,680668617000038;2
173515;08;1;15;003;2019;02;10;6;3;5;3;0;1;1;0;0;0;0;500097,670427898880000;5392451,206398153700000;9,001326999000071;48,685103618000028;1
173518;08;4;35;016;2019;02;17;5;3;4;6;0;1;1;0;0;0;0;535952,380848460830000;5279964,436095679200000;9,478937671000040;47,672071184000060;0
173520;08;4;15;053;2019;02;15;5;3;6;7;0;0;0;1;0;0;1;536333,223312245680000;5361985,180672958500000;9,490973186000076;48,409973869000055;2
173522;08;3;26;052;2019;02;14;5;3;6;7;0;0;1;1;0;0;0;450055,207919171080000;5331249,975494284200000;8,328735517000041;48,132543870000063;1
173523;08;3;26;074;2019;02;21;5;3;6;4;2;0;1;1;0;0;0;464032,820731339040000;5323329,644400069500000;8,517255712000065;48,062230571000043;2
173525;08;2;26;084;2019;02;18;5;3;6;4;2;0;1;1;0;0;0;469335,877844648440000;5470334,062401277900000;8,577495984000052;49,384931632000075;0
173526;08;3;16;011;2019;02;07;5;3;5;3;1;1;1;0;0;0;0;414701,873870044020000;5329066,156070459600000;7,854097311000032;48,109143152000058;0
173530;08;3;11;000;2019;02;12;5;3;6;4;0;0;0;1;0;0;1;413171,215433795010000;5316755,438224114500000;7,836037376000036;47,998198435000063;0
173531;08;3;16;011;2019;02;10;5;3;0;1;0;1;0;0;0;0;0;412966,257011910900000;5330874,013462409400000;7,830416786000058;48,125170226000080;1
173532;08;3;36;091;2019;02;19;5;3;6;4;2;0;1;1;0;0;0;396539,494387589400000;5272154,442428974400000;7,623783239000034;47,594542268000055;1
173534;08;2;12;000;2019;02;13;5;3;6;4;0;0;0;1;0;0;1;453466,843000001270000;5426464,037000000500000;8,363935722000065;48,989325326000028;1
173535;08;1;19;085;2019;02;16;5;3;2;6;0;1;1;0;0;0;0;528858,804843321440000;5413275,931793298600000;9,393546897000022;48,871770512000069;0
173537;08;2;12;000;2019;02;15;5;3;5;3;0;1;1;0;0;0;0;458284,078455913810000;5428081,824531192000000;8,429613031000031;49,004221823000080;1
173539;08;2;22;000;2019;02;17;5;3;3;5;2;1;1;0;0;0;0;464494,478241380300000;5485057,954503446800000;8,509471669000050;49,517103872000064;1
173540;08;2;21;000;2019;02;18;5;3;5;2;0;1;1;0;0;0;0;476817,368553805160000;5468085,501159254500000;8,680708399000025;49,365036820000057;1
173541;08;2;15;017;2019;02;15;5;3;6;4;0;0;1;1;0;0;0;456817,370255935940000;5421036,695100959400000;8,410307553000052;48,940748724000059;1
173542;08;1;25;001;2019;02;21;5;3;6;7;2;0;1;1;0;0;0;521089,268130681480000;5435183,050183253400000;9,288731239000072;49,069149997000068;0
173543;08;1;19;067;2019;02;13;5;3;6;4;0;0;1;1;0;0;0;539297,173710483130000;5405083,523565040900000;9,535103612000057;48,797502168000051;0
173544;08;1;19;067;2019;02;12;5;3;5;3;0;1;1;0;0;0;0;537705,305865971370000;5405950,490842081600000;9,513507929000070;48,805399616000045;1
173545;08;1;18;079;2019;02;17;5;3;5;3;0;1;1;0;0;0;0;510200,860974254090000;5422507,366816707000000;9,139341182000067;48,955401633000065;1
173546;08;2;22;000;2019;02;13;3;2;0;4;0;0;0;1;0;0;1;460058,118579912000000;5488007,529172116900000;8,447885024000073;49,543357360000073;0
173548;08;1;19;079;2019;02;16;5;3;6;4;0;0;0;1;0;0;1;522269,396098528060000;5407417,953595308600000;9,303370312000027;48,819345382000051;0
173549;08;1;16;078;2019;02;14;5;3;6;4;0;0;1;1;0;0;0;510248,661906419320000;5394194,916529128300000;9,139286429000038;48,700706021000030;0
173550;08;1;16;033;2019;02;17;5;3;6;4;1;0;1;1;0;0;0;533406,166784865780000;5387584,458075474900000;9,453472325000064;48,640429000000040;0
173551;08;1;15;045;2019;02;12;5;3;0;7;0;1;1;0;0;0;0;497682,966358956880000;5396207,308900775400000;8,968498560000057;48,718889533000038;0
173554;08;2;21;000;2019;02;10;3;3;6;4;0;0;1;1;0;0;0;477899,169944510800000;5469423,276428585900000;8,695533386000022;49,377110177000077;0
173556;08;4;35;016;2019;02;06;4;3;4;2;2;1;1;0;0;0;0;536850,282969273630000;5278751,406768731800000;9,490796253000042;47,661106546000042;1
173557;08;3;36;069;2019;02;08;4;3;1;6;1;1;1;0;0;0;0;408311,600027229640000;5268499,395666891700000;7,781098675000067;47,563433823000025;0
173560;08;3;17;065;2019;02;17;4;3;1;2;0;1;1;0;0;0;0;415649,163664607330000;5352031,377386570000000;7,862253072000044;48,315843422000057;0
173563;08;3;15;050;2019;02;16;4;2;6;4;0;0;1;1;0;0;0;399527,242530602960000;5303226,161076283100000;7,656342222000035;47,874506623000059;0
173565;08;3;11;000;2019;02;07;4;3;0;1;0;1;0;0;0;0;0;414490,331741475500000;5316271,565899167200000;7,853813200000047;47,994023613000081;0
173566;08;3;11;000;2019;02;09;4;2;4;2;0;1;0;0;0;1;0;414353,551458969710000;5317797,040999360400000;7,851675621000027;48,007727529000078;0
173567;08;2;36;030;2019;02;20;4;3;4;2;2;1;1;0;0;0;0;475810,289371374990000;5417935,848373873200000;8,669848325000032;48,913889151000035;0
173568;08;2;26;076;2019;02;12;4;3;4;2;0;1;1;0;0;0;0;475196,269999999550000;5465609,676000002800000;8,658535799000049;49,342703192000045;0
173569;08;2;26;032;2019;02;19;4;3;0;6;2;0;1;1;0;0;0;467174,571132326500000;5463017,867713252100000;8,548320412000066;49,319011374000070;0
173570;08;2;22;000;2019;02;20;4;3;0;2;2;1;1;0;0;0;0;462970,034345965830000;5482583,594027701800000;8,488643514000046;49,494757116000073;0
173572;08;2;21;000;2019;02;10;4;3;5;2;0;1;1;0;0;0;0;475485,029581543060000;5473013,877369515600000;8,662054658000045;49,409314706000032;0
173573;08;2;15;059;2019;02;14;4;2;0;7;0;0;0;1;0;0;1;483863,520999999720000;5436364,909000000000000;8,779029184000024;49,079931032000047;0
173574;08;2;12;000;2019;02;18;3;3;3;2;2;1;1;0;0;0;0;455191,187282289380000;5428485,218486804500000;8,387281473000030;49,007633594000026;0
173577;08;1;21;000;2019;02;11;4;2;6;7;0;0;0;1;0;0;1;516183,119732877240000;5443100,462860928800000;9,221879524000030;49,140518650000047;0
173580;08;1;18;048;2019;02;15;4;3;2;2;0;1;0;0;0;0;1;512333,656480319800000;5415566,649794971600000;9,168264617000034;48,892926180000075;0
173583;08;1;16;077;2019;02;22;4;3;6;4;2;0;1;1;0;0;0;515007,459982091560000;5388358,186420790900000;9,203749599000048;48,648102047000066;1
173584;08;1;11;000;2019;02;13;4;3;0;4;0;0;0;1;0;0;1;512788,799721105020000;5402342,348725605800000;9,174061376000054;48,773953308000046;0
173587;08;3;15;013;2019;02;23;5;3;6;1;2;1;0;1;0;0;0;404714,004499653350000;5324844,218813791900000;7,720894454000074;48,069751610000026;0
173589;08;4;35;059;2019;02;07;3;3;5;2;0;1;1;0;0;0;0;511566,083534014410000;5291098,462163699800000;9,154375130000062;47,773146712000027;0
173590;08;4;16;041;2019;02;16;3;3;0;7;0;1;0;0;0;0;0;502838,390999999830000;5374229,969000000500000;9,038439187000051;48,521174600000052;0
173591;08;3;37;126;2019;02;13;3;1;6;4;0;0;0;1;0;0;1;445435,062089237380000;5276087,861079890300000;8,273617100000024;47,635890820000043;1
173592;08;3;17;110;2019;02;08;3;3;6;6;0;0;1;1;0;0;0;427271,024396788330000;5381987,062935663400000;8,013781246000065;48,586743007000052;0
173593;08;1;19;020;2019;02;09;5;3;5;3;0;1;1;0;0;0;0;520092,813865908420000;5406832,877376679300000;9,273691006000036;48,814156369000045;0
173595;08;3;11;000;2019;02;10;3;3;5;2;0;1;1;0;0;0;0;414032,908846690320000;5315679,070903446500000;7,847801765000043;47,988632559000052;0
173597;08;3;11;000;2019;02;20;3;3;0;1;2;1;0;0;0;0;0;413915,228348749690000;5316459,676233023400000;7,846068293000030;47,995638565000036;0
173598;08;3;36;050;2019;02;12;3;3;5;3;0;1;1;0;0;0;0;398983,258689633570000;5273057,499312266700000;7,656072467000058;47,603050918000065;0
173599;08;3;11;000;2019;02;09;3;3;0;1;0;1;0;0;0;0;0;411105,575815072280000;5318268,961174877400000;7,808039397000073;48,011529038000049;0
173601;08;2;12;000;2019;02;11;3;3;0;6;0;1;1;0;0;0;0;455703,091301103120000;5428943,540128983600000;8,394230855000046;49,011793199000067;0
173605;08;2;26;076;2019;02;06;3;3;6;2;1;0;1;1;0;0;0;474706,847682429480000;5466023,342123238400000;8,651771966000069;49,346403982000027;1
173606;08;1;25;074;2019;02;16;3;2;6;4;0;0;1;1;0;0;0;509471,791979335250000;5439488,822344381400000;9,129779035000070;49,108170658000063;0
173608;08;2;15;108;2019;02;10;5;3;5;3;0;1;1;0;0;0;0;449223,518629187720000;5424637,526417248000000;8,306165862000057;48,972561557000063;0
173609;08;2;15;046;2019;02;21;1;3;3;6;2;1;1;0;0;0;0;450552,391596330330000;5415134,770303998100000;8,325475336000068;48,887191080000036;0
173612;08;1;19;067;2019;02;04;3;3;0;1;2;1;0;0;0;0;0;538085,307390660980000;5405798,557985648500000;9,518668848000061;48,804009726000061;0
173613;08;2;22;000;2019;02;19;6;3;3;5;2;1;1;0;0;0;0;461631,302579554730000;5481734,447643520300000;8,470239865000053;49,487036309000075;0
173614;08;1;16;019;2019;02;13;6;3;2;6;0;1;1;0;0;0;0;523098,967610799710000;5398345,192470694000000;9,314161442000057;48,737698088000059;0
173617;08;4;21;000;2019;02;18;7;3;6;4;2;0;1;1;0;0;0;572619,561355734240000;5360678,504639353600000;9,981030621000059;48,395083305000071;0
173619;08;4;26;021;2019;02;10;6;3;3;2;0;1;1;0;0;0;0;559380,649202976380000;5326742,795498559300000;9,797444259000031;48,091186051000079;0
173621;08;4;16;023;2019;02;13;2;3;6;4;0;0;0;1;0;0;1;510101,055437037720000;5370974,140761589600000;9,136715536000054;48,491809124000042;0
173622;08;2;15;009;2019;02;12;6;3;6;4;0;0;1;1;0;0;0;467050,234816322100000;5437638,089526856300000;8,548692058000029;49,090713190000031;0
173623;08;3;17;096;2019;02;14;5;3;0;7;0;1;0;0;0;0;0;420433,044157913890000;5368239,587453221900000;7,923696846000041;48,462256247000028;0
173625;08;1;11;000;2019;02;17;7;2;6;4;0;0;1;1;0;0;0;509050,202204422090000;5406840,238510929000000;9,123276610000062;48,814481571000044;0
173627;08;4;15;061;2019;02;13;5;3;5;3;0;1;1;0;0;0;0;513783,750456928280000;5370487,279567046100000;9,186543689000075;48,487359148000053;0
173629;08;4;16;036;2019;02;17;4;3;1;7;0;1;1;0;0;0;0;495388,159575053490000;5369608,438402134900000;8,937594769000043;48,479586960000063;0
173631;08;4;15;050;2019;02;13;3;3;5;3;0;1;1;0;0;0;0;521318,170384193770000;5375994,933984600000000;9,288791797000044;48,536697067000034;0
173632;08;3;17;096;2019;02;14;6;3;6;2;0;0;1;1;0;0;0;421547,741855893280000;5368765,153476087400000;7,938674092000042;48,467123680000043;0
173635;08;1;11;000;2019;02;09;6;3;6;4;0;0;1;1;0;0;0;508176,994999999180000;5397126,223000003000000;9,111189193000030;48,727106792000029;0
173636;08;1;18;011;2019;02;08;6;2;6;2;0;0;1;1;0;0;0;505836,102830353190000;5407374,968110404900000;9,079503674000023;48,819330447000027;0
173637;08;2;15;102;2019;02;09;5;3;5;3;0;1;1;0;0;0;0;455889,685046018100000;5436164,001914806700000;8,395996313000069;49,076754962000052;0
173642;08;3;11;000;2019;02;07;4;3;0;7;0;1;1;0;0;0;0;409682,300022803250000;5316567,303992958700000;7,789317753000034;47,996022764000031;0
173645;08;3;11;000;2019;02;09;6;3;5;3;0;1;1;0;0;0;0;415116,220000000670000;5315981,977000000000000;7,862258270000041;47,991502035000053;0
173646;08;2;16;012;2019;02;17;6;2;6;7;0;0;1;1;0;0;0;442417,854433740490000;5419768,361934246500000;8,213867064000056;48,928167424000037;0
173648;08;2;21;000;2019;02;13;5;3;6;7;0;0;1;1;0;0;0;478440,522497477010000;5473017,340178098500000;8,702796104000072;49,409457748000079;0
173650;08;2;12;000;2019;02;07;4;3;0;7;0;1;1;0;0;0;0;455735,406999999660000;5427902,552000002900000;8,394786249000049;49,002431722000040;0
173651;08;2;15;009;2019;02;14;7;3;6;4;0;0;1;1;0;0;0;470486,486230781300000;5441388,470542876000000;8,595482418000074;49,124623116000066;0