OBJECTID;ULAND;UREGBEZ;UKREIS;UGEMEINDE;UJAHR;UMONAT;USTUNDE;UWOCHENTAG;UKATEGORIE;UART;UTYP1;ULICHTVERH;IstRad;IstPKW;IstFuss;IstKrad;IstGkfz;IstSonstige;LINREFX;LINREFY;XGCSWGS84;YGCSWGS84;STRZUSTAND
173652;08;2;16;043;2019;02;13;3;3;3;2;0;1;0;0;1;0;0;440853,846261550670000;5412023,879000674900000;8,193637984000077;48,858359144000076;0
173655;08;2;26;096;2019;02;12;3;2;6;4;0;0;1;1;0;0;0;476014,141383269800000;5488738,886963393500000;8,668394760000069;49,550777769000035;0
173656;08;2;12;000;2019;02;16;6;3;5;3;0;1;1;0;0;0;0;455003,571339333430000;5429277,350110443300000;8,384628343000031;49,014745230000074;0
173658;08;2;22;000;2019;02;16;2;3;5;3;0;1;1;0;0;0;0;461877,690000000410000;5482282,902000000700000;8,473588712000037;49,491984894000041;0
173659;08;2;16;049;2019;02;08;5;3;6;4;0;0;0;1;0;0;1;439127,055995428000000;5400716,908189158900000;8,171775270000069;48,756486181000071;0
173660;08;1;36;088;2019;02;12;1;3;3;6;0;1;1;0;0;0;0;582670,409170767290000;5406751,002113509900000;10,125958168000068;48,808245476000081;0
173661;08;1;27;014;2019;02;22;4;3;5;3;2;1;1;0;0;0;0;578067,503262324260000;5443325,572943680000000;10,070298533000027;49,137795983000046;0
173662;08;1;18;073;2019;02;09;7;3;4;2;0;1;1;0;0;0;0;498948,450000002050000;5417931,627000002200000;8,985647875000041;48,914322829000071;0
173664;08;1;17;049;2019;02;06;3;3;5;3;2;1;1;0;0;0;0;555175,018209502100000;5392272,731485864100000;9,749577738000028;48,681059451000067;0
173667;08;1;16;019;2019;02;19;2;3;0;1;2;1;0;0;0;0;0;523210,911378389220000;5398461,441381212300000;9,315690476000043;48,738739690000045;0
173668;08;1;15;003;2019;02;13;5;3;6;4;0;0;1;1;0;0;0;500823,655079692600000;5390718,970059454400000;9,011187133000021;48,669519672000035;0
173670;08;2;12;000;2019;02;10;2;3;6;7;0;0;1;1;0;0;0;453091,120875395830000;5432982,726699376500000;8,358046638000076;49,047932661000061;0
173671;08;1;16;049;2019;02;14;5;2;0;1;0;1;0;0;0;0;0;524392,843276288360000;5387762,341936389000000;9,331133880000039;48,642445955000028;0
173672;08;1;11;000;2019;02;12;1;3;6;4;0;0;1;1;0;0;0;515233,221026510930000;5406678,773478115000000;9,207491655000069;48,812908225000058;0
173680;08;3;26;074;2019;02;06;7;3;6;7;2;0;1;1;0;0;0;465471,227825029750000;5323470,459622697900000;8,536549684000022;48,063576944000033;0
173681;08;3;35;043;2019;02;19;3;3;6;7;2;0;1;1;0;0;0;513284,247963754460000;5278422,509418085200000;9,176921248000042;47,659060534000048;0
173682;08;3;17;001;2019;02;17;6;3;5;2;0;1;0;0;0;0;1;430727,566999999810000;5386531,934000002200000;8,059887310000022;48,628016075000062;0
173684;08;3;11;000;2019;02;07;2;3;4;2;1;1;1;0;0;0;0;413011,938595938500000;5317090,448244636900000;7,833834764000073;48,001190305000080;0
173689;08;1;35;016;2019;02;15;6;3;0;1;0;1;0;0;0;0;0;592900,243072086010000;5386865,957597162600000;10,260775510000030;48,627956984000036;0
173690;08;3;16;043;2019;02;16;5;3;5;3;0;1;1;0;0;0;0;408863,313895315860000;5328849,259927514900000;7,775725889000057;48,106383411000081;0
173691;08;3;17;096;2019;02;16;1;3;5;3;0;1;1;0;0;0;0;419932,849663200790000;5368115,831492703400000;7,916955648000055;48,461079612000049;0
173694;08;2;31;000;2019;02;05;3;3;0;2;2;1;1;0;0;0;0;478982,890675524250000;5415250,380486173600000;8,713286971000059;48,889847426000074;0
173701;08;2;12;000;2019;02;12;5;3;5;2;0;1;1;0;0;0;0;455141,967509546320000;5430588,920114591700000;8,386375914000041;49,026552969000079;0
173702;08;2;12;000;2019;02;12;1;3;1;5;0;1;1;0;0;0;0;450132,105303666550000;5428407,594175092900000;8,318117672000028;49,006547297000054;0
173703;08;2;15;106;2019;02;13;4;3;6;4;0;0;1;1;0;0;0;464594,984896025620000;5453335,016391234500000;8,513683505000074;49,231771311000045;0
173704;08;2;26;003;2019;02;13;7;3;5;3;0;1;1;0;0;0;0;463696,961476629600000;5460996,692429687800000;8,500653926000041;49,300634414000058;0
173708;08;2;26;103;2019;02;06;2;1;0;7;2;1;0;0;0;0;0;473513,224166961390000;5456904,768967134900000;8,635943680000025;49,264332141000068;0
173710;08;1;16;080;2019;02;11;1;3;3;6;0;1;1;0;0;0;0;517029,739731180480000;5396663,507650738600000;9,231547231000036;48,722765184000082;0
173711;08;1;21;000;2019;02;18;4;3;2;1;1;1;0;0;0;0;1;515873,121496433390000;5444615,456990243900000;9,217689003000032;49,154154597000058;0
173712;08;1;18;048;2019;02;17;7;3;6;4;0;0;0;1;0;0;1;513145,550000522290000;5416112,543042752900000;9,179358564000040;48,897820198000034;0
173715;08;2;11;000;2019;02;10;4;3;4;6;0;1;0;0;1;0;0;440836,185064285060000;5404938,212807538000000;8,194419549000031;48,794621913000071;0
173716;08;1;35;020;2019;02;06;7;2;0;1;2;1;0;0;0;0;0;585941,107000001710000;5386629,478000002000000;10,166303317000029;48,626825042000064;1
173719;08;1;16;047;2019;02;07;6;3;5;3;1;1;1;0;0;0;0;520064,505950144490000;5392735,223940586700000;9,272618465000051;48,687336130000062;1
173720;08;1;36;065;2019;02;16;2;2;6;4;0;0;1;1;0;0;0;558558,300470334480000;5405174,983578072900000;9,797370299000022;48,796809005000057;0
173722;08;4;35;059;2019;02;12;7;3;0;4;0;1;0;1;0;0;0;511832,950593668970000;5290418,110682707300000;9,157918518000031;47,767020393000053;0
173728;08;3;25;049;2019;02;07;5;3;5;3;0;1;1;0;0;0;0;472161,344261014830000;5334799,949267171300000;8,625603435000073;48,165833352000050;0
173729;08;4;26;108;2019;02;13;1;2;6;7;0;0;1;1;0;0;0;570541,473910741510000;5333946,600928455600000;9,948499823000077;48,154852006000056;0
173733;08;1;15;003;2019;02;10;2;3;0;7;0;1;0;0;0;0;0;500757,048525893130000;5392415,257404644000000;9,010285569000075;48,684779766000077;0
173734;08;4;35;016;2019;02;16;4;3;7;7;0;1;0;0;0;0;0;538421,098545584830000;5285806,345263669300000;9,512337926000043;47,724490626000033;0
173735;08;3;37;002;2019;02;16;7;3;5;3;0;1;1;0;0;0;0;435359,365127567200000;5271829,607030304100000;8,140129494000064;47,596652665000079;0
173737;08;3;35;075;2019;02;15;6;3;5;3;0;1;1;0;0;0;0;488955,484891477040000;5289469,113640904400000;8,852627753000036;47,758495758000038;0
173740;08;1;17;026;2019;02;16;6;3;6;2;0;0;1;1;0;0;0;547206,984342538750000;5395242,623645523600000;9,641675484000075;48,708428655000034;0
173741;08;3;11;000;2019;02;17;5;3;0;7;1;1;1;0;0;0;0;413533,147844802590000;5316404,313453948100000;7,840958896000075;47,995088999000075;0
173742;08;3;15;074;2019;02;13;1;3;4;6;0;1;1;0;0;0;0;397235,549103685650000;5296569,114039579400000;7,627284636000070;47,814264834000028;0
173744;08;2;31;000;2019;02;12;7;3;6;4;0;0;1;1;0;0;0;478696,640104695220000;5416153,815393436700000;8,709334914000067;48,897964650000063;0
173747;08;3;17;057;2019;02;19;7;2;6;2;2;0;1;1;0;0;0;413842,180227222850000;5379480,175316527500000;7,832239389000051;48,562491686000044;0
173749;08;3;11;000;2019;02;16;6;3;5;2;0;1;1;0;0;0;0;412895,862820606680000;5318056,209825959100000;7,832082856000056;48,009861821000072;0
173751;08;2;12;000;2019;02;15;2;2;6;7;0;1;0;1;0;0;0;457453,077057691290000;5428648,948759036100000;8,418191822000040;49,009266459000060;0
173752;08;2;22;000;2019;02;19;5;3;6;4;2;0;0;1;0;0;1;461716,814743875530000;5482910,769390858700000;8,471306540000057;49,497622092000029;0
173754;08;2;15;109;2019;02;18;4;3;5;3;2;1;0;0;0;0;1;464286,926727446730000;5440046,433584427500000;8,510631879000073;49,112222381000038;0
173755;08;2;21;000;2019;02;17;7;3;9;7;1;1;0;0;0;0;0;476435,040699978360000;5469901,459368435700000;8,675335169000050;49,381356496000080;0
173756;08;2;21;000;2019;02;15;3;3;6;4;0;0;0;1;0;0;1;477575,691910149530000;5472732,204629041300000;8,690890436000075;49,406861741000057;0
173757;08;2;26;096;2019;02;23;6;3;0;7;2;0;1;1;0;0;0;475853,185000000520000;5488918,995000002900000;8,666158532000054;49,552391371000056;0
173759;08;2;16;015;2019;02;10;2;3;0;7;0;1;0;0;0;0;0;449901,020435730930000;5406097,295199900900000;8,317695881000077;48,805844711000077;0
173763;08;2;12;000;2019;02;18;5;3;5;3;2;1;1;0;0;0;0;457867,070834631100000;5430395,129475232200000;8,423671366000065;49,025001994000036;0
173766;08;1;19;067;2019;02;11;7;2;5;2;0;1;1;0;0;0;0;539270,127261602320000;5405023,436906002500000;9,534729596000034;48,796963365000067;0
173769;08;2;22;000;2019;02;22;6;2;6;7;2;0;0;1;0;0;1;461340,237149164080000;5482224,639580113800000;8,466173339000022;49,491426848000060;0
173773;08;4;16;041;2019;02;13;7;3;3;6;0;1;1;0;0;0;0;505681,680551542900000;5375072,523965038400000;9,076956169000027;48,528735226000038;0
173775;08;4;21;000;2019;02;08;6;3;6;4;0;0;1;1;0;0;0;571992,148401571440000;5359862,047998437700000;9,972416106000026;48,387811005000060;0
173777;08;1;11;000;2019;02;14;1;2;6;2;0;0;1;1;0;0;0;512877,309599526230000;5401683,106861883800000;9,175245390000043;48,768020987000057;0
173779;08;1;16;019;2019;02;14;7;3;6;4;0;0;1;1;0;0;0;522008,656172268090000;5398620,641702389300000;9,299347405000049;48,740215476000060;0
173784;08;3;35;079;2019;02;22;4;3;3;6;2;1;1;0;0;0;0;500838,596027998250000;5299586,426214357800000;9,011209374000032;47,849620301000073;0
173785;08;4;35;047;2019;02;12;7;3;0;7;0;1;0;0;0;0;0;513030,810372034090000;5294230,270483341100000;9,174019114000032;47,801297139000042;0
173786;08;3;37;076;2019;02;06;3;3;6;7;2;1;0;1;0;0;0;425801,574245550670000;5267241,964854145400000;8,013782216000038;47,554356421000080;0
173788;08;3;11;000;2019;02;14;6;3;5;3;0;1;1;0;0;0;0;410383,671633611430000;5316998,487019352600000;7,798627232000058;48,000000039000042;0
173792;08;3;11;000;2019;02;13;1;3;5;3;0;1;0;0;0;0;0;408968,116102848200000;5315242,382810842200000;7,780027526000026;47,984003599000062;0
173793;08;4;16;025;2019;02;15;2;3;6;4;0;0;1;1;0;0;0;504061,583206059410000;5361448,573694422800000;9,054880276000063;48,406180642000038;0
173795;08;3;16;056;2019;02;11;5;3;6;4;0;0;1;1;0;0;0;423485,792697397990000;5328575,670388566300000;7,972168431000057;48,105846927000073;0
173797;08;3;11;000;2019;02;18;4;3;5;3;2;1;1;0;0;0;0;412250,247047816400000;5316551,594009557700000;7,823735919000058;47,996239050000042;0
173798;08;3;11;000;2019;02;21;7;2;0;1;2;1;0;0;0;0;0;413923,050719696100000;5316428,651651760600000;7,846179350000057;47,995360540000036;0
173799;08;3;11;000;2019;02;08;3;3;1;5;0;1;1;0;0;0;0;411927,320232691240000;5315801,957399651400000;7,819561936000071;47,989451451000036;0
173800;08;3;36;091;2019;02;17;6;2;1;5;0;1;1;0;0;0;0;396210,405753193420000;5271954,238190667700000;7,619454432000055;47,592688793000036;0
173801;08;2;15;106;2019;02;11;6;3;3;6;0;1;0;0;0;0;1;466949,391111998820000;5454186,017918309200000;8,545951914000057;49,239557653000077;0
173803;08;2;16;043;2019;02;10;5;3;8;1;0;1;0;0;0;0;0;441338,028256244960000;5413180,031553160400000;8,200072613000032;48,868804655000076;0
173804;08;2;21;000;2019;02;13;1;3;0;7;0;1;0;0;0;0;0;477304,378002118320000;5474891,863657491300000;8,687027048000061;49,426277448000064;0
173805;08;2;12;000;2019;02;11;4;3;0;7;0;1;1;0;0;0;0;461842,604337246160000;5427679,122754011300000;8,478304825000066;49,000829685000042;0
173808;08;2;36;040;2019;02;10;7;2;6;6;0;1;0;1;0;0;0;488889,916665391070000;5422210,230622621300000;8,848247222000055;48,952713028000062;0
173809;08;2;21;000;2019;02;07;3;3;1;7;0;1;1;0;0;0;0;476585,142636903560000;5473381,003805028300000;8,677198096000041;49,412660273000029;0
173810;08;1;11;000;2019;02;09;6;3;6;2;0;0;1;1;0;0;0;513138,337182527410000;5404232,872664440400000;9,178879143000074;48,790953016000060;0
173811;08;2;35;085;2019;02;15;6;2;0;7;0;0;1;1;0;0;0;481291,320488786320000;5395814,060756718700000;8,745663582000077;48,715075453000054;0
173812;08;1;19;085;2019;02;06;6;3;5;2;0;1;1;0;0;0;0;529229,478000000120000;5413654,841000000000000;9,398628712000061;48,875161664000075;0
173816;08;4;37;104;2019;02;11;5;3;6;4;0;0;1;1;0;0;0;516502,738000000830000;5325967,605000000400000;9,221601553000028;48,086764903000073;0
173817;08;1;25;030;2019;02;18;4;3;2;7;1;1;0;0;0;0;1;515840,490000000220000;5438408,221999999100000;9,216997699000046;49,098319163000042;0
173819;08;1;17;019;2019;02;15;7;3;5;3;0;1;1;0;0;0;0;552162,388623711650000;5393379,022505447300000;9,708792802000062;48,691270021000037;0
173820;08;1;15;003;2019;02;12;3;3;0;7;0;0;0;1;0;0;1;500355,673999999650000;5392693,804000001400000;9,004832571000065;48,687285959000064;0
173822;08;4;26;070;2019;02;16;5;3;5;3;0;1;1;0;0;0;0;566176,505759943280000;5339345,900464234900000;9,890657102000034;48,203892422000081;0
173824;08;1;35;019;2019;02;15;3;3;0;1;0;1;0;0;0;0;0;590690,269171105700000;5400575,557872235800000;10,233799884000064;48,751585771000066;0
173825;08;4;15;061;2019;02;18;5;3;0;7;1;1;0;0;0;0;0;512916,857794784010000;5371626,765990212600000;9,174846816000070;48,497628806000080;0
173831;08;1;15;003;2019;02;07;4;2;0;1;0;1;0;0;0;0;0;500411,901194946840000;5390298,170159831600000;9,005594148000057;48,665734506000035;0
173833;08;4;15;019;2019;02;13;6;3;5;3;0;1;1;0;0;0;0;518923,963960814290000;5370448,191969314600000;9,256106858000067;48,486873741000068;0
173836;08;4;26;021;2019;02;16;1;3;0;1;0;1;0;0;0;0;0;558812,801064040510000;5327237,900638686500000;9,789887392000026;48,095692771000074;0
173839;08;3;17;011;2019;02;13;7;3;0;1;0;1;0;0;0;0;0;427353,670867040750000;5353951,186528714400000;8,019769808000035;48,334566020000068;2
173841;08;1;11;000;2019;02;20;5;3;6;2;2;0;1;1;0;0;0;512301,924041806720000;5401264,855710886400000;9,167402583000069;48,764270063000026;0
173843;08;4;35;016;2019;02;11;3;3;1;5;0;1;1;0;0;0;0;535133,659188888970000;5278069,722616976100000;9,467879138000058;47,655068663000065;0
173844;08;3;36;050;2019;02;15;6;3;5;5;0;1;1;0;0;0;0;399172,156730031590000;5272841,795864135000000;7,658634466000024;47,601140002000079;0
173845;08;3;16;043;2019;02;07;6;3;5;3;1;1;1;0;0;0;0;411556,717732862570000;5331175,580573495500000;7,811416611000027;48,127688534000072;0
173852;08;3;11;000;2019;02;13;7;3;5;3;0;1;1;0;0;0;0;415117,740000001150000;5315873,609000003000000;7,862300068000025;47,990527420000035;0
173854;08;3;15;109;2019;02;14;6;2;0;1;0;1;0;0;0;0;0;422849,443545625550000;5315048,859593985600000;7,966060041000048;47,984087756000065;0
173855;08;1;28;007;2019;02;11;6;3;0;3;0;1;1;0;0;0;0;555829,607559910980000;5482858,569088658300000;9,770983931000046;49,495791518000033;0
173857;08;3;16;020;2019;02;17;6;3;6;4;0;0;0;1;0;0;1;407864,647363701840000;5338775,805570982400000;7,760164395000061;48,195527459000061;0
173859;08;3;11;000;2019;02;13;2;3;5;3;0;1;1;0;0;0;0;412073,627912860360000;5317189,277450759000000;7,821238223000023;48,001950927000053;0
173860;08;1;15;029;2019;02;11;6;3;5;3;0;1;1;0;0;0;0;497450,190274188300000;5398784,954586006700000;8,965317888000072;48,742077222000034;0
173861;08;2;22;000;2019;02;15;5;3;0;5;0;1;1;0;0;0;0;463010,987664332610000;5477723,535095416000000;8,489663395000036;49,451045723000050;0
173862;08;2;15;102;2019;02;18;1;2;4;2;2;1;1;0;0;0;0;455557,812209094870000;5435818,215169003200000;8,391490232000024;49,073620745000028;0
173863;08;2;15;007;2019;02;07;4;3;6;4;1;0;1;1;0;0;0;479975,840932278890000;5432515,343385621900000;8,725982833000046;49,045188400000029;0
173865;08;2;21;000;2019;02;17;3;3;1;5;1;1;1;0;0;0;0;477477,657403058370000;5472924,290658403200000;8,689528198000062;49,408585904000063;0
173866;08;3;25;014;2019;02;16;5;2;4;6;0;1;1;0;0;0;0;465420,995000001970000;5337582,835999999200000;8,534730126000056;48,190538913000069;0
173867;08;2;26;095;2019;02;18;6;3;3;2;2;1;1;0;0;0;0;473773,628608852620000;5462384,949308419600000;8,639163243000041;49,313637506000077;0
173869;08;2;21;000;2019;02;11;2;3;5;3;0;1;0;0;0;0;1;475472,879111190330000;5472635,223238706600000;8,661910553000041;49,405908290000070;0
173870;08;1;18;048;2019;02;19;5;3;0;1;2;1;0;0;0;0;0;515793,452411082570000;5415900,591836337000000;9,215478242000074;48,895851699000048;0
173872;08;1;18;048;2019;02;16;4;2;6;6;0;0;1;1;0;0;0;515501,953230175190000;5417766,941045058900000;9,211572056000023;48,912648188000048;0
173878;08;2;31;000;2019;03;14;2;2;6;2;0;0;1;1;0;0;0;477851,897991866800000;5415312,870366860200000;8,697854928000027;48,890370172000075;0
173882;08;2;21;000;2019;03;10;2;3;5;3;0;1;1;0;0;0;0;474373,165860379110000;5472363,003208400700000;8,646769626000037;49,403414406000081;0
173885;08;1;19;079;2019;03;01;2;3;1;7;2;1;1;0;0;0;0;523413,135665867480000;5411987,901721352700000;9,319212066000034;48,860413338000058;0
173888;08;1;16;033;2019;03;18;2;3;5;7;1;1;1;0;0;0;0;530396,465912431480000;5388103,890774758500000;9,412656390000052;48,645255385000041;0
173889;08;1;11;000;2019;03;18;2;2;6;2;2;0;1;1;0;0;0;519615,990208447910000;5401271,872898673600000;9,266930624000054;48,764145648000067;1
173890;08;1;11;000;2019;03;17;2;3;6;2;0;0;1;1;0;0;0;517558,449174806480000;5402433,018249411100000;9,238981835000061;48,774652641000046;1
173893;08;3;36;069;2019;03;11;1;3;3;6;0;1;1;0;0;0;0;409070,360484682950000;5268453,142853234000000;7,791192851000062;47,563124479000066;0
173894;08;3;35;061;2019;03;21;1;2;6;7;2;0;0;1;0;0;1;491540,430168781430000;5278657,695208331600000;8,887329691000048;47,661257755000065;0
173895;08;3;25;051;2019;03;15;1;3;6;6;0;0;1;1;0;0;0;451259,315511058080000;5348783,396402990400000;8,342902751000054;48,290372528000034;0
173896;08;3;16;037;2019;03;15;1;3;4;4;0;1;0;1;0;0;0;406713,017539178950000;5334026,054115420200000;7,745713681000041;48,152636459000064;0
173898;08;3;15;089;2019;03;19;1;2;6;6;2;1;0;1;0;0;0;406498,162504354490000;5309523,261277221100000;7,748177812000051;47,932203231000074;0
173899;08;2;26;101;2019;03;10;1;2;6;2;0;0;1;1;0;0;0;487196,110209100880000;5460363,174261242200000;8,823900507000076;49,295880484000065;0
173901;08;2;16;005;2019;03;09;1;3;5;3;0;1;1;0;0;0;0;445625,801790186200000;5418548,290664747400000;8,257821842000055;48,917483083000036;0
173902;08;2;15;107;2019;03;16;1;3;0;7;0;0;0;1;0;0;1;461248,150767717510000;5458742,229061106200000;8,467190756000036;49,280205580000029;0
173903;08;2;25;033;2019;03;11;1;2;0;1;0;1;0;0;0;0;0;509711,394140988590000;5458562,161303509000000;9,133522950000042;49,279737105000038;0
173904;08;1;19;061;2019;03;15;1;3;3;6;0;1;1;0;0;0;1;539949,779304601250000;5415827,166506985200000;9,545037443000069;48,894104494000032;0
173908;08;1;11;000;2019;03;07;3;3;6;4;1;0;1;1;0;0;0;509113,495413308960000;5397144,179488418600000;9,123923912000066;48,727255338000077;1
173912;08;4;21;000;2019;03;14;7;3;0;4;0;0;1;1;0;0;0;575681,595663753340000;5365067,880275523300000;10,023181458000067;48,434206069000027;0
173915;08;4;16;041;2019;03;19;7;3;6;3;2;1;0;1;0;0;0;504628,765409958550000;5373600,989670220800000;9,062678514000027;48,515505422000047;0
173917;08;3;25;049;2019;03;19;7;2;0;1;2;1;0;0;0;0;0;471691,601083330810000;5335104,111406931700000;8,619265842000061;48,168549066000026;0
173918;08;3;17;145;2019;03;21;7;3;6;4;2;0;1;1;0;0;0;442335,427517407570000;5349778,059583904200000;8,222470174000023;48,298570147000078;0
173921;08;3;17;057;2019;03;11;7;3;5;3;0;1;1;0;0;0;0;412380,301285528580000;5380567,284222103700000;7,812200869000037;48,572066898000060;0
173923;08;2;31;000;2019;03;06;7;3;4;2;0;1;1;0;0;0;0;477884,325604044830000;5414260,547170057900000;8,698354241000061;48,880904977000057;1
173931;08;1;19;090;2019;03;15;7;3;1;5;0;1;0;0;0;1;0;530328,741514542140000;5406569,028242327300000;9,413095386000066;48,811367530000041;0
173932;08;1;18;048;2019;03;17;7;3;5;4;0;0;1;1;0;0;0;512410,951085426840000;5414996,102129844900000;9,169301791000066;48,887792133000062;0
173933;08;1;17;024;2019;03;14;7;2;6;4;0;0;1;1;0;0;0;560920,347588146110000;5385810,963491730400000;9,826671767000050;48,622400133000042;0
173935;08;1;11;000;2019;03;14;7;3;0;7;0;1;0;0;0;0;0;513384,149665202010000;5404373,472334431500000;9,182230456000070;48,792212594000034;0
173936;08;4;36;078;2019;03;07;6;3;6;4;0;0;1;1;0;0;0;557753,298067005350000;5291942,721782673200000;9,770923993000054;47,778257820000078;1
173937;08;4;15;061;2019;03;15;6;3;5;2;0;1;1;0;0;0;0;515744,084227900950000;5370260,487277843100000;9,213065325000059;48,485272789000078;1
173938;08;3;37;126;2019;03;20;6;3;6;4;2;0;1;1;0;0;0;441465,147374106570000;5274653,232052890600000;8,220965253000031;47,622636787000033;1
173941;08;3;17;096;2019;03;14;6;3;5;3;0;1;0;0;0;1;0;420993,298769386490000;5370227,189252100900000;7,930898493000029;48,480205102000070;1
173942;08;3;16;056;2019;03;01;6;3;6;4;2;0;1;1;0;0;0;423752,600243628030000;5328872,653237251600000;7,975698831000045;48,108550456000046;0
173945;08;3;11;000;2019;03;11;6;3;0;1;0;1;0;0;0;0;0;411619,346743246540000;5315020,773902081000000;7,815595876000032;47,982381995000026;1
173949;08;2;31;000;2019;03;05;6;3;6;2;2;0;1;1;0;0;0;477047,931299605410000;5415185,337003981700000;8,686894522000046;48,889193668000075;1
173951;08;2;22;000;2019;03;09;6;3;5;3;0;1;1;0;0;0;0;461687,799916345630000;5483397,015733273700000;8,470858705000069;49,501993779000031;0
173955;08;2;21;000;2019;03;01;6;3;0;7;2;1;0;0;0;0;0;478355,485718552020000;5473012,081905076300000;8,701624150000043;49,409407431000034;0
173956;08;1;36;065;2019;03;13;6;2;6;7;0;0;1;1;0;0;0;556769,028248673300000;5404077,230483284200000;9,772856999000055;48,787100539000051;1
173957;08;1;26;066;2019;03;12;6;3;6;4;0;0;1;1;0;0;0;536870,314746402200000;5449751,318485582200000;9,506113531000040;49,199449726000068;0
173959;08;1;16;033;2019;03;11;6;3;5;3;0;1;1;0;0;0;0;533068,488391650840000;5388365,042943161000000;9,448950975000059;48,647469017000049;0
173961;08;1;11;000;2019;03;12;3;3;6;2;0;0;0;1;0;0;1;516535,288913975470000;5409221,937656434300000;9,225329521000049;48,835752792000051;0
173964;08;4;16;041;2019;02;13;5;3;6;4;0;0;1;1;0;0;0;504575,619146782900000;5376590,204892195800000;9,061991671000044;48,542397839000046;0
173966;08;3;37;060;2019;02;12;5;2;5;3;0;1;1;0;0;0;0;470458,304958099500000;5278396,834912940900000;8,606565625000030;47,658291371000075;0
173972;08;3;17;001;2019;02;12;5;3;5;3;0;1;1;0;0;0;0;431851,642307886850000;5386455,376440463600000;8,075152898000056;48,627450938000038;0
173974;08;3;15;006;2019;02;10;5;2;6;7;0;0;1;1;0;0;0;403306,747230703940000;5306960,230998056000000;7,706036698000048;47,908675111000036;0
173979;08;2;35;006;2019;02;14;5;2;6;4;0;0;1;1;0;0;0;471112,007210101930000;5381434,088373370500000;8,608286289000034;48,585325325000042;0
173983;08;2;21;000;2019;02;06;5;3;5;3;0;1;1;0;0;0;0;476990,638690128920000;5472025,982157392400000;8,682866768000054;49,400487538000050;0
173985;08;2;15;046;2019;02;15;5;3;0;7;0;1;0;0;0;0;0;450568,991792981510000;5414474,854264535000000;8,325781570000061;48,881256344000064;0
173986;08;2;11;000;2019;02;06;5;2;6;2;1;0;1;1;0;0;0;440864,209999999960000;5404660,180999999900000;8,194841122000071;48,792123669000034;0
173989;08;1;25;063;2019;02;11;5;3;0;1;0;1;0;0;0;0;0;527074,612174505370000;5463158,480030151100000;9,372559541000044;49,320558334000054;0
173990;08;1;18;010;2019;02;11;5;3;0;7;0;1;0;0;0;0;0;506646,585341693830000;5431778,851710595200000;9,090942460000065;49,038852721000069;0
173991;08;1;17;018;2019;02;06;5;3;0;4;2;0;0;1;1;0;0;538338,038930347190000;5395902,509210821200000;9,521188726000048;48,714973090000058;0
173992;08;1;15;051;2019;02;15;5;3;0;7;0;1;1;0;0;0;0;504337,574517419560000;5385918,306174768100000;9,058863953000071;48,626317591000031;0
173993;08;1;11;000;2019;02;09;5;3;2;2;0;1;1;0;0;0;0;517902,714581882580000;5402587,007177470300000;9,243674170000077;48,776028097000051;0
173994;08;1;11;000;2019;02;14;5;2;0;7;0;1;0;0;0;0;0;513157,629382235930000;5403680,077064612900000;9,179124105000028;48,785979712000028;0
173995;08;4;36;064;2019;02;07;4;3;6;4;0;0;1;1;0;0;0;546208,541556750420000;5292661,843516884400000;9,616904916000067;47,785659333000069;0
173997;08;4;16;041;2019;02;17;4;3;3;2;0;1;1;0;0;0;0;504291,250805580060000;5373937,344910003200000;9,058111663000034;48,518533796000042;0
173998;08;4;16;018;2019;02;15;4;3;5;3;0;1;0;0;0;0;1;492133,216111569670000;5362161,522267151600000;8,893690401000072;48,412558693000051;0
173999;08;4;15;061;2019;02;15;4;3;5;7;0;1;1;0;0;0;0;516086,879754666240000;5371443,611607033800000;9,217749924000032;48,495907910000028;0
174001;08;3;27;050;2019;02;13;4;3;5;3;0;1;1;0;0;0;0;486192,984228408900000;5314614,296231221400000;8,814962938000065;47,984682335000059;0
174005;08;2;37;040;2019;02;10;4;3;0;7;0;0;1;1;0;0;0;477922,606999999840000;5364930,997000005100000;8,701508035000074;48,437136321000025;0
174008;08;2;26;084;2019;02;13;4;3;3;7;0;1;0;0;0;0;0;469814,302810892460000;5469675,883123660500000;8,584137716000043;49,379035355000042;0
174011;08;2;22;000;2019;02;17;4;3;0;7;0;0;0;1;0;0;1;464502,095379824750000;5486429,564704073600000;8,509453491000045;49,529441221000070;0
174013;08;2;21;000;2019;02;11;4;3;4;7;0;1;1;0;0;0;0;477291,796412496830000;5472572,102431593500000;8,686986273000059;49,405411118000075;0
174014;08;4;21;000;2019;03;07;2;2;6;4;0;0;1;1;0;0;0;573048,304188139740000;5360931,149893757000000;9,986865649000038;48,397306379000042;0
174016;08;2;15;007;2019;02;08;4;3;5;3;0;1;1;0;0;0;0;478312,461136810480000;5432094,885145971600000;8,703243411000074;49,041349909000076;0
174017;08;2;12;000;2019;02;08;4;3;5;3;0;1;1;0;0;0;0;458650,829442994670000;5428886,205707099300000;8,434545479000065;49,011482044000047;0