OBJECTID;ULAND;UREGBEZ;UKREIS;UGEMEINDE;UJAHR;UMONAT;USTUNDE;UWOCHENTAG;UKATEGORIE;UART;UTYP1;ULICHTVERH;IstRad;IstPKW;IstFuss;IstKrad;IstGkfz;IstSonstige;LINREFX;LINREFY;XGCSWGS84;YGCSWGS84;STRZUSTAND
174019;08;1;18;048;2019;02;20;4;2;6;4;2;0;1;1;0;0;0;513802,865299004130000;5415780,356241233600000;9,188315734000071;48,894817638000063;0
174020;08;1;36;065;2019;02;08;4;3;5;3;0;1;1;0;0;0;0;558717,136693033390000;5405104,070910951100000;9,799522765000063;48,796156161000056;0
174022;08;1;35;019;2019;02;16;4;3;0;7;0;1;0;0;0;0;0;583641,949317264370000;5392714,128122344600000;10,136337407000042;48,681864458000064;0
174025;08;1;21;000;2019;02;07;4;3;0;1;0;1;1;0;0;0;0;516178,586560363880000;5441601,363961411600000;9,221757213000046;49,127033866000033;0
174027;08;1;18;079;2019;02;17;4;3;0;7;0;1;0;0;0;0;0;508624,959696982060000;5420976,273494353500000;9,117782398000031;48,941652404000081;0
174033;08;1;11;000;2019;02;05;4;3;5;2;2;1;1;0;0;0;0;512222,561448269520000;5406949,839115502300000;9,166491748000055;48,815413215000035;0
174036;08;4;21;000;2019;02;07;3;3;4;2;0;1;1;0;0;0;0;571882,674516418020000;5365260,141477620200000;9,971862615000021;48,436380664000069;0
174037;08;4;15;060;2019;02;19;3;3;8;1;2;1;0;0;0;0;0;515068,131504963150000;5378745,476671483400000;9,204224342000032;48,561622929000066;0
174038;08;3;36;050;2019;02;17;3;3;5;2;0;1;1;0;0;0;0;399630,699162683450000;5273863,497585266800000;7,664499027000034;47,610401740000043;0
174040;08;3;17;065;2019;02;07;3;3;5;3;0;1;1;0;0;0;0;413788,963352107440000;5354932,316218284900000;7,836574055000028;48,341685919000042;0
174042;08;3;16;017;2019;02;14;3;2;5;3;0;1;1;0;0;0;0;408785,786214217540000;5341449,655892873200000;7,771981976000063;48,219711188000076;0
174043;08;3;15;076;2019;02;10;3;3;0;7;0;1;0;0;0;0;0;392379,169392391110000;5296016,917729567700000;7,562571413000057;47,808504084000049;0
174044;08;3;11;000;2019;02;15;3;3;1;7;0;1;1;0;0;0;0;414424,862828161570000;5317489,963309332700000;7,852692815000069;48,004974804000028;0
174046;08;3;11;000;2019;02;14;3;3;5;3;0;1;0;0;0;0;1;414657,651993780400000;5315430,577517507600000;7,856222723000030;47,986480934000042;0
174047;08;2;12;000;2019;02;12;3;3;0;3;0;1;0;0;0;0;1;454810,401600478220000;5428810,646410679400000;8,382038675000047;49,010533078000037;0
174048;08;2;15;017;2019;02;07;3;2;5;3;0;1;1;0;0;0;0;459712,495902212340000;5419770,336840886600000;8,449965939000038;48,929552784000066;0
174049;08;2;26;098;2019;02;13;3;3;3;2;0;1;1;0;0;0;0;477543,997596569360000;5459966,842685809400000;8,691173140000046;49,292036929000062;0
174050;08;2;26;031;2019;02;13;3;3;4;2;0;1;1;0;0;0;0;473866,773867752400000;5493092,836573803800000;8,638418781000041;49,589850689000059;0
174056;08;2;21;000;2019;02;18;3;3;1;7;1;1;1;0;0;0;0;476676,247565354220000;5472666,944018300600000;8,678496012000039;49,406240923000041;0
174057;08;2;21;000;2019;02;10;3;2;3;2;0;1;0;0;0;1;0;476790,743000000720000;5472201,041999999400000;8,680101464000074;49,402054585000030;0
174058;08;2;16;015;2019;02;08;3;3;6;6;0;0;1;1;0;0;0;453041,920436391610000;5407355,577687395700000;8,360325328000045;48,817408655000065;0
174060;08;2;15;046;2019;02;15;3;3;8;1;0;1;0;0;0;0;0;450969,483486507090000;5414488,985306872100000;8,331242024000062;48,881415264000054;0
174063;08;1;28;007;2019;02;10;3;2;5;2;0;1;1;0;0;0;0;556079,354859761890000;5482800,083421051500000;9,774424208000028;49,495242462000078;0
174064;08;1;25;102;2019;02;10;3;3;1;1;0;1;0;0;0;0;1;521915,126754659230000;5444649,062081638700000;9,300551769000037;49,154270945000064;0
174065;08;1;25;069;2019;02;12;3;3;5;3;0;0;1;1;0;0;0;524593,844356326390000;5453585,539976000800000;9,337835001000030;49,234554496000044;0
174066;08;1;21;000;2019;02;13;3;3;0;7;0;1;0;0;0;0;0;516132,991000867450000;5442949,851209159900000;9,221186208000063;49,139165167000044;0
174067;08;1;19;041;2019;02;17;3;3;4;6;0;1;1;0;0;0;0;527389,076999999580000;5408633,506000001000000;9,373194204000072;48,830075495000074;0
174068;08;1;19;067;2019;02;11;3;3;0;7;0;1;1;0;0;0;0;537940,276563915420000;5405709,853262124600000;9,516685617000064;48,803220648000035;0
174070;08;1;11;000;2019;03;19;3;3;6;2;2;0;1;1;0;0;0;515319,335366397160000;5396378,410836407900000;9,208281059000058;48,720244839000031;1
174071;08;1;16;080;2019;02;15;3;3;5;3;0;1;1;0;0;0;0;519015,342206845060000;5394693,585638135700000;9,258453693000035;48,704986404000067;0
174073;08;1;11;000;2019;02;16;3;3;6;4;1;0;1;1;0;0;0;509593,631481613960000;5398547,117731411000000;9,130485367000063;48,739868979000050;0
174075;08;4;21;000;2019;02;09;2;3;5;3;0;1;1;0;0;0;0;571865,516000000760000;5360695,634000001500000;9,970848549000039;48,395323786000063;0
174076;08;4;21;000;2019;02;08;2;3;5;2;0;1;0;0;0;0;1;572215,607986264860000;5361939,212764877800000;9,975791260000051;48,406470088000049;0
174077;08;4;21;000;2019;02;09;2;3;5;2;0;1;1;0;0;0;0;571374,758600083180000;5360579,855874184500000;9,964200089000030;48,394338075000064;0
174079;08;4;16;041;2019;02;17;2;3;6;6;0;0;1;1;0;0;0;503079,505878472700000;5374541,803660485900000;9,041706811000040;48,523978841000030;0
174080;08;4;16;041;2019;02;15;2;3;4;2;0;1;1;0;0;0;0;504323,442522007970000;5374697,122675042600000;9,058555477000027;48,525368811000078;0
174083;08;4;15;014;2019;02;13;2;3;5;3;0;1;1;0;0;0;0;525422,873387111350000;5375099,942072043200000;9,344341596000049;48,528492645000028;0
174087;08;3;17;057;2019;02;18;2;3;0;3;1;1;1;0;0;0;0;414162,672463521360000;5378440,416320478500000;7,836796777000075;48,553183591000050;0
174088;08;3;17;057;2019;02;16;2;3;5;3;0;1;1;0;0;0;0;414162,206809910010000;5379579,963043648700000;7,836555425000029;48,563433126000064;0
174089;08;3;17;096;2019;02;15;2;3;5;3;0;1;1;0;0;0;0;423331,789330560710000;5369030,932101734000000;7,962756338000077;48,469734366000068;0
174091;08;3;15;115;2019;02;05;2;3;5;2;2;1;1;0;0;0;0;408180,154255382720000;5321839,727466963200000;7,768057157000044;48,043234652000081;0
174092;08;3;11;000;2019;02;15;2;2;6;4;0;0;1;1;0;0;0;414558,098510635090000;5315979,206173041800000;7,854779569000073;47,991402779000055;0
174093;08;3;11;000;2019;02;11;2;3;5;2;0;1;0;0;0;0;0;413415,416347876190000;5316632,651351444400000;7,839335033000054;47,997127045000070;0
174094;08;2;12;000;2019;02;16;2;3;2;6;0;1;0;0;0;0;1;461515,965891797100000;5427332,887022811900000;8,473871964000068;48,997694934000037;0
174095;08;2;12;000;2019;02;13;2;3;5;2;0;1;1;0;0;0;0;456710,584258994090000;5427790,393726443900000;8,408130697000047;49,001492008000071;0
174105;08;1;35;016;2019;02;14;2;2;0;1;0;1;0;0;0;0;0;591513,313040364530000;5386291,787182167200000;10,241831012000034;48,622997327000064;0
174109;08;1;16;033;2019;03;07;3;3;0;7;0;1;0;0;0;0;0;533385,869113706980000;5387708,297780111400000;9,453206784000031;48,641544134000071;0
174110;08;1;11;000;2019;02;10;2;3;5;3;0;1;1;0;0;0;0;512745,939000001180000;5402373,600000003400000;9,173478994000050;48,774235322000038;0
174111;08;4;21;000;2019;02;13;1;3;0;4;0;0;0;1;0;0;1;573056,302269092760000;5361343,132061211400000;9,987045380000041;48,401011324000081;0
174114;08;2;26;095;2019;02;14;1;3;5;3;0;1;1;0;0;0;0;474726,815335046500000;5461232,115150902400000;8,652350420000062;49,303308001000062;0
174116;08;2;15;102;2019;02;15;1;2;0;1;0;1;0;0;0;0;0;456465,065000001340000;5438840,685000000500000;8,403586234000045;49,100872656000035;0
174117;08;1;36;038;2019;02;23;1;2;6;7;2;0;0;1;0;0;1;590994,518000001090000;5414206,943000000000000;10,240960522000023;48,874139373000048;0
174119;08;1;19;068;2019;02;15;1;3;0;1;0;1;0;0;0;0;0;526033,293230743150000;5412859,910475712300000;9,354989797000030;48,868153199000062;0
174120;08;1;18;080;2019;02;11;1;3;6;2;0;0;1;1;0;0;0;508569,461973559110000;5408518,648595728000000;9,116763327000058;48,829587158000038;0
174121;08;1;16;019;2019;02;18;1;3;0;7;2;1;0;0;0;0;0;522997,678000001240000;5397920,100999999800000;9,312760134000030;48,733877757000073;0
174123;08;1;15;021;2019;02;17;1;3;5;3;0;1;1;0;0;0;0;489602,991674324500000;5382511,727947261200000;8,858990789000075;48,595599953000033;0
174124;08;1;11;000;2019;02;13;1;3;5;3;0;1;1;0;0;0;0;516631,451878266410000;5405840,501391651100000;9,226502837000055;48,805331406000050;0
174127;08;4;26;108;2019;02;00;7;2;8;1;2;1;0;0;0;0;0;570904,132000000220000;5338903,540000001000000;9,954202563000024;48,199402607000081;0
174130;08;4;16;048;2019;02;17;7;3;6;6;0;0;1;1;0;0;0;493471,051553491500000;5378599,335008177900000;8,911512636000055;48,560455305000062;0
174131;08;4;15;061;2019;02;13;7;3;0;2;0;1;1;0;0;0;0;515927,425467126070000;5370428,361645707900000;9,215552871000057;48,486778428000036;0
174133;08;3;35;075;2019;02;20;7;3;0;1;2;1;0;0;0;0;0;491681,003634037450000;5288699,997355198500000;8,889010288000065;47,751616525000031;0
174136;08;3;15;064;2019;02;14;7;2;6;4;0;0;1;1;0;0;0;422006,934278487230000;5312980,070894189200000;7,955146573000036;47,965375316000063;0
174138;08;2;12;000;2019;02;12;7;3;6;4;0;0;1;1;0;0;0;463176,438945171420000;5428353,578783480500000;8,496479352000051;49,006977606000078;0
174141;08;1;19;079;2019;03;15;3;3;8;1;0;1;0;0;0;0;0;524227,913580758500000;5408844,925983095500000;9,330134562000069;48,832108757000071;1
174142;08;4;17;031;2019;03;15;3;3;6;4;0;0;1;1;0;0;0;497537,353600857780000;5355740,281427687000000;8,966758071000072;48,354833769000038;1
174143;08;3;11;000;2019;03;20;5;3;4;2;2;1;1;0;0;0;0;413341,195797475990000;5317073,089940568400000;7,838251364000030;48,001078882000058;1
174144;08;3;11;000;2019;03;08;5;3;1;5;0;1;0;0;0;1;0;414542,995413975790000;5316825,350379793000000;7,854408685000067;47,999012162000042;0
174145;08;3;11;000;2019;03;13;5;3;2;6;0;1;1;0;0;0;0;413504,471801072360000;5315065,897389445500000;7,840844256000025;47,983045585000070;1
174149;08;2;21;000;2019;03;17;5;3;5;3;0;1;1;0;0;0;0;477025,517374834050000;5472459,222022436600000;8,683322427000064;49,404385782000077;1
174154;08;1;28;007;2019;03;17;5;3;6;4;1;0;0;1;0;0;1;556091,206887776960000;5482821,606557857200000;9,774590917000069;49,495434946000046;1
174155;08;1;25;024;2019;03;00;5;3;6;2;2;0;1;1;0;0;0;522339,339857105170000;5444254,679213793900000;9,306347615000050;49,150708084000030;1
174156;08;1;25;013;2019;03;18;5;3;6;2;2;0;1;1;0;0;0;504901,715487212870000;5436304,724044740200000;9,067122954000070;49,079581629000074;1
174157;08;1;21;000;2019;03;08;5;3;3;2;0;1;1;0;0;0;0;516554,636642703790000;5442113,220282973700000;9,226932641000076;49,131628174000070;1
174159;08;1;27;101;2019;03;11;3;3;5;3;0;1;1;0;0;0;0;586718,023814346640000;5442713,440919723400000;10,188739298000030;49,131130646000031;0
174161;08;1;16;056;2019;03;12;5;3;6;2;0;0;1;1;0;0;0;530693,101349822250000;5395771,026445765000000;9,417252627000039;48,714213522000080;1
174163;08;1;11;000;2019;03;18;5;2;6;4;2;0;1;1;0;0;0;512017,428832318630000;5406395,153241738700000;9,163681266000026;48,810427333000064;1
174164;08;1;11;000;2019;03;16;5;3;5;3;0;1;1;0;0;0;0;513303,920295671560000;5404646,173057716300000;9,181146939000030;48,794667503000028;1
174165;08;1;11;000;2019;03;23;5;2;6;4;2;0;1;1;0;0;0;512556,579835338520000;5402904,427863741300000;9,170917938000059;48,779014461000031;1
174167;08;4;15;014;2019;03;08;4;3;4;3;0;1;1;0;0;0;0;525457,527561562140000;5375189,467166252400000;9,344816430000037;48,529296625000029;0
174170;08;3;15;113;2019;03;11;4;3;6;4;0;0;1;1;0;0;0;441129,899489864710000;5306668,642462877600000;8,212166075000027;47,910639694000054;0
174171;08;3;11;000;2019;03;20;4;2;5;3;2;1;0;1;0;0;0;411968,063315102830000;5315903,469935158300000;7,820087079000075;47,990370196000072;1
174175;08;2;26;098;2019;03;10;4;3;5;3;0;1;1;0;0;0;0;477539,086694947440000;5459984,002061242200000;8,691104639000059;49,292191098000046;0
174176;08;2;26;096;2019;03;08;4;3;5;2;0;1;1;0;0;0;0;474843,513493082490000;5487542,283183317600000;8,652287493000074;49,539967294000064;0
174177;08;2;26;082;2019;03;11;4;3;5;1;0;1;1;0;0;0;0;476963,940010584890000;5480432,892795544100000;8,682010244000026;49,476104940000027;1
174180;08;2;26;107;2019;03;15;4;3;1;3;0;1;0;0;0;0;1;475160,259705343280000;5484727,597702892500000;8,656842721000032;49,514663313000028;0
174181;08;2;15;106;2019;03;06;4;3;3;2;1;1;1;0;0;0;0;464975,636446365160000;5451858,105458786700000;8,519040824000058;49,218508468000039;0
174182;08;2;12;000;2019;03;18;4;3;0;7;2;1;0;0;0;0;1;453213,169490884060000;5430430,359296757700000;8,360011390000068;49,024983401000043;1
174186;08;2;36;040;2019;03;15;3;3;5;3;0;1;1;0;0;0;0;488886,990656468090000;5422206,624634960700000;8,848207354000067;48,952680537000049;1
174187;08;1;25;005;2019;03;17;4;3;6;4;0;0;1;1;0;0;0;515843,797423507090000;5452467,358745563800000;9,217596375000028;49,224785212000029;0
174190;08;1;16;033;2019;03;23;4;3;5;2;2;1;0;0;1;0;0;533728,070169829760000;5389333,120652597400000;9,457984291000059;48,656142474000035;1
174191;08;1;16;078;2019;03;21;4;3;6;4;2;0;1;1;0;0;0;510637,769010996450000;5393298,223481545200000;9,144551550000074;48,692632798000034;1
174192;08;1;16;070;2019;03;10;4;2;0;1;0;1;0;0;0;0;1;540320,073050142270000;5385567,847483683400000;9,547124958000040;48,621880285000032;0
174193;08;1;15;045;2019;03;12;4;3;6;7;0;0;0;1;0;1;0;500532,906000001360000;5394249,504999997100000;9,007242644000030;48,701281068000071;0
174196;08;4;26;108;2019;03;18;3;2;5;3;0;1;1;0;0;0;0;575243,979614432900000;5340912,912124346900000;10,012953906000064;48,216978267000059;0
174197;08;4;26;021;2019;03;07;3;3;6;4;0;0;1;1;0;0;0;558934,120652804150000;5326819,374592188700000;9,791458833000036;48,091916425000079;0
174199;08;4;15;061;2019;03;12;3;3;2;5;0;1;1;0;0;0;0;515928,227717862460000;5370966,865009957900000;9,215584263000039;48,491622974000052;0
174202;08;3;16;056;2019;03;16;3;2;0;1;0;1;0;0;0;0;0;422904,569542382840000;5327570,347864387600000;7,964543703000061;48,096733401000051;0
174204;08;3;11;000;2019;03;09;3;2;5;2;0;1;1;0;0;0;0;417116,699915463100000;5315341,928564902400000;7,889190038000038;47,986006896000049;0
174207;08;2;12;000;2019;03;14;3;3;6;4;0;0;1;1;0;0;0;458302,412527261300000;5429205,975299131100000;8,429748232000065;49,014334973000075;0
174209;08;2;31;000;2019;03;17;3;3;6;4;0;0;1;1;0;0;0;475424,543433029200000;5415229,548879880500000;8,664746459000071;48,889529128000049;0
174211;08;2;22;000;2019;03;16;3;3;5;5;0;1;1;0;0;0;0;460165,408717252310000;5484288,929575922000000;8,449743539000053;49,509917941000026;0
174213;08;2;22;000;2019;03;12;3;3;0;2;0;1;1;0;0;0;0;462005,827364251020000;5479260,494630528600000;8,475648350000029;49,464807918000076;0
174217;08;2;16;009;2019;03;13;3;3;5;3;0;1;1;0;0;0;0;447178,696841038760000;5420845,331572637000000;8,278718682000033;48,938279447000070;0
174218;08;1;36;050;2019;03;07;3;3;1;5;0;1;0;0;0;0;1;582543,039271039890000;5405066,181634338600000;10,123885105000056;48,793108801000074;0
174219;08;1;35;019;2019;03;18;3;3;0;1;2;1;0;0;0;0;0;584936,354482589290000;5392509,834557510900000;10,153877184000066;48,679852199000038;0
174220;08;1;28;058;2019;03;16;3;3;5;3;0;1;1;0;0;0;0;558977,810077801350000;5482522,757915087000000;9,814404696000054;49,492473365000080;0
174223;08;1;15;003;2019;03;18;3;2;6;4;0;0;1;1;0;0;0;501144,862000000660000;5392525,599999999600000;9,015554866000059;48,685771829000032;0
174227;08;1;11;000;2019;03;09;3;3;6;4;0;0;1;1;0;0;0;514048,273628341970000;5408801,920505162300000;9,191424311000048;48,832035647000055;0
174228;08;4;36;012;2019;03;17;2;3;0;3;0;1;1;0;0;0;0;549569,635716748420000;5298852,203418297700000;9,662482075000071;47,841103332000046;1
174229;08;4;36;064;2019;03;15;2;3;6;6;0;1;0;1;0;0;0;545364,538697878830000;5293156,835625736000000;9,605689494000046;47,790172789000053;1
174230;08;1;18;048;2019;03;13;3;3;3;2;0;1;1;0;0;0;0;513583,910765572450000;5414807,162951499200000;9,185296149000067;48,886067883000067;0
174235;08;4;16;041;2019;03;16;2;3;6;4;0;0;0;1;1;0;0;505526,324892679230000;5373058,525443317400000;9,074825249000071;48,510617953000065;0
174236;08;4;16;041;2019;03;17;2;3;0;7;0;1;0;0;0;0;1;504320,016146320850000;5373426,044046817300000;9,058495904000040;48,513933746000077;0
174237;08;3;37;116;2019;03;06;2;3;0;7;2;1;0;0;0;0;0;417673,626588975080000;5275273,997746154700000;7,904260558000033;47,625634371000046;1
174241;08;3;35;043;2019;03;09;2;3;0;7;0;1;0;0;0;0;1;512782,734444119040000;5279144,656095907100000;9,170263187000046;47,665568284000074;1
174242;08;3;27;050;2019;03;16;2;3;6;4;0;0;1;1;0;0;0;488275,201919273470000;5313550,321848899100000;8,842897059000052;47,975151122000057;1
174247;08;2;22;000;2019;03;16;2;3;0;7;0;1;0;0;0;0;0;461503,504067262630000;5484463,636553460700000;8,468209476000027;49,511575761000074;1
174249;08;2;21;000;2019;03;18;2;3;1;5;1;1;1;0;0;0;0;476818,390908701350000;5469719,249748544800000;8,680627288000039;49,379732253000043;0
174251;08;2;16;043;2019;03;15;2;3;0;3;0;1;1;0;0;0;0;442071,743405230340000;5412646,295517053500000;8,210152277000077;48,864072688000078;0
174253;08;2;15;100;2019;03;15;2;3;5;3;0;1;1;0;0;0;0;474344,974000001330000;5450101,580000000100000;8,647811039000033;49,203172367000036;0
174254;08;2;12;000;2019;03;12;2;3;0;7;0;1;0;0;0;0;0;455356,576203897600000;5428139,246870350100000;8,389580918000036;49,004533533000028;0
174258;08;1;19;020;2019;03;17;2;2;5;3;0;1;1;0;0;0;0;520016,620217336340000;5406806,574493682000000;9,272651876000055;48,813922212000080;0
174259;08;1;18;048;2019;03;06;2;3;5;3;2;1;1;0;0;0;0;512529,923350692730000;5417218,579199094300000;9,170992902000023;48,907782557000075;0
174260;08;1;16;049;2019;03;07;2;3;5;3;0;1;1;0;0;0;0;525681,880513976330000;5385565,628482772000000;9,348496164000039;48,622632629000066;0
174262;08;1;16;080;2019;03;15;2;3;6;4;0;0;1;1;0;0;0;519930,175611257550000;5396531,979984089700000;9,270976629000074;48,721495973000060;0
174269;08;3;15;006;2019;03;15;1;3;5;1;0;1;1;0;0;0;0;402827,104170843030000;5307875,189238818400000;7,699413507000031;47,916832667000051;0
174270;08;3;15;130;2019;03;17;1;3;5;3;0;1;1;0;0;0;0;409997,268824980590000;5301564,695669520600000;7,796673831000021;47,861114102000045;0
174272;08;4;15;061;2019;03;15;3;3;6;4;0;0;1;1;0;0;0;516157,284228207540000;5371193,621448123800000;9,218693230000042;48,493657106000057;0
174273;08;2;37;019;2019;03;19;1;3;4;2;2;1;1;0;0;0;0;462180,221411915500000;5369053,287131330000000;8,488301440000043;48,473472037000079;1
174276;08;2;36;043;2019;03;22;1;3;6;7;2;0;0;1;0;0;1;470233,719773753550000;5410759,785232510400000;8,594261192000033;48,849093341000071;1
174281;08;3;37;126;2019;03;16;7;3;4;1;0;1;1;0;0;0;0;441072,158670229840000;5275121,411027178200000;8,215672497000071;47,626813327000036;0
174282;08;3;36;091;2019;03;18;7;3;3;6;0;1;1;0;0;0;0;397461,473892978390000;5271877,832277145200000;7,636108344000036;47,592200547000061;0
174283;08;3;35;079;2019;03;19;7;2;6;4;2;0;1;1;0;0;0;500777,807000000030000;5299769,824000001000000;9,010397147000049;47,851270485000043;1
174284;08;3;35;043;2019;03;07;7;3;0;1;0;1;0;0;0;0;0;512992,472383677030000;5278329,538837444000000;9,173032600000056;47,658229941000059;1
174285;08;3;35;075;2019;03;15;7;2;5;3;0;1;1;0;0;0;0;490272,096129616720000;5288874,517839534200000;8,870209182000053;47,753167066000060;0
174286;08;3;35;043;2019;03;13;7;2;0;1;0;1;0;0;0;0;0;512165,100034100930000;5280616,217229351400000;9,162077460000035;47,678820814000062;0
174287;08;3;16;011;2019;03;12;7;3;3;2;0;1;1;0;0;0;0;414262,820039803160000;5330231,953594557900000;7,847965836000071;48,119570760000045;0
174288;08;3;11;000;2019;03;13;7;3;0;7;0;1;1;0;0;0;0;413162,866873870600000;5317809,349884431800000;7,835712143000023;48,007677576000049;0
174289;08;3;11;000;2019;03;18;7;3;7;1;1;1;1;0;0;0;0;414361,902814305390000;5316053,809615647400000;7,852135522000026;47,992047622000030;0
174290;08;2;12;000;2019;03;16;7;3;6;4;0;0;1;1;0;0;0;455576,609989308750000;5430763,864732600700000;8,392301980000070;49,028158069000028;0
174293;08;2;26;018;2019;03;14;7;3;8;7;0;1;0;0;0;0;0;473423,031484326350000;5472086,835351387000000;8,633692096000061;49,400889582000048;1
174294;08;2;15;109;2019;03;10;7;3;2;6;0;1;0;0;0;0;1;461394,822058925410000;5434845,846184151200000;8,471500481000021;49,065267825000035;1
174295;08;1;15;045;2019;03;20;7;2;6;4;2;0;1;1;0;0;0;499980,204813301560000;5394668,717769660100000;8,999730947000046;48,705052568000042;0
174296;08;1;36;019;2019;03;17;7;3;8;7;0;1;0;0;0;0;0;588525,583119880410000;5423578,974415883400000;10,209331001000066;48,958786442000076;0
174302;08;4;26;070;2019;03;12;6;3;0;3;0;1;1;0;0;0;0;565153,506734311580000;5341010,490495359500000;9,877146153000069;48,218972574000077;0
174303;08;4;16;048;2019;03;08;6;3;5;3;0;1;1;0;0;0;0;497535,298149346370000;5378234,625429008200000;8,966597840000077;48,557203421000054;1
174307;08;3;35;043;2019;03;13;6;3;6;4;0;1;0;1;0;0;0;511134,915936525910000;5281519,668455066200000;9,148375261000069;47,686968324000077;0
174309;08;3;25;049;2019;03;08;6;3;5;3;0;1;1;0;0;0;0;472215,843339500950000;5335803,795002454900000;8,626270750000060;48,174867064000068;1
174314;08;2;12;000;2019;03;19;6;3;2;2;2;1;1;0;0;0;0;456388,220394238830000;5428409,757904036000000;8,403656944000034;49,007040572000051;0
174315;08;1;18;080;2019;03;19;6;2;6;7;2;0;1;1;0;0;0;509023,749428427780000;5408650,617689218400000;9,122956118000047;48,830767899000080;0
174316;08;1;36;009;2019;03;13;6;3;6;7;0;0;0;1;0;0;1;567922,984842785630000;5407274,818248786000000;9,925217562000057;48,814743917000044;0
174317;08;1;35;019;2019;03;18;6;2;0;4;0;0;1;1;0;0;0;584197,092315917830000;5392572,490195032200000;10,143849020000062;48,680515889000048;0
174320;08;1;28;007;2019;03;14;6;3;6;7;0;0;0;1;0;0;1;556007,074677612630000;5482336,069537147900000;9,773360396000044;49,491075787000057;1
174322;08;1;19;020;2019;03;09;6;3;8;1;0;1;0;0;0;0;0;521812,440221025610000;5406870,648271117400000;9,297116309000046;48,814438156000051;1
174323;08;1;19;020;2019;03;17;6;3;6;4;0;0;1;1;0;0;0;519868,043139814400000;5407461,790511643500000;9,270659820000049;48,819821176000062;0
174329;08;1;11;000;2019;03;08;6;2;6;6;0;1;0;1;0;0;0;512956,316839463080000;5408706,722536807900000;9,176542179000023;48,831203007000056;1
174330;08;1;11;000;2019;03;08;6;3;5;3;0;1;1;0;0;0;0;516173,277225387280000;5405376,254298916100000;9,220244743000023;48,801167197000041;0
174331;08;4;36;064;2019;03;19;5;3;4;2;2;1;1;0;0;0;0;546259,219544691960000;5292734,133896684300000;9,617589154000029;47,786306091000029;0
174333;08;4;25;033;2019;03;18;5;3;6;4;2;0;1;1;0;0;0;552827,612513532860000;5348729,327186884400000;9,712184130000026;48,289558131000035;0
174336;08;3;36;050;2019;03;04;5;3;3;2;2;1;0;0;0;0;1;400897,388000000270000;5275785,462999999500000;7,680913926000073;47,627885544000037;0
174338;08;3;16;009;2019;03;17;5;3;4;2;0;1;1;0;0;0;0;416447,316000000570000;5325146,128000000500000;7,878308239000035;48,074112658000047;0
174339;08;3;11;000;2019;03;15;5;3;5;3;0;1;1;0;0;0;0;414615,648400841280000;5317764,183432439300000;7,855195560000027;48,007467034000058;0
174340;08;3;11;000;2019;03;14;5;3;5;3;0;1;1;0;0;0;0;410643,264946000650000;5315500,750086430500000;7,802418301000046;47,986563890000070;0
174341;08;2;22;000;2019;03;15;5;3;1;5;0;1;1;0;0;0;0;461553,806738669050000;5486719,835361676300000;8,468684486000029;49,531872137000050;0
174342;08;2;22;000;2019;03;08;5;3;6;7;0;0;1;1;0;0;0;466533,972169699150000;5484685,738776197700000;8,537678964000065;49,513871996000034;0
174343;08;2;22;000;2019;03;11;5;3;6;4;0;0;0;1;0;1;0;468072,337009501640000;5479231,839411018400000;8,559370761000025;49,464899408000065;1
174344;08;2;21;000;2019;03;20;5;3;5;2;1;1;1;0;0;0;0;477653,704953611830000;5473732,916354479300000;8,691909468000063;49,415865854000060;0
174345;08;2;21;000;2019;03;12;5;3;5;2;0;1;1;0;0;0;0;475363,750693017620000;5474069,653007028600000;8,660317300000031;49,418806309000047;1
174349;08;1;36;044;2019;03;16;5;3;6;4;0;0;1;1;0;0;0;558276,441591858860000;5407871,861182853600000;9,793915599000059;48,821094044000063;0
174350;08;1;28;064;2019;03;08;5;2;0;1;0;1;0;0;0;0;0;541303,838559923690000;5503245,854993971100000;9,572543466000070;49,680322724000064;0
174352;08;1;21;000;2019;03;22;5;3;6;4;2;0;1;1;0;0;0;513949,705626076090000;5442902,386135941400000;9,191251518000058;49,138791663000063;1
174358;08;1;18;019;2019;03;06;5;3;0;7;2;1;1;0;0;0;0;505784,334791032600000;5405969,001281684300000;9,078778634000059;48,806682993000038;0
174361;08;1;11;000;2019;03;14;5;3;6;7;0;0;1;1;0;0;0;510240,452238757160000;5402718,343379626100000;9,139386693000063;48,777382896000063;1
174362;08;4;36;081;2019;03;15;4;3;6;4;0;0;1;1;0;0;0;561990,139000000430000;5281214,412999998800000;9,825946331000068;47,681344945000035;0
174363;08;4;15;061;2019;03;12;4;2;3;2;0;1;1;0;0;0;0;516149,977523621170000;5373270,614959977600000;9,218674695000061;48,512342614000033;0
174364;08;3;35;079;2019;03;11;4;3;6;2;0;0;1;1;0;0;0;500453,591809722590000;5299562,387029411300000;9,006063061000077;47,849404397000058;0
174365;08;3;35;100;2019;03;13;4;2;5;2;0;1;1;0;0;0;0;488355,189208283090000;5286224,705592565200000;8,844704598000021;47,729293445000053;0