OBJECTID;ULAND;UREGBEZ;UKREIS;UGEMEINDE;UJAHR;UMONAT;USTUNDE;UWOCHENTAG;UKATEGORIE;UART;UTYP1;ULICHTVERH;IstRad;IstPKW;IstFuss;IstKrad;IstGkfz;IstSonstige;LINREFX;LINREFY;XGCSWGS84;YGCSWGS84;STRZUSTAND
174366;08;2;12;000;2019;03;12;4;1;5;3;0;1;1;0;0;0;0;452656,455935366450000;5428927,909615224200000;8,352572022000061;49,011426363000055;0
174368;08;2;22;000;2019;03;19;4;3;0;1;2;1;0;0;0;0;0;459948,820985518400000;5488378,818510171000000;8,446336546000055;49,546689646000061;0
174371;08;2;22;000;2019;03;12;4;3;6;4;0;0;0;1;0;1;0;461646,917999999600000;5480565,361999999700000;8,470568844000070;49,476521981000076;0
174375;08;1;36;065;2019;03;17;4;3;0;7;0;1;0;0;0;0;0;558655,453333846290000;5403694,957962578200000;9,798481785000035;48,783486912000058;0
174376;08;1;36;082;2019;03;15;4;3;1;5;0;1;1;0;0;0;0;589475,915882851000000;5414683,703763106800000;10,220359472000041;48,878648251000072;0
174378;08;1;25;038;2019;03;18;4;3;6;4;2;0;1;1;0;0;0;500210,497011969800000;5435382,553560273700000;9,002882018000037;49,071305726000048;0
174382;08;1;16;077;2019;03;16;4;2;8;1;0;1;0;0;0;0;0;517472,931000001730000;5390543,993000002600000;9,237314203000040;48,667701658000055;0
174383;08;1;15;003;2019;03;08;4;2;3;2;0;1;1;0;0;0;0;498001,083354766480000;5391542,034553056600000;8,972846130000050;48,676921410000034;0
174387;08;1;11;000;2019;03;14;4;3;1;5;0;1;1;0;0;0;0;508579,865265138450000;5406788,865888603000000;9,116868893000060;48,814026102000071;0
174388;08;1;11;000;2019;03;09;4;3;6;4;0;0;1;1;0;0;0;509443,990740855220000;5402916,730605686100000;9,128550339000071;48,779180177000057;0
174389;08;4;26;073;2019;03;20;3;3;0;1;2;1;0;0;0;0;0;567456,832813346760000;5336843,156302265800000;9,907488905000037;48,181243572000028;0
174390;08;4;21;000;2019;03;18;3;3;6;2;2;0;1;1;0;0;0;572086,036582823840000;5361917,359003691000000;9,974036976000036;48,406288341000050;1
174391;08;2;21;000;2019;03;13;3;3;6;7;0;0;1;1;0;0;0;477915,995165135710000;5472969,412017772000000;8,695568109000021;49,409007830000064;1
174393;08;1;19;079;2019;03;14;6;2;3;6;0;1;1;0;0;0;0;522542,650605170990000;5407597,768262753300000;9,307102615000076;48,820953098000075;0
174394;08;1;19;075;2019;03;16;6;3;6;4;0;0;1;1;0;0;0;536303,703051816670000;5428117,270519767000000;9,496391329000062;49,004882750000036;0
174396;08;1;18;048;2019;03;15;6;3;1;6;0;1;1;0;0;0;0;513509,842029908670000;5415698,609073281300000;9,184315267000045;48,894088721000060;0
174397;08;1;18;048;2019;03;14;6;3;1;7;0;1;1;0;0;0;0;513953,587127147240000;5415691,578131273400000;9,190369023000073;48,894015638000042;0
174400;08;1;16;019;2019;03;07;6;3;5;3;0;1;1;0;0;0;0;524340,118817044420000;5399073,139143317900000;9,331084650000037;48,744199347000063;0
174402;08;1;15;045;2019;03;07;6;3;1;1;0;1;1;0;0;0;0;500728,930785573090000;5394152,522364202900000;9,009906616000023;48,700408406000065;0
174403;08;1;11;000;2019;03;16;6;3;2;6;0;1;1;0;0;0;0;508469,138615094130000;5406778,812433186900000;9,115360448000047;48,813937181000028;0
174404;08;1;11;000;2019;03;14;6;3;6;4;0;0;1;1;0;0;0;511709,165717370810000;5401212,409739423500000;9,159334965000028;48,763809695000077;1
174406;08;1;11;000;2019;03;12;6;3;0;1;0;1;0;0;0;0;0;511519,851875085380000;5402341,687084460600000;9,156790472000068;48,773972145000073;0
174407;08;4;36;082;2019;03;12;5;3;0;2;0;1;1;0;0;0;0;546588,662965459750000;5294007,333888940500000;9,622123868000074;47,797737303000076;0
174411;08;3;35;043;2019;03;09;5;3;2;6;0;1;0;0;0;0;0;513283,913758170790000;5279701,479193341000000;9,176955685000053;47,670568292000041;0
174414;08;3;17;096;2019;03;12;5;3;6;6;0;0;1;1;0;0;0;420789,869154650720000;5368329,530700929500000;7,928505711000071;48,463110311000037;0
174417;08;3;11;000;2019;03;22;5;3;0;3;2;1;0;0;1;0;0;413419,005090692080000;5317242,030976861700000;7,839260158000059;48,002609107000069;0
174418;08;3;11;000;2019;03;18;5;3;3;2;1;1;1;0;0;0;0;413877,418999999760000;5317725,464999999900000;7,845307478000052;48,007019694000064;0
174419;08;2;15;017;2019;03;19;5;3;5;3;1;1;1;0;0;0;0;455416,432440279980000;5421155,431343143800000;8,391164776000039;48,941717394000079;0
174420;08;2;12;000;2019;03;13;5;2;5;3;0;1;1;0;0;0;0;457433,752121621740000;5429501,544358424800000;8,417838157000062;49,016934336000077;0
174421;08;2;31;000;2019;03;14;5;2;6;2;0;0;0;1;0;0;1;477943,044611499640000;5415451,995630081700000;8,699090824000052;48,891624947000025;0
174422;08;2;26;098;2019;03;13;5;3;5;3;0;1;1;0;0;0;0;478334,864608695730000;5460330,868223071100000;8,702029669000069;49,295339907000027;0
174423;08;2;26;085;2019;03;09;5;3;6;7;0;0;1;1;0;0;0;493383,464999999850000;5454101,645999999700000;8,909102233000056;49,239655220000031;0
174424;08;2;22;000;2019;03;15;5;3;5;3;0;1;0;0;1;0;0;463402,545386322770000;5478030,592904016400000;8,495037116000049;49,453831283000056;1
174426;08;2;26;032;2019;03;08;5;2;6;4;0;0;0;1;0;1;0;466469,269714958970000;5463955,256610848000000;8,538536970000052;49,327404682000065;0
174427;08;2;21;000;2019;03;16;5;3;6;4;0;0;1;1;0;0;0;478718,648742776360000;5469478,654502714100000;8,706819612000061;49,377637477000064;0
174428;08;2;26;105;2019;03;14;5;2;6;4;0;0;0;1;0;0;1;471023,051999999210000;5477454,100999999800000;8,600222159000055;49,449057176000053;0
174430;08;2;15;009;2019;03;14;5;3;5;3;0;1;1;0;0;0;0;470766,050665797670000;5442328,061790030400000;8,599245967000059;49,133088284000053;0
174431;08;2;12;000;2019;03;15;5;3;5;3;0;1;1;0;0;0;0;454721,597641113210000;5427714,761106483600000;8,380946576000042;49,000668990000065;0
174432;08;1;36;046;2019;03;15;5;3;0;1;0;1;0;0;0;0;0;577763,030642809350000;5420017,618222476900000;10,061654373000067;48,928202570000053;0
174434;08;1;25;013;2019;03;23;5;3;6;4;2;0;1;1;0;0;0;504841,439213562760000;5436156,749639036100000;9,066295773000036;49,078251004000037;0
174436;08;1;19;067;2019;03;17;5;3;5;3;0;1;1;0;0;0;0;538511,155992639250000;5405693,087234133900000;9,524458168000024;48,803034719000038;0
174437;08;1;19;020;2019;03;13;5;3;5;2;0;1;1;0;0;0;0;520325,498409263790000;5406153,246374994500000;9,276826783000047;48,808034970000051;0
174438;08;1;18;048;2019;03;13;5;3;0;1;0;1;0;0;0;0;0;513443,473458095450000;5414987,990567861100000;9,183386423000059;48,887697625000044;0
174441;08;1;17;042;2019;03;11;5;3;5;3;0;1;1;0;0;0;0;554337,425552005880000;5392949,457272151500000;9,738288628000021;48,687220319000062;0
174443;08;1;15;021;2019;03;17;5;3;0;1;0;1;0;0;0;0;0;491195,220067736690000;5382217,175902569700000;8,880591545000073;48,592974511000079;0
174444;08;1;11;000;2019;03;07;5;3;5;3;0;1;1;0;0;0;0;507573,712959304450000;5397464,114737514400000;9,102992103000076;48,730154099000060;0
174445;08;4;36;069;2019;03;16;4;3;5;3;0;1;1;0;0;0;0;550629,968508665450000;5290983,773590413900000;9,675733248000029;47,770229481000058;0
174449;08;4;21;000;2019;03;07;4;3;5;3;0;1;1;0;0;0;0;571720,344132007100000;5360648,504057489300000;9,968879629000071;48,394916370000033;0
174454;08;3;36;081;2019;03;16;4;3;6;4;0;0;1;1;0;0;0;410952,899133514610000;5277828,539969790700000;7,814308842000060;47,647725448000074;0
174455;08;3;35;079;2019;03;07;4;3;5;3;0;1;1;0;0;0;0;501309,566975305790000;5299998,204064706300000;9,017506011000023;47,853324452000038;0
174456;08;4;35;036;2019;03;11;4;2;6;4;0;0;1;1;0;0;0;520490,295000000860000;5282434,009000003300000;9,273079608000046;47,694966257000033;0
174459;08;3;17;005;2019;03;20;4;3;0;7;2;1;0;0;0;0;0;424135,903496481480000;5377002,632744982800000;7,972184333000030;48,541536893000057;0
174460;08;3;11;000;2019;03;17;4;3;4;2;0;1;1;0;0;0;0;414147,386046670380000;5316073,428645305300000;7,849256886000035;47,992195337000055;0
174462;08;3;11;000;2019;03;07;4;3;5;3;0;1;1;0;0;0;0;411713,310199074450000;5316109,695233346900000;7,816630899000074;47,992190130000040;0
174463;08;2;12;000;2019;03;10;4;1;6;4;0;0;0;1;0;0;1;453525,070880102930000;5428911,549751656100000;8,364451524000060;49,011345240000026;0
174465;08;2;31;000;2019;03;08;4;3;6;2;0;0;1;1;0;0;0;476470,692956242710000;5415301,054718853900000;8,679013468000051;48,890212975000054;0
174466;08;2;26;096;2019;03;13;4;3;6;7;0;0;1;1;0;0;0;476220,614688571540000;5488689,090657061000000;8,671252216000028;49,550338015000079;0
174467;08;2;26;063;2019;03;05;4;3;5;3;2;1;1;0;0;0;0;470576,083437586200000;5471519,238997096200000;8,594495895000023;49,395653218000064;0
174470;08;2;22;000;2019;03;19;4;3;0;7;2;1;0;0;0;0;0;461332,948189299550000;5481805,172342419600000;8,466113728000039;49,487653502000057;0
174471;08;2;15;029;2019;03;17;4;3;6;4;0;1;0;1;0;0;0;467078,604626349170000;5447907,627817735100000;8,548241878000056;49,183090464000031;0
174472;08;2;15;017;2019;03;18;4;3;3;7;0;1;1;0;0;0;0;456864,069438248870000;5421540,609976142600000;8,410891880000065;48,945284813000058;0
174473;08;2;12;000;2019;03;23;4;3;1;5;2;1;1;0;0;0;0;450940,644501617180000;5428029,204486046000000;8,329218372000071;49,003208488000041;0
174476;08;1;19;079;2019;03;17;4;3;6;7;0;0;0;1;0;0;1;523070,358379416170000;5408879,894817905500000;9,314363698000022;48,832467416000043;0
174480;08;1;16;078;2019;03;06;4;3;6;3;0;1;0;1;0;0;0;510095,402573896570000;5393229,499583926100000;9,137179935000063;48,692023564000067;0
174483;08;1;11;000;2019;03;16;4;3;5;3;0;1;1;0;0;0;0;512732,875374342310000;5402012,922712029900000;9,173290025000028;48,770990961000052;0
174484;08;1;11;000;2019;03;11;4;3;1;5;0;1;1;0;0;0;0;511920,836045731790000;5401162,785613697000000;9,162213865000069;48,763359261000062;0
174486;08;4;26;045;2019;03;16;3;3;6;4;0;0;0;1;0;0;1;534350,054743351410000;5327565,831095339700000;9,461380991000056;48,100431694000065;0
174487;08;4;25;039;2019;03;15;3;2;6;4;0;0;1;1;0;0;0;566567,158018294720000;5353098,103679034900000;9,898079009000071;48,327561789000072;0
174488;08;4;21;000;2019;03;20;3;3;6;4;2;0;1;1;0;0;0;573061,577561366370000;5360931,309158276800000;9,987044969000067;48,397306274000073;0
174491;08;3;37;126;2019;03;10;3;2;6;4;0;0;1;1;0;0;0;445482,978407074700000;5275915,649709304800000;8,274276376000046;47,634345464000035;0
174493;08;3;35;063;2019;03;14;3;3;9;1;0;1;0;0;0;0;0;497618,007919352500000;5287316,960210189200000;8,968227676000026;47,739221795000049;0
174495;08;3;25;049;2019;03;17;3;3;5;3;0;1;1;0;0;0;0;473313,559698008000000;5334351,471267830600000;8,641127177000044;48,161847933000047;0
174497;08;3;17;096;2019;03;22;3;3;0;3;2;1;0;0;0;0;1;422896,318516694010000;5369327,351143540800000;7,956811213000037;48,472347400000046;0
174498;08;3;17;009;2019;03;17;3;3;5;3;0;1;1;0;0;0;0;425070,255011774600000;5362727,645841186900000;7,987399837000055;48,413245317000076;0
174500;08;3;16;056;2019;03;20;3;3;5;3;2;1;1;0;0;0;0;423232,360655071210000;5327836,495448356500000;7,968897596000033;48,099167133000037;0
174501;08;3;16;009;2019;03;11;3;3;1;7;0;1;1;0;0;0;0;417265,743201884440000;5324657,130639415200000;7,889388110000027;48,069820662000041;0
174502;08;3;11;000;2019;03;13;3;3;5;2;0;1;0;0;0;1;0;414804,909349327910000;5316554,985918181000000;7,857972721000067;47,996615083000052;0
174503;08;3;11;000;2019;03;18;3;3;0;1;2;1;0;0;0;0;0;414541,992433275100000;5315978,370438626000000;7,854563902000052;47,991393109000057;0
174506;08;2;31;000;2019;03;16;3;3;6;4;0;0;1;1;0;0;0;478642,171116092240000;5416229,165555361700000;8,708587804000047;48,898640599000032;0
174507;08;2;36;071;2019;03;17;3;3;6;7;0;0;1;1;0;0;0;468606,917198411190000;5421094,955686453700000;8,571292909000022;48,941983498000070;0
174511;08;2;26;036;2019;03;16;3;3;6;4;0;0;1;1;0;0;0;468878,358000000010000;5480159,579999998200000;8,570421250000038;49,473285930000031;0
174515;08;2;22;000;2019;03;15;3;3;3;5;0;1;1;0;0;0;0;461673,514292973090000;5481492,005319783500000;8,470846162000044;49,484858336000059;0
174516;08;2;16;015;2019;03;06;3;3;0;1;2;1;0;0;0;0;0;450240,385414686990000;5405481,601207155700000;8,322392012000023;48,800333625000064;2
174517;08;2;16;007;2019;03;07;3;3;5;3;0;1;1;0;0;0;0;438349,527272919190000;5394305,785570021700000;8,162156194000033;48,698741114000029;0
174518;08;2;12;000;2019;03;16;3;3;2;6;0;1;0;0;0;0;1;454627,590777452100000;5429687,499863825700000;8,379440882000040;49,018407017000072;0
174519;08;2;12;000;2019;03;14;3;3;5;3;0;1;1;0;0;0;0;455468,737086971290000;5428145,386712849100000;8,391113753000070;49,004596864000064;0
174528;08;1;19;091;2019;03;18;3;3;6;4;1;0;1;1;0;0;0;526839,821522832850000;5406719,171686079400000;9,365585130000056;48,812878676000025;0
174529;08;1;18;046;2019;03;18;3;3;4;2;0;1;1;0;0;0;0;513309,260378782640000;5412261,896261608200000;9,181466870000065;48,863177213000029;0
174530;08;1;17;026;2019;03;05;3;3;0;3;1;1;1;0;0;0;0;546155,384607199580000;5395586,101839795700000;9,627420610000058;48,711597141000027;0
174533;08;1;16;016;2019;03;16;3;3;0;7;0;1;0;0;0;0;0;533417,005041413010000;5384640,085080457900000;9,453382110000064;48,613941079000028;0
174540;08;4;16;041;2019;03;15;2;3;0;1;0;1;0;0;0;0;0;503109,393000002020000;5374771,940999997800000;9,042113299000050;48,526049092000051;1
174541;08;4;16;036;2019;03;09;2;3;0;7;0;1;0;0;0;1;0;496189,491680642590000;5369557,298637829700000;8,948438475000046;48,479132253000046;0
174542;08;3;35;043;2019;03;07;2;3;0;7;0;1;0;0;0;0;0;511708,282031610610000;5280917,082451464600000;9,155999299000030;47,681536332000064;1
174544;08;3;17;034;2019;03;12;2;3;5;3;0;1;1;0;0;0;0;427221,014015079480000;5361037,807585507600000;8,016753730000062;48,398296938000044;0
174545;08;3;16;011;2019;03;14;2;3;0;3;0;1;1;0;0;0;0;415050,376739802770000;5330144,587219812000000;7,858563308000043;48,118890462000081;1
174546;08;3;11;000;2019;03;16;2;3;0;7;0;0;0;1;1;0;0;410753,256000000050000;5318648,988000001800000;7,803237196000055;48,014898347000042;0
174548;08;2;15;025;2019;03;14;2;2;6;1;0;0;1;1;0;0;0;475248,322683522480000;5434503,662737960000000;8,661169458000074;49,062902346000044;0
174549;08;2;12;000;2019;03;15;2;3;4;2;0;1;1;0;0;0;0;455516,739768030120000;5429241,499717695600000;8,391649953000069;49,014459965000071;1
174550;08;2;31;000;2019;03;18;2;3;6;4;0;0;0;1;0;0;1;479113,511590248910000;5416166,987704088900000;8,715022001000023;48,898097340000049;1
174551;08;2;31;000;2019;03;15;2;3;0;1;0;1;0;0;0;0;0;481394,041426318700000;5417482,486552750700000;8,746077565000064;48,910003836000044;0
174552;08;2;21;000;2019;03;06;2;3;0;2;0;1;1;0;0;0;0;476566,400026548650000;5472652,564781930300000;8,676982703000022;49,406107364000036;0
174553;08;2;21;000;2019;03;16;2;3;6;4;0;0;1;1;0;0;0;474200,939245248210000;5472287,461547000300000;8,644400676000032;49,402727647000063;0
174554;08;2;16;043;2019;03;05;2;3;5;3;2;1;1;0;0;0;0;441261,994660700670000;5411803,469168026000000;8,199233482000068;48,856415346000063;0
174555;08;2;16;043;2019;03;15;2;3;5;3;0;1;1;0;0;0;0;440665,093552719800000;5413193,973375331600000;8,190895258000069;48,868866040000057;0
174556;08;2;15;009;2019;03;16;2;3;6;7;0;0;1;1;0;0;0;469928,320785915480000;5440279,979705020800000;8,587914925000064;49,114624967000054;0
174557;08;2;12;000;2019;03;17;2;3;5;3;0;1;1;0;0;0;0;459563,333772498180000;5431992,814958194300000;8,446713730000056;49,039486956000076;0
174559;08;2;12;000;2019;03;20;2;3;6;7;2;1;0;1;0;0;0;460709,235822472720000;5426560,367404023200000;8,462918099000035;48,990695125000059;0
174561;08;1;36;075;2019;03;14;2;3;6;7;0;0;1;1;0;0;0;599948,635431717150000;5421023,214512819400000;10,364708391000022;48,934060911000074;0
174563;08;1;19;079;2019;03;07;2;3;6;4;0;0;1;1;0;0;0;522907,237469526940000;5408133,888614935800000;9,312099317000047;48,825762569000062;0
174565;08;1;19;067;2019;03;19;2;3;5;3;2;1;1;0;0;0;0;538849,048898315990000;5406120,958509195600000;9,529099994000035;48,806862624000075;1
174566;08;1;18;046;2019;03;12;2;2;6;4;0;0;1;1;0;0;0;514564,647057603110000;5412049,241690434500000;9,198575935000065;48,861236011000074;0
174567;08;1;18;011;2019;03;15;2;3;6;7;0;0;1;1;0;0;0;504667,861323183400000;5407484,003230476800000;9,063590283000053;48,820321193000041;0
174570;08;1;16;033;2019;03;16;2;3;6;4;0;0;1;1;0;0;0;533825,795428768730000;5387829,983404537700000;9,459188437000023;48,642615153000065;0
174574;08;4;35;029;2019;03;11;1;3;0;7;0;1;0;0;0;0;0;544409,745733302090000;5271879,553939700100000;9,590775884000038;47,598803649000047;0
174576;08;4;15;061;2019;03;21;1;3;1;5;2;1;1;0;0;0;0;513821,508049535570000;5370551,101758914100000;9,187056794000057;48,487932487000080;1
174578;08;3;35;063;2019;03;01;1;2;9;1;2;1;0;0;0;0;0;497192,473636030220000;5287568,008577946600000;8,962550047000036;47,741478914000027;0
174580;08;3;17;065;2019;03;11;1;2;3;5;0;1;1;0;0;0;0;415141,244180644860000;5354085,125542625800000;7,854990070000042;48,334248669000033;0
174589;08;4;26;120;2019;03;16;7;3;5;3;0;1;1;0;0;0;0;561235,815994583070000;5323755,202316612000000;9,821927121000044;48,064133673000072;0
174594;08;3;37;126;2019;03;13;7;3;6;4;0;0;1;1;0;0;0;440931,634907685220000;5274661,735936714300000;8,213864325000031;47,622664861000032;0
174601;08;3;11;000;2019;03;16;7;3;0;1;0;1;0;0;0;0;0;412317,042999999600000;5314258,327000001400000;7,825099420000072;47,975619556000026;0
174603;08;2;31;000;2019;03;13;7;2;6;4;0;0;1;1;0;0;0;476537,958545257340000;5415515,559408359200000;8,679918772000065;48,892145134000032;0
174604;08;2;22;000;2019;03;05;7;3;5;3;2;1;1;0;0;0;0;463139,261926377190000;5485642,804741162800000;8,490694743000063;49,522283385000037;0
174605;08;2;11;000;2019;03;09;7;2;6;7;0;0;1;1;0;0;0;438839,507827461700000;5397989,723740566500000;8,168268298000044;48,731926789000056;1
174608;08;1;36;088;2019;03;15;7;3;5;3;0;1;1;0;0;0;0;580886,244556196970000;5412702,422360524500000;10,102837345000069;48,862008565000053;0
174610;08;1;19;093;2019;03;12;7;3;5;3;0;1;1;0;0;0;0;523973,550885767680000;5406646,821674205400000;9,326540141000066;48,812345036000067;0
174614;08;1;11;000;2019;03;11;7;3;4;1;0;1;1;0;0;0;0;507157,284652581440000;5396243,062110319700000;9,097308064000060;48,719174389000045;0
174617;08;4;17;079;2019;03;07;6;3;6;7;0;0;0;1;0;0;1;500207,351859366520000;5344449,995968684600000;9,002793383000039;48,253263124000057;1
174618;08;4;16;025;2019;03;12;6;3;0;7;0;1;0;0;0;0;0;504507,228407372720000;5361237,291183399000000;9,060899579000022;48,404276800000048;1
174621;08;3;35;043;2019;03;09;6;3;0;1;0;1;0;0;0;0;0;511894,223260822710000;5281138,732077637700000;9,158482781000032;47,683527264000077;1
174622;08;3;36;069;2019;03;12;6;3;6;4;0;0;1;1;0;0;0;404960,523620415480000;5267394,168159877900000;7,736799615000052;47,553009511000027;0
174626;08;2;36;040;2019;03;13;6;3;6;4;0;0;1;1;0;0;0;488687,381304540670000;5422172,439870880900000;8,845481849000066;48,952369402000045;0
174630;08;2;22;000;2019;03;10;6;2;6;4;0;0;0;1;0;0;1;460988,394789211450000;5482021,742460284400000;8,461335235000036;49,489579379000077;1
174631;08;2;21;000;2019;03;11;6;3;0;1;0;1;0;0;0;0;0;478450,191000000570000;5473087,392000000900000;8,702925584000070;49,410088196000061;1
174635;08;1;35;020;2019;03;19;6;2;6;4;2;0;1;1;0;0;0;586838,438062299970000;5385984,679381405900000;10,178343257000051;48,620901581000055;1
174636;08;1;27;043;2019;03;18;6;3;6;2;2;0;1;1;0;0;0;566894,632220356730000;5446817,830041637600000;9,917721881000034;49,170524352000029;1
174639;08;1;15;015;2019;03;11;6;3;6;7;0;0;1;1;0;0;0;492725,938287517990000;5387665,766892546800000;8,901255217000028;48,642010796000079;0
174641;08;1;15;050;2019;03;07;6;3;5;3;0;1;1;0;0;0;0;490555,252758907150000;5400104,883483892300000;8,871503916000052;48,753884901000049;1
174648;08;2;12;000;2019;03;18;6;3;1;5;0;1;1;0;0;0;0;456182,805999998930000;5432180,425999999000000;8,400440956000068;49,040943506000076;0
174649;08;2;21;000;2019;03;17;6;3;0;7;0;1;0;0;0;0;0;476561,071168474850000;5469329,129524668700000;8,677105247000043;49,376213321000080;0
174652;08;1;25;005;2019;03;17;6;2;5;3;0;1;1;0;0;0;0;515683,460007119920000;5451198,597651127700000;9,215344750000043;49,213376567000068;0
174654;08;1;21;000;2019;03;11;6;3;6;6;0;0;1;1;0;0;0;516224,704881697890000;5443351,873803257900000;9,222459797000056;49,142779077000057;0
174657;08;1;16;019;2019;03;14;6;3;7;7;0;1;0;0;0;0;0;525923,505525290970000;5397104,580607473900000;9,352498308000065;48,726426577000041;0
174658;08;1;15;003;2019;03;07;6;3;2;7;0;0;1;1;0;0;0;501368,539269856180000;5391703,235364973500000;9,018591173000061;48,678373292000060;0
174660;08;4;35;059;2019;03;10;5;3;6;4;0;0;1;1;0;0;0;511956,432095482950000;5290346,780259551500000;9,159564491000026;47,766376317000038;0
174661;08;4;26;070;2019;03;16;5;3;5;3;0;1;1;0;0;0;0;566127,867052363230000;5343134,022282702800000;9,890593505000027;48,237974496000049;0
174662;08;4;15;059;2019;03;07;5;2;0;1;0;1;0;0;0;0;0;517310,200416713950000;5368663,347723681500000;9,234193318000052;48,470863163000047;0
174663;08;4;15;061;2019;03;18;5;3;1;5;0;1;1;0;0;0;0;515145,789249602710000;5371351,898810200400000;9,205008205000070;48,495106222000061;0
174667;08;3;27;056;2019;03;06;5;3;6;7;0;0;1;1;0;0;0;483739,437951534060000;5320369,109150644400000;8,781863307000037;48,036401321000028;0
174668;08;2;37;004;2019;03;15;5;2;0;7;0;1;0;0;0;0;0;449323,096058567990000;5374671,688122931900000;8,313674965000075;48,523109028000079;0
174669;08;3;17;096;2019;03;16;5;2;8;7;0;1;0;0;0;0;0;422142,091057472860000;5369998,203847615000000;7,946483599000032;48,478288730000031;0
174670;08;3;17;065;2019;03;12;5;3;6;7;0;0;1;1;0;0;0;416346,313366556540000;5354633,817805483900000;7,871137952000026;48,339344800000049;0
174671;08;3;17;001;2019;03;16;5;3;0;7;0;1;0;0;0;0;0;431502,782773334530000;5386522,205912563900000;8,070408103000034;48,628013958000054;0
174672;08;3;17;089;2019;03;10;5;2;1;5;0;1;1;0;0;0;0;431695,729980183770000;5376116,799229791400000;8,074736294000047;48,534437421000064;0
174673;08;3;16;010;2019;03;20;5;2;6;4;2;0;1;1;0;0;0;430911,159346581440000;5335873,419865477800000;8,070716516000061;48,172344685000041;0
174674;08;3;16;020;2019;03;06;5;3;4;3;0;1;1;0;0;0;0;408492,812767801810000;5339054,267490670100000;7,768555350000042;48,198123012000053;0
174675;08;3;16;017;2019;03;08;5;2;5;3;0;1;1;0;0;0;0;408787,933649803510000;5341450,660194970700000;7,772010664000050;48,219720531000064;0
174676;08;3;15;070;2019;03;08;5;2;7;7;0;0;1;1;0;1;0;455400,620000001040000;5300766,162000004200000;8,403742501000068;47,858687170000053;0
174677;08;3;15;076;2019;03;19;5;3;3;6;0;1;1;0;0;0;0;392675,969243002120000;5296460,522122813400000;7,566424484000038;47,812543721000054;0
174678;08;3;36;091;2019;03;15;5;2;2;6;0;1;0;0;0;0;0;395695,191830504690000;5275215,975452929700000;7,611827201000040;47,621945978000042;0
174679;08;3;36;091;2019;03;13;5;2;0;1;0;1;0;0;0;0;0;392941,011000000870000;5275030,377999998600000;7,575229241000045;47,619827190000080;0
174680;08;3;11;000;2019;03;15;5;3;0;7;0;1;1;0;0;0;0;413657,170288208870000;5315431,319264931600000;7,842816709000033;47,986353322000070;0
174682;08;2;12;000;2019;03;15;5;3;1;5;0;1;1;0;0;0;0;455484,644494639710000;5428296,983958296500000;8,391314626000053;49,005961644000081;0
174684;08;2;15;007;2019;03;17;5;2;6;7;0;0;1;1;0;0;0;479443,344975857060000;5431189,824248785200000;8,718763309000053;49,033247232000065;0
174685;08;2;12;000;2019;03;22;5;2;6;4;2;0;0;1;0;0;1;454848,352118338460000;5428828,772042367600000;8,382555595000042;49,010698897000054;0
174687;08;2;26;096;2019;03;07;5;3;4;6;0;1;0;0;0;0;0;474626,229347066950000;5488037,651990924000000;8,649252362000027;49,544413874000043;0
174689;08;2;22;000;2019;03;09;5;3;5;2;0;1;1;0;0;0;0;463190,922665860500000;5482822,705253334700000;8,491671417000021;49,496921240000063;0
174692;08;1;35;019;2019;03;12;5;3;6;1;0;0;1;1;1;0;0;584873,448424044070000;5393254,273995894900000;10,153175641000075;48,686556458000041;0
174693;08;1;21;000;2019;03;12;5;3;5;3;0;1;1;0;0;0;0;515320,895056335260000;5441771,271568898100000;9,210007518000055;49,128584227000033;0
174695;08;1;18;011;2019;03;18;5;3;5;3;0;1;1;0;0;0;0;503245,381120210510000;5409186,228794004800000;9,044225314000073;48,835643276000042;0
174697;08;1;16;049;2019;03;15;5;3;6;7;0;0;1;1;0;0;0;528509,899118882600000;5386334,942734897100000;9,386923645000024;48,629430869000032;0
174703;08;4;36;064;2019;03;16;4;3;0;3;0;1;0;0;1;0;0;543292,695908815600000;5292345,414579093500000;9,577947615000028;47,783015009000053;0
174706;08;4;21;000;2019;03;17;4;3;4;2;0;0;1;1;0;0;0;572204,240762562490000;5360395,817567560800000;9,975372222000033;48,392588159000070;0
174707;08;4;21;000;2019;03;08;4;3;1;5;0;1;1;0;0;0;0;572636,360836238600000;5360924,820476075600000;9,981300146000024;48,397297041000058;0
174708;08;4;21;000;2019;03;11;4;2;0;1;0;1;0;0;0;0;0;573233,127997434700000;5362374,482574757200000;9,989614039000060;48,410268017000078;0
174713;08;3;36;050;2019;03;16;4;3;3;1;0;1;1;0;0;0;0;399223,167482295070000;5273850,786150543000000;7,659080915000061;47,610224147000054;0
174716;08;3;17;096;2019;03;09;4;3;0;7;0;1;0;0;0;0;0;425131,484690302050000;5368931,674953976600000;7,987118165000027;48,469058380000035;0
174717;08;3;16;009;2019;03;16;4;3;5;2;0;1;1;0;0;0;0;416445,533529623410000;5325147,902930637800000;7,878283967000073;48,074128391000045;0