OBJECTID;ULAND;UREGBEZ;UKREIS;UGEMEINDE;UJAHR;UMONAT;USTUNDE;UWOCHENTAG;UKATEGORIE;UART;UTYP1;ULICHTVERH;IstRad;IstPKW;IstFuss;IstKrad;IstGkfz;IstSonstige;LINREFX;LINREFY;XGCSWGS84;YGCSWGS84;STRZUSTAND
174719;08;3;11;000;2019;03;15;4;3;5;3;0;1;1;0;0;0;0;413277,591103882530000;5315852,671944785900000;7,837645484000063;47,990092182000069;0
174720;08;2;12;000;2019;03;07;4;2;7;1;0;1;0;0;0;0;0;461146,138000000270000;5424097,590000003600000;8,469125361000067;48,968569443000035;0
174721;08;2;12;000;2019;03;09;4;2;5;3;0;1;0;0;0;0;0;456639,732924153100000;5428602,076828086700000;8,407075366000072;49,008788227000082;0
174722;08;2;26;107;2019;03;17;4;3;0;7;0;0;1;1;0;0;0;474812,145250852220000;5482707,349299226000000;8,652162515000043;49,496477503000051;0
174723;08;2;22;000;2019;03;17;4;3;6;4;0;0;1;1;0;0;0;464671,709481144320000;5483985,531063713100000;8,512016092000067;49,507468327000026;0
174724;08;2;21;000;2019;03;16;4;3;6;5;0;0;1;1;0;0;0;474184,050101985220000;5471307,091299751800000;8,644231596000054;49,393908677000070;0
174726;08;2;21;000;2019;03;14;4;3;5;3;0;1;1;0;0;0;0;474049,214694698340000;5471747,870564134800000;8,642344685000069;49,397867676000033;0
174730;08;1;36;079;2019;03;13;4;3;5;3;0;1;1;0;0;0;0;561169,466704176740000;5401840,455474710100000;9,832425715000056;48,766563470000051;0
174732;08;1;21;000;2019;03;06;4;2;5;3;0;1;1;0;0;0;0;513933,472932516600000;5442903,264435870600000;9,191028999000025;49,138799932000040;0
174737;08;1;18;048;2019;03;15;4;3;6;4;0;0;1;1;0;0;0;512364,219295451420000;5417142,622338404900000;9,168729288000066;48,907102601000076;0
174738;08;1;17;003;2019;03;17;4;2;6;4;0;0;1;1;0;0;0;541324,871555951420000;5393784,104692995500000;9,561579363000021;48,695725856000081;0
174741;08;1;16;019;2019;03;10;4;2;4;2;0;1;1;0;0;0;0;521047,529834353370000;5397173,477806599800000;9,286201062000032;48,727230119000069;0
174742;08;1;16;019;2019;03;08;4;3;6;7;0;0;0;1;0;0;1;523300,026452529240000;5397875,739782329600000;9,316869391000068;48,733467455000039;0
174745;08;1;11;000;2019;03;21;4;3;6;3;2;0;1;1;0;0;0;518345,157738524490000;5402709,082668252300000;9,249701659000039;48,777113385000064;0
174746;08;1;11;000;2019;03;08;4;3;6;4;0;0;0;1;0;0;1;515224,718892596660000;5404730,220557276200000;9,207303590000038;48,795379515000036;0
174747;08;1;11;000;2019;03;15;4;3;6;7;0;0;0;1;0;0;1;513486,138327543620000;5403306,951911551900000;9,183584063000069;48,782616075000078;0
174749;08;1;11;000;2019;03;10;4;3;6;7;0;0;1;1;0;0;0;512107,554312004710000;5402617,871454501500000;9,164797470000053;48,776445522000074;0
174750;08;4;36;011;2019;03;13;3;3;3;6;0;1;1;0;0;0;0;548914,624985131440000;5297492,873481864100000;9,653575062000073;47,828923808000070;0
174753;08;4;17;079;2019;03;15;3;3;6;7;0;0;1;1;0;0;0;500502,739062516020000;5344401,909948850100000;9,006772694000063;48,252830339000070;0
174756;08;3;37;066;2019;03;18;3;3;0;7;0;1;0;0;0;0;0;429753,217892987650000;5268951,230100275900000;8,066025294000042;47,570173713000031;0
174757;08;3;37;126;2019;03;14;3;3;0;1;0;1;1;0;0;0;0;445507,469676573760000;5275718,646387921600000;8,274626904000058;47,632575079000048;0
174758;08;3;35;075;2019;03;15;3;3;5;2;0;1;1;0;0;0;0;488609,436000001620000;5288030,951000003100000;8,848047947000055;47,745549801000038;0
174763;08;3;16;011;2019;03;16;3;3;2;6;0;1;1;0;0;0;0;413837,117761073630000;5330647,764472764000000;7,842162904000077;48,123253569000042;0
174764;08;3;15;006;2019;03;11;3;3;5;3;0;1;1;0;0;0;0;403830,076000001280000;5307920,933000002100000;7,712823804000038;47,917395365000061;0
174765;08;3;11;000;2019;03;17;3;3;0;7;0;1;1;0;0;0;0;411449,744000001810000;5314570,974999999600000;7,813416240000038;47,978312469000059;0
174766;08;3;11;000;2019;03;16;3;2;1;5;0;1;1;0;0;0;0;413633,507116666990000;5316398,180458508400000;7,842305107000072;47,995047395000029;0
174768;08;2;12;000;2019;03;17;3;3;6;4;0;0;1;1;0;0;0;456887,782037762930000;5427610,476163884600000;8,410572376000062;48,999886026000070;0
174769;08;2;12;000;2019;03;17;3;2;6;7;0;0;0;1;0;0;1;451615,759999999780000;5427670,633000001300000;8,338491202000057;49,000036425000076;0
174771;08;2;22;000;2019;03;16;3;3;0;3;0;1;1;0;0;0;0;462069,420141950250000;5481918,093484263900000;8,476271106000070;49,488715650000074;0
174773;08;2;21;000;2019;03;17;3;3;3;6;0;1;1;0;0;0;0;475646,110000000340000;5472595,819000000100000;8,664300794000042;49,405560813000079;0
174781;08;1;18;050;2019;03;08;3;3;6;7;0;0;0;1;0;0;1;505943,174886616880000;5416927,976226508600000;9,081101019000073;48,905266606000055;0
174783;08;1;18;006;2019;03;16;3;3;6;4;0;0;1;1;0;0;0;517830,786956146360000;5421267,518846493200000;9,243508985000062;48,944075467000062;0
174784;08;1;18;048;2019;03;17;3;3;2;7;0;1;0;0;0;0;1;512628,291804024020000;5415730,798843236600000;9,172289299000056;48,894396887000028;0
174787;08;1;15;003;2019;03;19;3;2;5;3;2;1;1;0;0;0;0;500413,591917145070000;5390522,485739406200000;9,005617335000068;48,667752479000058;0
174788;08;1;11;000;2019;03;17;3;3;6;4;0;0;1;1;0;0;0;512974,769745849070000;5401223,805595681100000;9,176557220000063;48,763887116000035;0
174792;08;1;11;000;2019;03;21;3;3;6;4;2;0;1;1;0;0;0;513164,710666500960000;5403276,625375624700000;9,179207585000029;48,782350146000056;0
174795;08;4;25;039;2019;03;11;2;3;5;3;0;1;0;0;0;0;1;565672,211464582010000;5352303,659525718500000;9,885882734000063;48,320508918000030;0
174796;08;4;16;041;2019;03;08;2;3;0;7;0;1;0;0;0;0;0;505082,804999999700000;5373359,696000000500000;9,068823759000054;48,513331143000073;0
174797;08;4;16;041;2019;03;11;2;3;1;6;0;1;1;0;0;0;0;504319,891057871280000;5373548,765946246700000;9,058495481000023;48,515037799000027;0
174802;08;2;12;000;2019;03;20;2;3;5;2;2;1;0;0;0;0;0;455530,573992182500000;5428386,054596468800000;8,391932855000050;49,006766154000047;1
174804;08;2;26;098;2019;03;12;2;3;1;3;0;1;1;0;0;0;0;477767,651823499240000;5460050,736507624400000;8,694244238000067;49,292799736000063;0
174805;08;2;26;085;2019;03;10;2;3;5;3;0;1;0;0;0;0;1;492592,816791422670000;5454155,532074511100000;8,898239351000029;49,240130881000027;0
174806;08;2;26;063;2019;03;12;2;2;6;7;0;0;1;1;0;0;0;469442,927684391850000;5471554,124496914400000;8,578877123000041;49,395911181000031;0
174807;08;2;21;000;2019;03;14;2;3;5;3;0;1;0;0;0;0;1;476990,010000000710000;5472958,067000001700000;8,682804100000055;49,408871473000033;0
174809;08;3;17;122;2019;03;10;2;3;6;7;0;0;1;1;0;0;0;417748,563376310280000;5367326,617588864600000;7,887570305000054;48,453699005000033;0
174811;08;2;12;000;2019;03;16;2;3;5;2;0;1;1;0;0;0;0;459848,216929957270000;5425083,268983017700000;8,451294927000049;48,977352900000028;0
174813;08;1;28;020;2019;03;16;2;3;6;7;0;0;0;1;0;0;1;574767,497036336920000;5480389,483231073200000;10,032002519000059;49,471547724000061;1
174815;08;1;19;067;2019;03;14;2;3;6;3;0;0;1;1;0;0;0;538849,429875494910000;5406121,859792558500000;9,529105268000023;48,806870708000076;0
174816;08;1;19;020;2019;03;17;2;3;0;1;0;1;0;0;0;0;0;519396,691442545500000;5407270,067586517000000;9,264229663000037;48,818111371000043;1
174819;08;1;16;019;2019;03;08;2;3;5;3;0;1;1;0;0;0;0;523054,534711251040000;5398728,527426015600000;9,313578583000037;48,741148173000056;0
174822;08;1;11;000;2019;03;17;2;3;6;7;0;0;1;1;0;0;0;511883,579638189640000;5403414,464013088500000;9,161771962000046;48,783615928000074;0
174823;08;1;11;000;2019;03;12;2;2;1;7;0;0;1;1;0;0;0;514896,606146520930000;5403352,256142076100000;9,202785997000035;48,782991446000040;0
174824;08;1;11;000;2019;03;17;2;3;0;7;0;1;0;0;0;0;0;515470,547627080230000;5403591,751955354600000;9,210607965000065;48,785131915000079;0
174825;08;1;11;000;2019;03;16;2;3;0;3;0;1;1;0;0;0;0;511755,370695997960000;5400994,077245701100000;9,159957470000052;48,761844715000052;0
174826;08;4;16;022;2019;03;13;1;3;0;7;0;1;0;0;0;0;0;511316,049448546020000;5375185,373730130500000;9,153274369000030;48,529674152000041;0
174827;08;4;15;060;2019;03;08;1;2;5;3;0;1;1;0;0;0;0;512410,029943487610000;5379120,794795045600000;9,168209416000025;48,565057652000064;0
174828;08;4;15;061;2019;03;15;1;3;6;4;0;0;1;1;0;0;0;515771,332046466880000;5374038,364912979300000;9,213576808000028;48,519259159000057;0
174830;08;3;27;018;2019;03;00;1;3;6;7;2;0;1;1;0;0;0;473659,021668437870000;5307770,699747726300000;8,647408555000027;47,922716486000070;0
174831;08;3;27;018;2019;03;00;1;3;6;7;2;0;1;1;0;0;0;473660,170287124810000;5307774,242957858400000;8,647423713000023;47,922748412000033;0
174832;08;3;17;065;2019;03;12;1;3;6;4;0;1;0;1;0;0;0;417210,052098645830000;5354695,786061596100000;7,882779150000033;48,340015985000036;0
174834;08;2;31;000;2019;03;09;1;3;5;3;0;1;1;0;0;0;0;478827,240794282410000;5417104,645008765200000;8,711067518000050;48,906522463000044;0
174835;08;2;36;065;2019;03;12;1;3;5;3;0;1;1;0;0;0;0;489217,790580303410000;5415660,786796269900000;8,852898778000053;48,893801954000025;0
174839;08;1;27;014;2019;03;15;1;2;0;1;0;1;0;0;0;0;0;577121,289189505390000;5443927,094363210700000;10,057443459000069;49,143325496000045;0
174840;08;1;19;067;2019;03;14;1;3;0;1;0;1;0;0;0;0;0;538360,205342067410000;5405952,420470323400000;9,522426790000054;48,805376898000077;0
174842;08;1;11;000;2019;03;02;1;3;6;6;2;0;1;1;0;0;0;512959,762788780960000;5402265,206853503400000;9,176385819000075;48,773255808000044;0
174845;08;4;21;000;2019;03;11;7;3;0;1;0;1;0;0;0;0;0;572722,784689395690000;5360562,002439785700000;9,982404693000035;48,394023442000048;0
174846;08;4;21;000;2019;03;15;7;3;0;1;0;1;0;0;0;0;0;571947,876101701520000;5367213,163390254600000;9,973079583000072;48,453941016000044;0
174849;08;3;26;074;2019;03;13;7;3;0;7;0;1;0;0;0;0;0;455899,669308193030000;5314487,645368376700000;8,409009636000064;47,982171537000056;0
174850;08;3;17;096;2019;03;16;7;3;1;5;0;1;1;0;0;0;0;421545,467790280470000;5369464,648838754700000;7,938512098000047;48,473415288000069;0
174851;08;3;17;057;2019;03;21;7;2;0;1;2;1;0;0;0;0;0;412453,043867558240000;5382009,849860701700000;7,812882964000039;48,585051998000040;0
174853;08;3;15;050;2019;03;10;7;3;5;3;0;1;1;0;0;0;0;399412,294979008850000;5303306,002222774600000;7,654786834000049;47,875206789000060;0
174854;08;3;11;000;2019;03;05;7;2;5;3;2;1;0;0;1;0;0;413829,941710839050000;5317014,594873916400000;7,844813861000034;48,000618768000038;0
174857;08;2;31;000;2019;03;13;7;3;5;7;0;1;1;0;0;0;0;476670,545694347470000;5415469,644026329700000;8,681730187000028;48,891737102000036;0
174859;08;2;21;000;2019;03;00;7;3;5;3;2;1;1;0;0;0;0;476707,182621290910000;5472670,993471631800000;8,678922189000048;49,406278532000044;0
174861;08;2;16;017;2019;03;14;7;3;3;6;0;1;1;0;0;0;0;451261,248776978810000;5401432,784027131300000;8,336772829000040;48,763993961000040;0
174862;08;2;16;029;2019;03;16;7;3;5;3;0;1;1;0;0;0;0;454738,618293896320000;5402419,126251263500000;8,383980687000076;48,773129150000045;0
174863;08;2;15;106;2019;03;16;7;3;0;7;0;1;0;0;0;0;0;465683,248082984240000;5452608,237843953100000;8,528693329000021;49,225295932000051;0
174865;08;1;18;048;2019;03;13;7;3;5;3;0;1;1;0;0;0;0;514866,145148596730000;5415623,619930883900000;9,202816515000052;48,893383081000081;0
174869;08;1;19;079;2019;03;11;7;3;6;4;0;0;1;1;0;0;0;521641,975397340020000;5411353,767948037000000;9,295031088000030;48,854773171000033;0
174870;08;1;19;067;2019;03;09;7;3;2;1;0;1;1;0;0;0;0;538833,125000000930000;5405945,120999999300000;9,528866497000024;48,805281866000030;0
174872;08;1;16;033;2019;03;15;7;3;0;7;0;1;0;0;0;0;0;531760,331948635170000;5388562,847125738900000;9,431206629000030;48,649316297000041;0
174873;08;1;16;077;2019;03;14;7;3;0;1;0;1;0;0;0;0;0;516663,401722771120000;5391654,653281983000000;9,226364168000032;48,677715350000028;0
174874;08;1;16;080;2019;03;09;7;3;6;2;0;0;1;1;0;0;0;518543,535000001080000;5397406,191999999800000;9,252162961000067;48,729403144000059;0
174883;08;4;15;061;2019;03;18;6;2;6;4;2;0;1;1;0;0;0;513115,747483595270000;5371776,027078092100000;9,177543728000046;48,498967492000077;0
174884;08;3;37;116;2019;03;13;6;3;6;4;0;0;1;1;0;0;0;417603,482569144110000;5275372,115186728500000;7,903308673000026;47,626508127000079;0
174886;08;3;35;075;2019;03;09;6;3;0;1;0;1;0;0;0;0;0;487743,701857579870000;5289336,026550298600000;8,836462170000061;47,757276402000059;0
174887;08;3;17;146;2019;03;15;6;3;9;7;0;1;0;0;0;0;0;431104,108806660400000;5355454,822494702400000;8,070122039000069;48,348512008000057;0
174888;08;3;17;114;2019;03;17;6;2;8;7;0;1;0;0;0;0;0;405515,756605095230000;5346824,403214387600000;7,726769185000023;48,267576199000075;0
174889;08;3;16;011;2019;03;12;6;3;5;7;0;1;1;0;0;0;0;415154,528410791420000;5328714,973335461700000;7,860246918000030;48,106044649000069;0
174891;08;3;11;000;2019;03;10;6;3;0;1;0;1;0;0;0;0;0;413557,464734576640000;5315248,190239232000000;7,841517586000066;47,984692541000072;0
174897;08;2;26;095;2019;03;17;6;3;5;3;0;1;1;0;0;0;0;474033,819091369400000;5460696,215389926000000;8,642852822000066;49,298458529000072;0
174898;08;2;26;096;2019;03;13;6;3;5;3;0;1;1;0;0;0;0;475074,499002897180000;5488985,287527414000000;8,655388827000024;49,552956088000030;0
174899;08;2;26;038;2019;03;12;6;3;6;7;0;0;1;1;0;0;0;472431,696734146220000;5480004,676764834700000;8,619478334000064;49,472064374000070;0
174900;08;2;22;000;2019;03;16;6;2;3;2;0;1;0;0;0;0;0;465341,671089218000000;5484986,717530440500000;8,521181924000075;49,516512160000048;0
174903;08;2;12;000;2019;03;16;6;3;5;3;0;1;1;0;0;0;0;455057,337673312050000;5434045,113290697300000;8,384834978000072;49,057635375000075;0
174907;08;3;11;000;2019;04;12;5;3;0;7;0;1;0;0;0;0;1;413537,397295851260000;5315325,500300742700000;7,841233137000074;47,985385261000033;1
174908;08;3;11;000;2019;04;08;5;3;3;7;0;1;1;0;0;0;0;414754,967030717060000;5318488,534377256400000;7,856919108000056;48,014001442000051;1
174909;08;2;12;000;2019;04;17;5;3;5;3;0;1;1;0;0;0;0;453605,791687547230000;5430699,401048516900000;8,365350875000047;49,027433097000028;1
174910;08;2;12;000;2019;04;16;5;3;5;3;0;1;1;0;0;0;0;455048,958766123280000;5429891,472196627400000;8,385180991000027;49,020272610000063;1
174911;08;2;26;076;2019;04;14;5;3;5;3;0;1;1;0;0;0;0;475386,429117406720000;5465087,237213669300000;8,661185867000029;49,338011597000047;0
174912;08;2;26;032;2019;04;12;5;3;1;5;0;1;1;0;0;0;0;466782,244743082670000;5463389,741609482100000;8,542891201000032;49,322335092000060;1
174916;08;1;28;007;2019;04;16;5;3;5;3;0;1;1;0;0;0;0;555662,285676144060000;5482974,334775667600000;9,768689812000048;49,496848094000029;0
174917;08;1;19;067;2019;04;20;5;3;5;2;1;1;1;0;0;0;0;536398,890357430090000;5405079,014201497700000;9,495639335000021;48,797638054000060;1
174919;08;1;18;048;2019;04;13;5;2;3;2;0;1;1;0;0;0;0;513739,228869157840000;5415705,560433641100000;9,187445016000027;48,894146210000031;0
174920;08;1;18;048;2019;04;08;5;3;5;2;0;1;1;0;0;0;0;513387,735082545320000;5415702,013568904300000;9,182649478000030;48,894121998000060;0
174921;08;1;18;079;2019;04;20;5;3;5;2;2;1;1;0;0;0;0;509636,957382125780000;5423068,965123549100000;9,131651718000057;48,960462627000027;1
174924;08;4;26;045;2019;04;16;4;3;5;3;0;1;1;0;0;0;0;534517,673516746610000;5327533,093434343100000;9,463629678000075;48,100128101000053;0
174925;08;4;26;021;2019;04;15;4;3;5;3;0;1;1;0;0;0;0;559340,125607019290000;5326878,747904436700000;9,796919006000053;48,092412877000072;0
174926;08;4;21;000;2019;04;09;4;2;5;3;0;1;1;0;0;0;0;572149,871177876370000;5360751,575714968100000;9,974699007000027;48,395794521000028;0
174928;08;4;15;061;2019;04;16;4;3;5;3;0;1;1;0;0;0;0;514440,676827691500000;5371304,634959582200000;9,195462471000042;48,494697622000047;1
174929;08;4;15;061;2019;04;11;4;3;4;2;0;1;1;0;0;0;0;516013,374613980760000;5370266,399951014700000;9,216709843000047;48,485319178000054;0
174930;08;4;15;061;2019;04;07;4;3;1;5;0;1;1;0;0;0;0;516290,069572421720000;5371252,846946390300000;9,220492812000032;48,494186490000061;0
174931;08;3;35;063;2019;04;12;4;3;0;1;0;1;0;0;0;0;0;497488,258664448750000;5287107,209515234500000;8,966498220000062;47,737334050000072;0
174932;08;4;35;016;2019;04;06;4;3;6;4;2;1;0;1;0;0;0;535226,253272925500000;5278058,680130448200000;9,469111292000036;47,654964274000065;0
174936;08;3;17;096;2019;04;12;4;3;0;7;0;1;0;0;0;0;0;421575,667018097830000;5369298,027963997800000;7,938951873000065;48,471920317000070;1
174938;08;3;17;057;2019;04;14;4;3;6;4;0;0;1;1;0;0;0;412393,317924272270000;5380469,009701112300000;7,812397990000022;48,571184802000062;1
174939;08;3;15;006;2019;04;13;4;3;5;3;0;1;1;0;0;0;0;403501,680484984070000;5308551,570579655500000;7,708288358000061;47,923018621000040;1
174941;08;3;11;000;2019;04;21;4;3;5;3;2;1;1;0;0;0;0;413557,658516997470000;5317394,763605244500000;7,841087830000049;48,004001754000058;1
174942;08;3;11;000;2019;04;07;4;3;5;2;0;1;1;0;0;0;0;411408,798000000420000;5322028,409000001800000;7,811326839000060;48,045388152000044;1
174948;08;2;22;000;2019;04;18;4;3;6;4;0;0;1;1;0;0;0;461511,847342843190000;5488091,468669619400000;8,467970729000058;49,544206473000031;0
174950;08;2;21;000;2019;04;16;4;3;1;5;0;1;1;0;0;0;0;475803,977769116870000;5470298,555440185600000;8,666616725000040;49,384903580000071;0
174951;08;2;21;000;2019;04;15;4;3;5;3;0;1;1;0;0;0;0;475540,440910312350000;5469116,610294837500000;8,663058359000047;49,374261613000044;0
174953;08;2;16;043;2019;04;19;4;3;5;3;1;1;1;0;0;0;0;442135,029280433430000;5412823,772613110000000;8,210989993000055;48,865674997000042;1
174957;08;2;15;017;2019;04;07;4;3;3;2;0;1;1;0;0;0;0;456279,034640968780000;5421541,658352326600000;8,402902389000076;48,945253163000075;1
174958;08;2;12;000;2019;04;13;4;3;5;2;0;1;1;0;0;0;0;454251,867190725170000;5430136,854367991900000;8,374251754000056;49,022421233000046;1
174961;08;1;21;000;2019;04;07;4;3;0;7;0;1;0;0;0;0;0;515743,640486682770000;5445744,345826897800000;9,215957419000063;49,164312628000062;0
174962;08;1;21;000;2019;04;10;4;3;6;3;0;0;1;1;0;0;0;515824,234000001100000;5443221,046000002000000;9,216963774000021;49,141612686000030;0
174964;08;1;19;020;2019;04;16;4;3;3;1;0;1;1;0;0;0;0;519147,890121586620000;5408659,955899087700000;9,260905322000042;48,830622244000040;0
174965;08;1;18;076;2019;04;08;4;3;6;7;0;0;1;1;0;0;0;503683,662103584040000;5422037,620691729700000;9,050313711000058;48,951249126000050;0
174970;08;1;11;000;2019;04;17;4;3;6;4;0;0;1;1;0;0;0;519846,123771561310000;5401023,368846828100000;9,270050216000072;48,761902837000036;0
174971;08;4;36;081;2019;04;13;3;3;5;3;0;1;1;0;0;0;0;561646,388107510280000;5282880,490863222600000;9,821602127000062;47,696367109000050;0
174972;08;4;36;049;2019;04;12;3;3;0;1;0;1;0;0;0;0;0;578176,724945680240000;5283080,227077553000000;10,041915017000065;47,696375222000029;0
174974;08;4;26;070;2019;04;15;3;3;6;3;0;0;1;1;0;0;0;566378,388273677790000;5343353,363386333000000;9,894001417000027;48,239921445000050;0
174976;08;4;16;036;2019;04;18;3;3;0;7;0;1;1;0;0;0;0;495297,947304725650000;5369536,475583601700000;8,936374870000066;48,478938883000069;0
174978;08;4;16;036;2019;04;12;3;3;6;4;0;0;1;1;0;0;0;496062,360903480090000;5369765,990287801300000;8,946716252000044;48,481008949000056;0
174979;08;4;16;041;2019;04;09;3;3;4;6;0;1;1;0;0;0;0;504467,160949094220000;5374293,865920390900000;9,060497637000026;48,521739962000026;0
174982;08;3;26;074;2019;04;19;3;3;6;2;0;0;1;1;0;0;0;459854,691880513910000;5323714,215751385300000;8,461144028000035;48,065441159000045;0
174984;08;3;26;074;2019;04;09;3;3;1;5;0;1;1;0;0;0;0;465803,029219299550000;5323371,217122318200000;8,541010961000040;48,062701955000080;0
174985;08;3;25;049;2019;04;07;3;3;5;3;0;1;1;0;0;0;0;472161,033018306830000;5334800,556861091400000;8,625599210000075;48,165838805000078;0
174986;08;3;17;005;2019;04;10;3;2;0;7;0;1;0;0;0;0;0;423872,265349207450000;5378766,145106662100000;7,968290692000039;48,557367507000038;0
174987;08;3;17;001;2019;04;13;3;3;5;3;0;1;1;0;0;0;0;428085,930169408210000;5389304,158013895200000;8,023561138000048;48,652653696000073;0
174988;08;3;16;043;2019;04;12;3;3;5;3;0;1;1;0;0;0;0;411203,644149275500000;5332459,640746895200000;7,806405054000038;48,139189521000048;0
174989;08;3;15;015;2019;04;17;3;3;0;1;0;1;0;0;0;0;0;394388,176540018990000;5321079,874848848200000;7,583253025000033;48,034267395000029;0
174990;08;3;11;000;2019;04;14;3;3;1;5;0;1;1;0;0;0;0;413780,524987550450000;5315616,664311792700000;7,844432364000056;47,988037212000052;0
174991;08;3;11;000;2019;04;13;3;3;1;1;0;1;0;0;0;1;0;413170,383990176020000;5316753,813332948800000;7,836026562000029;47,998183705000031;0
174992;08;3;36;050;2019;04;15;3;3;5;2;0;1;1;0;0;0;0;399987,165497739800000;5274570,784486498700000;7,669079348000025;47,616819158000055;0
174993;08;2;26;098;2019;04;17;3;3;0;7;0;1;0;0;0;0;0;475912,864638606090000;5460510,803378725400000;8,668708524000067;49,296867732000067;0
174996;08;2;22;000;2019;04;15;3;2;0;7;0;1;0;0;0;0;0;462891,051834929730000;5478566,711104901500000;8,487929707000035;49,458622394000031;0
174997;08;2;22;000;2019;04;01;3;2;6;1;2;0;1;1;0;0;0;461017,641540201380000;5483462,684842729900000;8,461596893000035;49,502541732000054;0
174999;08;2;12;000;2019;04;17;3;3;5;3;0;1;1;0;0;0;0;459920,299162633720000;5428221,736668815800000;8,451970376000077;49,005588783000064;0
175000;08;1;15;045;2019;04;10;3;2;7;7;0;1;0;0;0;0;1;504056,076247696760000;5397395,639034045900000;9,055156430000068;48,729570915000068;0
175001;08;1;18;003;2019;04;09;3;2;5;3;0;1;1;0;0;0;0;510729,067000000740000;5417258,041000001100000;9,146418169000071;48,908171364000054;0
175002;08;1;36;088;2019;04;17;3;3;5;2;0;1;1;0;0;0;0;579522,943281852640000;5410043,302245710000000;10,083736684000030;48,838268077000066;0
175003;08;1;35;019;2019;04;08;3;2;5;7;0;1;1;0;0;0;0;583689,255112438460000;5392701,621736979100000;10,136977427000033;48,681745631000069;0
175004;08;1;25;065;2019;04;07;3;3;0;1;0;1;0;0;0;0;0;516641,411945560020000;5449090,671320904000000;9,228410637000025;49,194390024000029;0
175005;08;1;21;000;2019;04;18;3;3;5;3;0;1;1;0;0;0;0;512580,620639746080000;5440406,312128873500000;9,172403489000033;49,116368103000070;1
175006;08;1;18;076;2019;04;15;3;3;6;6;0;0;1;1;0;0;0;505172,250262374060000;5423003,474990153700000;9,070658015000049;48,959926982000070;0
175007;08;1;18;046;2019;04;17;3;3;5;3;0;1;1;0;0;0;0;513565,378000000490000;5411306,824000001000000;9,184927269000070;48,854580034000037;0
175008;08;1;18;079;2019;04;16;3;3;1;3;0;1;1;0;0;0;0;510822,754541153090000;5421916,667461808800000;9,147820362000061;48,950077329000067;0
175009;08;1;15;041;2019;04;18;3;3;6;4;0;0;1;1;0;0;0;492814,235438966190000;5402252,488948956100000;8,902199887000052;48,773234874000082;0
175011;08;1;16;080;2019;04;17;3;3;1;5;0;1;1;0;0;0;0;518559,207624981180000;5398060,198588259500000;9,252405530000033;48,735286087000077;0
175013;08;1;15;050;2019;04;17;3;3;0;1;0;1;0;0;0;0;0;486105,851000001650000;5402811,247000005100000;8,810878556000034;48,778147777000072;0
175019;08;4;15;078;2019;04;11;2;2;0;3;0;1;0;0;0;0;1;534672,540593635290000;5370389,803087391000000;9,469229115000076;48,485676940000076;0
175021;08;4;15;061;2019;04;07;2;3;1;5;0;1;0;0;0;0;1;516266,270977916200000;5371722,976455615800000;9,220189005000066;48,498416552000037;0
175023;08;3;36;069;2019;04;06;2;3;5;3;2;1;1;0;0;0;0;405749,578259690660000;5269168,204497816000000;7,746904052000048;47,569083269000032;0
175025;08;4;36;064;2019;04;18;2;2;5;3;0;1;1;0;0;0;0;545603,508573552590000;5291357,740880638400000;9,608690952000075;47,773969414000078;0
175026;08;3;17;057;2019;04;17;2;3;5;3;0;1;1;0;0;0;0;415108,011354208920000;5380131,382464416300000;7,849259610000047;48,568521666000038;0
175027;08;3;16;056;2019;04;19;2;3;6;4;0;0;1;1;0;0;0;422800,685975520870000;5327508,020724816200000;7,963159970000049;48,096160154000074;0
175028;08;3;16;011;2019;04;08;2;2;1;1;0;1;1;0;0;0;0;414312,678689546880000;5330080,878628192500000;7,848666005000041;48,118218527000067;0
175031;08;3;15;131;2019;04;19;2;3;0;3;1;1;1;0;0;0;0;406756,546000001020000;5307794,358000000900000;7,752010452000036;47,916689106000035;0
175032;08;3;11;000;2019;04;11;2;2;3;6;0;1;1;0;0;0;0;414458,782000000590000;5316051,485999999600000;7,853434252000056;47,992039687000045;0
175035;08;2;31;000;2019;04;19;2;3;6;7;0;1;0;1;0;0;0;476320,962979067120000;5415493,203722512300000;8,676959752000073;48,891935776000025;0
175038;08;2;16;015;2019;04;14;2;3;5;3;0;1;1;0;0;0;0;449488,517919452860000;5406484,714313965300000;8,312030708000066;48,809296262000032;0
175040;08;2;15;106;2019;04;14;2;3;3;2;0;1;1;0;0;0;0;464966,581668988800000;5452637,510399693600000;8,518848428000069;49,225518660000034;0
175041;08;2;15;017;2019;04;17;2;3;5;3;0;1;1;0;0;0;0;453846,797398295250000;5419501,823578067100000;8,369918329000029;48,926727777000053;0
175042;08;2;12;000;2019;04;17;2;3;6;4;0;0;1;1;0;0;0;454749,743074321190000;5428509,104098534200000;8,381242841000073;49,007816236000053;0
175044;08;1;17;051;2019;04;20;2;3;6;7;2;0;1;1;0;0;0;543696,634830777530000;5394900,732203146400000;9,593926566000050;48,705608988000051;0
175045;08;1;28;007;2019;04;13;2;3;0;5;0;1;1;0;0;0;0;556161,470783585680000;5482313,819982364800000;9,775488972000062;49,490861403000054;0