OBJECTID;ULAND;UREGBEZ;UKREIS;UGEMEINDE;UJAHR;UMONAT;USTUNDE;UWOCHENTAG;UKATEGORIE;UART;UTYP1;ULICHTVERH;IstRad;IstPKW;IstFuss;IstKrad;IstGkfz;IstSonstige;LINREFX;LINREFY;XGCSWGS84;YGCSWGS84;STRZUSTAND
175728;08;3;35;043;2019;04;15;5;2;0;3;0;1;1;0;0;0;0;512767,004657826390000;5280957,021029299100000;9,170106658000066;47,681875640000044;0
175730;08;3;16;051;2019;04;08;5;3;8;1;0;1;0;0;0;0;0;398967,082126351070000;5336216,266263458900000;7,641074929000070;48,171152584000026;0
175732;08;3;11;000;2019;04;15;5;3;5;3;0;1;1;0;0;0;0;413899,539551775900000;5316832,460528828200000;7,845783236000045;47,998989782000081;0
175733;08;2;12;000;2019;04;20;5;2;5;3;0;1;1;0;0;0;0;460670,434087725360000;5427256,334695581300000;8,462320356000021;48,996953041000040;0
175735;08;2;15;108;2019;04;18;5;2;1;5;0;1;1;0;0;0;0;449218,836787783540000;5423811,180384639700000;8,306205031000047;48,965128186000072;0
175736;08;2;12;000;2019;04;20;5;3;5;3;1;1;0;0;0;0;0;458031,493474417370000;5429697,809787008900000;8,425992498000028;49,018740724000054;0
175738;08;2;26;098;2019;04;18;5;3;6;4;0;0;1;1;0;0;0;478203,927892548030000;5460454,970662342400000;8,700222093000036;49,296451554000043;0
175739;08;2;26;010;2019;04;20;5;3;0;1;0;1;0;0;0;0;0;480508,778565682470000;5458975,214142659700000;8,731994229000065;49,283218935000036;0
175740;08;2;26;084;2019;04;06;5;3;0;7;1;1;1;0;0;0;0;469393,098142914470000;5470103,052649864900000;8,578302151000059;49,382856631000038;0
175742;08;2;22;000;2019;04;08;5;3;5;2;0;1;1;0;0;0;0;464624,947999998930000;5480668,604000000300000;8,511667103000036;49,477631439000049;0
175744;08;2;22;000;2019;04;20;5;3;0;1;1;1;0;0;0;0;0;461219,943451794800000;5483300,285276243500000;8,464406791000044;49,501094009000042;0
175746;08;2;21;000;2019;04;19;5;3;5;2;0;1;1;0;0;0;0;477634,458645943550000;5471955,024417648100000;8,691744263000032;49,399873280000065;0
175747;08;2;16;005;2019;04;16;5;3;5;3;0;1;1;0;0;0;0;445279,461000000130000;5417763,560000002400000;8,253200122000067;48,910393925000051;0
175751;08;2;12;000;2019;04;10;5;3;2;2;0;1;1;0;0;0;0;455672,624776297250000;5429231,913492467300000;8,393782748000035;49,014384956000072;0
175752;08;1;36;065;2019;04;17;5;3;6;7;0;0;1;1;0;0;0;558491,413684974420000;5405894,934832811400000;9,796562159000075;48,803291306000062;0
175753;08;1;36;044;2019;04;06;5;3;0;1;0;1;0;0;0;0;0;558409,184273000810000;5408386,051652509700000;9,795797035000021;48,825706732000071;0
175754;08;1;36;088;2019;04;10;5;3;4;1;0;1;0;0;0;0;1;581540,098128107380000;5413171,160860817900000;10,111843912000040;48,866138856000077;0
175755;08;1;35;019;2019;04;21;5;2;0;7;2;1;0;0;0;0;0;585276,776851939970000;5391808,384644512100000;10,158356232000074;48,673496751000073;0
175758;08;1;26;069;2019;04;09;5;3;5;3;0;1;1;0;0;0;0;536405,894825272260000;5447965,722534233700000;9,499577004000059;49,183416095000041;0
175760;08;1;25;058;2019;04;07;5;3;5;3;0;1;1;0;0;0;0;507653,422363080080000;5444062,235358871500000;9,104951244000063;49,149335656000062;0
175761;08;1;18;048;2019;04;08;5;3;5;3;0;1;1;0;0;0;0;513848,713251335550000;5416204,460245415600000;9,188955623000027;48,898631740000042;0
175762;08;1;18;046;2019;04;15;5;3;6;2;0;0;1;1;0;0;0;513619,021100177430000;5412076,417520895600000;9,185684149000053;48,861501962000034;0
175764;08;1;17;026;2019;04;13;5;3;6;7;0;0;1;1;0;0;0;550067,207000001330000;5394114,396999999900000;9,680414339000038;48,698056680000036;0
175766;08;1;16;071;2019;04;10;5;3;5;3;0;1;1;0;0;0;0;526867,113715974610000;5391087,689562631800000;9,364937392000059;48,672259231000055;0
175767;08;1;15;028;2019;04;18;5;2;1;5;0;1;1;0;0;0;0;499658,230999999680000;5405108,058000002100000;8,995346057000063;48,798964836000039;0
175768;08;1;15;015;2019;04;14;5;3;4;6;0;1;0;0;1;0;0;492981,553544396530000;5387175,532577965400000;8,904733472000032;48,637603488000082;0
175770;08;1;15;003;2019;04;12;5;3;8;1;0;1;0;0;0;0;0;499468,861985833380000;5392546,916723737500000;8,992783574000043;48,685964420000062;0
175772;08;1;11;000;2019;04;07;5;3;5;2;0;1;1;0;0;0;0;510819,969266443510000;5408910,675579967000000;9,147437899000067;48,833078640000053;0
175774;08;4;36;082;2019;04;16;4;3;5;3;0;1;1;0;0;0;0;546437,291159380230000;5294636,356730323300000;9,620169992000058;47,803407542000059;0
175775;08;4;36;082;2019;04;08;4;3;4;2;0;1;1;0;0;0;0;548144,972463134680000;5295103,563157925400000;9,643026495000072;47,807485492000069;0
175777;08;4;36;095;2019;04;15;4;2;6;4;0;0;0;1;0;1;0;536183,219738623130000;5299425,067615049000000;9,483632690000036;47,847150396000075;0
175778;08;4;36;055;2019;04;08;4;3;5;3;0;1;1;0;0;0;0;576378,683884701690000;5297839,054347133300000;10,020549079000034;47,829362696000032;0
175779;08;4;35;057;2019;04;12;4;3;0;7;0;1;0;0;0;0;0;545061,562121395020000;5282203,414507249400000;9,600510092000036;47,691645042000061;0
175780;08;4;26;021;2019;04;10;4;3;0;6;0;1;0;0;0;0;0;558788,072624710390000;5327660,380509326200000;9,789613508000059;48,099495758000046;0
175781;08;4;15;061;2019;04;19;4;3;3;2;0;1;1;0;0;0;0;514810,481772779490000;5369994,505162522200000;9,200421501000051;48,482902609000064;0
175782;08;3;35;075;2019;04;19;4;2;6;3;0;1;0;1;0;0;0;487524,862997917460000;5289409,528028499300000;8,833540070000026;47,757933536000053;0
175783;08;3;35;063;2019;04;17;4;3;0;7;0;1;0;0;0;0;0;498117,162999999710000;5287290,085000000900000;8,974885798000059;47,738981632000048;0
175785;08;3;25;049;2019;04;10;4;3;0;4;0;0;0;1;0;0;1;475842,229762789790000;5330673,959603941100000;8,675340250000033;48,128863179000064;0
175786;08;3;17;096;2019;04;16;4;3;5;3;0;1;0;0;0;0;0;423103,814484062600000;5370672,803031636400000;7,959370564000039;48,484475080000038;0
175789;08;3;11;000;2019;04;16;4;3;3;5;0;1;0;0;0;0;1;411451,860953938220000;5314578,223578946700000;7,813443106000023;47,978377965000050;1
175790;08;2;12;000;2019;04;17;4;3;5;2;0;1;1;0;0;0;0;457462,309626642610000;5429108,474290277800000;8,418269908000070;49,013400590000060;0
175792;08;2;36;071;2019;04;14;4;3;0;7;0;1;0;0;0;0;0;470608,313149145800000;5420254,207132872200000;8,598684083000023;48,934518891000039;0
175795;08;2;22;000;2019;04;11;4;3;5;3;0;1;1;0;0;0;0;460814,061094393950000;5488280,621308116200000;8,458306734000075;49,545863032000057;0
175796;08;2;22;000;2019;04;15;4;3;5;3;0;1;1;0;0;0;0;461235,566201099190000;5481620,840785464300000;8,464787285000057;49,485989326000038;0
175799;08;2;21;000;2019;04;17;4;3;2;6;0;1;0;0;0;0;0;478255,419032605360000;5473009,772286308900000;8,700244848000068;49,409383089000073;0
175801;08;2;12;000;2019;04;14;4;3;6;7;0;0;1;1;0;0;0;453387,323794928380000;5428938,501691330200000;8,362564848000034;49,011577284000055;0
175802;08;2;12;000;2019;04;19;4;3;5;3;0;1;0;0;0;0;0;455397,617566362020000;5426940,817683598000000;8,390273653000065;48,993756500000075;0
175805;08;1;19;020;2019;04;16;4;3;5;2;0;1;1;0;0;0;0;519914,171168683100000;5406775,670596923700000;9,271254906000024;48,813647499000069;0
175807;08;1;17;026;2019;04;10;4;3;4;2;0;1;1;0;0;0;0;547574,090411502870000;5393389,792271640200000;9,646451684000056;48,691733588000034;0
175810;08;1;15;016;2019;04;18;4;2;0;1;0;1;0;0;0;0;0;490959,694569925780000;5377534,586645923600000;8,877499210000053;48,550845329000026;0
175813;08;1;11;000;2019;04;17;4;3;6;7;0;1;0;1;0;0;0;513687,291773356500000;5402430,070266740400000;9,186293116000059;48,774723328000050;0
175815;08;1;11;000;2019;04;09;4;3;1;5;0;1;1;0;0;0;0;510667,181829190810000;5400368,532583741500000;9,145134125000027;48,756236937000040;0
175816;08;1;11;000;2019;04;13;4;3;1;5;0;1;1;0;0;0;0;508584,134999999780000;5406789,479000004000000;9,116927065000027;48,814031558000067;0
175817;08;1;11;000;2019;04;16;4;3;6;4;0;0;1;1;0;0;0;513585,488931653090000;5408799,797406192900000;9,185118288000069;48,832026846000076;0
175819;08;4;35;057;2019;04;17;3;3;5;2;0;1;0;0;1;0;0;544347,213042657820000;5280167,763102188700000;9,590784062000068;47,673379286000056;0
175822;08;4;16;048;2019;04;15;3;2;5;3;0;0;1;1;0;0;0;498004,237000001590000;5378239,305999999900000;8,972952975000055;48,557247197000038;0
175827;08;3;35;063;2019;04;13;3;2;5;2;0;1;0;0;0;0;0;497042,829228078020000;5287885,952318230600000;8,960551760000044;47,744338973000026;0
175828;08;3;35;043;2019;04;09;3;3;0;1;0;1;0;0;0;0;0;513020,770131502300000;5279322,477802988100000;9,173439055000074;47,667163516000073;0
175829;08;4;36;082;2019;04;23;3;2;0;7;2;1;0;0;0;0;0;547411,548000001350000;5294444,805000001600000;9,633159436000028;47,801613132000057;0
175831;08;3;16;012;2019;04;17;3;2;2;6;0;1;0;0;0;0;0;402891,669699656780000;5333605,458362842000000;7,694443449000062;48,148281274000055;0
175833;08;3;11;000;2019;04;16;3;2;6;4;0;1;0;1;0;0;0;414743,183000001130000;5319060,049000000600000;7,856647454000040;48,019140854000057;0
175834;08;3;11;000;2019;04;15;3;2;6;3;0;0;1;1;0;0;0;413655,680928814220000;5316682,990126892900000;7,842544965000059;47,997612354000069;0
175835;08;3;11;000;2019;04;23;3;3;0;7;2;1;0;0;0;0;0;414217,446999999690000;5316395,506000001000000;7,850131393000027;47,995101949000059;0
175837;08;2;15;109;2019;04;19;3;2;1;5;0;1;1;0;0;0;0;460863,843555561270000;5434367,260381558900000;8,464278066000077;49,060929374000068;0
175842;08;2;21;000;2019;04;17;3;3;1;5;0;1;1;0;0;0;0;478268,614395754410000;5472935,882631154700000;8,700430792000077;49,408718934000035;0
175843;08;2;21;000;2019;04;22;3;3;5;3;2;1;1;0;0;0;0;476205,055263816380000;5472846,380793826700000;8,671990266000023;49,407836685000063;0
175848;08;2;12;000;2019;04;07;3;3;5;2;0;1;1;0;0;0;0;463599,459035669450000;5428237,323245827100000;8,502273867000042;49,005956953000066;0
175851;08;1;36;065;2019;04;16;3;3;5;2;0;1;1;0;0;0;0;556503,633463649080000;5403981,246847743200000;9,769231043000048;48,786261322000030;0
175852;08;1;36;010;2019;04;16;3;3;8;1;0;1;0;0;0;0;0;598961,626785376110000;5414720,904448594900000;10,349708074000034;48,877541230000077;0
175853;08;1;35;019;2019;04;20;3;3;6;6;1;0;1;1;0;0;0;585070,047000000250000;5391967,737000001600000;10,155581498000060;48,674958212000035;0
175858;08;1;16;019;2019;04;09;3;3;6;4;0;0;1;1;0;0;0;522221,031880701890000;5398657,933236537500000;9,302237971000068;48,740543407000075;0
175861;08;1;16;033;2019;04;12;3;2;0;7;0;1;0;0;0;0;0;530854,506833614780000;5389395,539921356400000;9,418970748000049;48,656852516000072;0
175864;08;4;37;088;2019;04;15;2;3;5;3;0;1;1;0;0;0;0;518573,497045469470000;5308145,452205646800000;9,248635945000046;47,926360369000065;0
175865;08;4;36;011;2019;04;18;2;2;0;7;0;1;0;0;0;0;0;546872,590444436300000;5297789,716070262700000;9,626324177000072;47,831746562000035;0
175866;08;4;35;066;2019;04;17;2;3;6;4;0;0;1;1;0;0;0;519402,256827928130000;5287794,531570039700000;9,258817953000062;47,743231353000056;0
175867;08;4;35;016;2019;04;13;2;3;6;4;0;1;0;1;0;0;0;530681,349188444200000;5279893,812835628200000;9,408716953000067;47,671707360000028;0
175870;08;4;15;060;2019;04;11;2;3;0;1;0;1;0;0;0;0;0;512455,860075384380000;5379058,798357414100000;9,168828753000071;48,564499006000062;0
175871;08;4;15;050;2019;04;16;2;3;5;3;0;1;1;0;0;0;0;521003,315627283420000;5376603,094004558400000;9,284557259000053;48,542178833000037;0
175872;08;3;36;073;2019;04;14;2;3;0;7;0;1;0;0;0;0;1;397997,020315466450000;5277674,615353731400000;7,641879817000074;47,644428584000082;0
175875;08;3;26;074;2019;04;15;2;3;0;7;0;1;0;0;0;0;0;459171,068978577850000;5325067,653825609000000;8,451839131000043;48,077574187000039;0
175877;08;2;26;062;2019;04;12;2;2;3;6;0;1;1;0;0;0;0;470249,289869328030000;5468383,888714239000000;8,590226899000072;49,367435522000051;0
175878;08;2;21;000;2019;04;16;2;2;0;1;0;1;0;0;0;0;0;476551,795943464150000;5473062,966318348400000;8,676757163000048;49,409798296000076;0
175879;08;1;17;026;2019;04;19;2;2;6;4;1;0;1;1;0;0;0;547938,838604734280000;5395406,054752146800000;9,651641756000061;48,709842968000032;0
175882;08;1;19;067;2019;04;14;2;3;0;7;0;1;0;0;0;0;0;539099,203546933830000;5410486,028683662400000;9,532923006000033;48,846112922000032;0
175886;08;4;16;023;2019;04;18;1;3;0;7;0;1;0;0;0;0;0;508283,510000000710000;5370094,600000001500000;9,112098077000042;48,483923010000069;0
175887;08;4;15;092;2019;04;16;1;3;0;1;0;1;0;0;0;0;0;518931,927404547110000;5364961,380743706600000;9,255966322000063;48,437512115000061;0
175889;08;3;37;096;2019;04;00;1;3;8;7;2;1;0;0;0;0;0;420634,056971310640000;5266847,715902974800000;7,945180292000032;47,550198503000047;0
175890;08;3;35;075;2019;04;12;1;3;0;1;0;1;0;0;0;0;0;492292,987656693910000;5287225,355651570500000;8,897201320000022;47,738355932000047;0
175892;08;3;17;146;2019;04;13;1;3;0;1;0;1;0;0;0;0;0;431238,080299431460000;5355794,079884380100000;8,071874566000076;48,351578384000049;0
175893;08;3;11;000;2019;04;18;1;3;0;1;0;1;0;0;0;0;0;414694,944182879290000;5316349,505256714300000;7,856539804000022;47,994752039000048;0
175895;08;2;15;021;2019;04;17;1;3;3;6;0;1;1;0;0;0;0;469203,243245908060000;5444005,044113734700000;8,577694642000040;49,148096648000035;0
175897;08;2;22;000;2019;04;09;1;3;6;2;0;0;1;1;0;0;0;469291,527618276890000;5476374,680736221400000;8,576417654000068;49,439263102000041;0
175899;08;2;15;106;2019;04;13;1;3;0;2;0;1;0;0;0;0;1;467056,527645001190000;5454155,157095827200000;8,547426240000050;49,239285837000068;0
175900;08;2;15;066;2019;04;18;1;3;5;3;0;1;1;0;0;0;0;460618,782350222580000;5453462,072106180700000;8,459057097000027;49,232671330000073;0
175901;08;2;15;017;2019;04;18;1;2;5;3;0;1;1;0;0;0;0;456392,754382292740000;5420832,562486995000000;8,404531262000035;48,938882717000070;0
175902;08;1;28;007;2019;04;19;1;3;3;5;0;1;1;0;0;0;0;555657,909846832980000;5481437,415460733700000;9,768412977000025;49,483025382000051;0
175905;08;1;18;048;2019;04;16;1;3;0;7;0;1;0;0;0;0;0;514740,138567335900000;5416203,863449269900000;9,201118376000068;48,898605802000077;0
175906;08;1;18;048;2019;04;14;1;3;6;4;0;0;1;1;0;0;0;516297,233362643980000;5415261,598733741800000;9,222326043000066;48,890090450000059;0
175907;08;1;17;053;2019;04;17;1;3;8;1;0;1;0;0;0;0;0;552099,941000000570000;5400253,013000000300000;9,708812694000073;48,753109283000072;0
175909;08;1;16;071;2019;04;17;1;3;4;6;0;1;0;0;0;0;0;530216,330515791660000;5390459,311994813400000;9,410382921000064;48,666453313000034;0
175914;08;4;35;059;2019;04;18;7;3;0;1;0;1;0;0;0;0;0;515715,754274267700000;5293633,885223923300000;9,209853187000022;47,795871240000054;0
175915;08;4;25;031;2019;04;10;7;2;6;7;0;0;1;1;0;0;0;566913,264527874070000;5370220,598747821500000;9,905477896000036;48,481549438000059;0
175918;08;4;16;036;2019;04;09;7;3;0;7;0;1;0;0;0;0;0;495307,372640455140000;5369945,768962483900000;8,936497811000038;48,482621131000030;0
175920;08;3;37;065;2019;04;11;7;2;5;3;0;1;1;0;0;0;0;449306,922272084280000;5274360,873147200800000;8,325356488000068;47,620667609000066;0
175922;08;3;36;069;2019;04;17;7;3;0;7;0;1;0;0;0;0;0;408060,077412836250000;5267730,390012556700000;7,777916634000064;47,556480399000066;0
175923;08;3;36;050;2019;04;12;7;3;0;1;0;1;0;0;0;0;0;404068,167057323270000;5274053,364795399800000;7,723486374000061;47,612781825000070;0
175926;08;3;16;055;2019;04;17;7;3;4;6;0;1;0;0;0;0;1;429678,338756660930000;5334222,325892534100000;8,054409779000025;48,157356698000058;0
175928;08;3;11;000;2019;04;18;7;3;0;1;0;1;0;0;0;0;0;411838,182000000030000;5315221,859000003000000;7,818486595000024;47,984221014000070;0
175929;08;2;12;000;2019;04;22;7;3;5;3;2;1;1;0;0;0;0;456429,695827067830000;5427319,077720239800000;8,404341060000036;48,997232695000037;0
175932;08;2;12;000;2019;04;11;7;2;5;3;0;1;1;0;0;0;0;459609,543999999760000;5428244,061000002500000;8,447719251000024;49,005769335000082;0
175933;08;2;12;000;2019;04;15;7;3;5;3;0;1;0;0;0;0;1;455689,258347301740000;5426256,986996291200000;8,394334792000052;48,987626355000032;0
175934;08;2;37;040;2019;04;10;7;3;6;4;0;0;1;1;0;0;0;477786,762852723710000;5364647,553625054700000;8,699686443000076;48,434581579000053;0
175936;08;2;26;098;2019;04;10;7;3;5;3;0;1;1;0;0;0;0;477548,218599496410000;5459845,817686064200000;8,691237987000022;49,290948461000028;0
175937;08;2;26;107;2019;04;11;7;3;6;7;0;0;1;1;0;0;0;474930,671019008380000;5482718,703968785700000;8,653798572000028;49,496584545000076;0
175938;08;2;25;075;2019;04;19;7;2;8;1;0;1;0;0;0;0;0;531329,504463559950000;5474994,317425968100000;9,432039336000059;49,426815481000062;0
175940;08;2;21;000;2019;04;17;7;3;6;2;0;0;1;1;0;0;0;477598,456967358480000;5472863,466438239400000;8,691196833000049;49,408043259000067;0
175941;08;2;21;000;2019;04;20;7;3;4;1;1;1;1;0;0;0;0;474882,946697432550000;5472778,141258651400000;8,653769856000054;49,407169749000047;0
175946;08;2;12;000;2019;04;17;7;3;3;6;0;1;0;0;0;0;1;449592,356611073020000;5427738,873519957100000;8,310820837000051;49,000488333000078;0
175947;08;2;12;000;2019;04;11;7;3;6;7;0;1;0;1;0;0;0;454306,847580072470000;5429223,296301478500000;8,375106616000039;49,014207806000059;0
175948;08;2;11;000;2019;04;13;7;3;3;6;0;1;0;0;0;0;1;441238,211814991200000;5405069,436528598900000;8,199874254000065;48,795840404000046;0
175949;08;1;27;014;2019;04;12;7;3;0;1;0;1;0;0;0;0;0;578411,430180393160000;5443200,966959957000000;10,074988633000032;49,136631498000042;0
175950;08;1;25;074;2019;04;08;7;2;6;2;0;0;1;1;0;0;0;509824,632788357320000;5439452,474893478700000;9,134612633000074;49,107838162000064;0
175955;08;2;22;000;2019;05;06;2;3;5;3;0;1;1;0;0;0;0;460692,697888715190000;5482539,761294407800000;8,457200981000028;49,494219587000032;0
175958;08;2;12;000;2019;05;14;2;3;4;6;0;1;0;0;0;0;0;455794,503000000490000;5426981,611999999700000;8,395694426000034;48,994151993000060;0
175959;08;1;36;088;2019;05;16;2;2;6;4;0;0;1;1;0;0;0;580645,796057201920000;5409888,796936873300000;10,099005568000052;48,836733577000075;0
175965;08;1;18;048;2019;05;16;2;3;0;4;0;0;0;1;0;0;1;513052,198870241640000;5415616,882510900500000;9,178069046000076;48,893363340000064;0
175971;08;1;11;000;2019;05;16;2;3;6;4;0;0;1;1;0;0;0;512739,553404788490000;5407316,249973889400000;9,173545389000026;48,818699010000046;0
175973;08;4;17;079;2019;05;12;1;3;0;7;0;1;0;0;0;0;0;499924,529027614740000;5345217,904958801300000;8,998983141000053;48,260171865000075;0
175974;08;4;16;041;2019;05;13;1;3;1;5;0;1;1;0;0;0;0;506083,858145030220000;5373865,221869116600000;9,082385886000054;48,517870137000045;0
175976;08;3;35;043;2019;05;15;1;2;5;3;0;1;1;0;0;0;0;511379,343999999580000;5281070,190000001300000;9,151620588000071;47,682919816000037;0
175977;08;3;16;014;2019;05;10;1;3;6;7;0;0;1;1;0;0;0;424467,501740202310000;5329588,123825332100000;7,985174460000053;48,115071735000072;0
175980;08;3;11;000;2019;05;16;1;3;5;3;0;1;1;0;0;0;0;409694,492740939370000;5316608,358462004000000;7,789472516000046;47,996393778000026;0
175981;08;2;26;048;2019;05;18;1;3;8;1;0;1;0;0;0;0;0;485411,281726405020000;5465725,309405516800000;8,799156802000027;49,344073198000046;0
175982;08;2;26;032;2019;05;08;1;3;6;7;0;0;1;1;0;0;0;468036,371148784640000;5461881,219193950300000;8,560269473000062;49,308833115000027;0
175983;08;2;16;015;2019;05;16;1;3;5;2;0;1;1;0;0;0;0;449857,773000000040000;5405836,218000002200000;8,317138819000036;48,803492760000040;0
175984;08;2;16;043;2019;05;13;1;3;2;2;0;1;1;0;0;0;0;441337,522509980020000;5413177,377197735000000;8,200066098000036;48,868780732000062;0
175985;08;2;16;043;2019;05;14;1;3;0;1;0;1;0;0;0;0;0;441370,856280497280000;5412161,133203238200000;8,200666199000068;48,859642817000065;0
175986;08;2;12;000;2019;05;16;1;3;3;6;0;1;0;0;0;0;0;453660,120430461130000;5429710,618409656000000;8,366206975000068;49,018543053000030;0
175990;08;4;17;002;2019;05;05;7;3;8;4;2;0;1;1;0;0;0;489002,379985458220000;5345217,875279821500000;8,851823628000034;48,260076135000077;0
175991;08;4;15;050;2019;05;13;7;3;0;7;0;1;0;0;0;0;0;520161,557437888350000;5377386,662381487000000;9,273191020000070;48,549255613000071;1
175992;08;3;37;065;2019;05;10;7;3;0;7;0;1;0;0;0;0;0;448507,782000000590000;5275372,534000001800000;8,314603014000056;47,629706622000072;1
175994;08;3;36;050;2019;05;11;7;3;0;7;0;1;1;0;0;0;0;399359,727404918520000;5274359,889631779900000;7,660780510000052;47,614824927000029;0
175997;08;3;11;000;2019;05;21;7;3;3;2;2;1;1;0;0;0;0;413091,633732164280000;5317209,473610207400000;7,834878819000039;48,002271817000064;0
176003;08;1;36;088;2019;05;10;7;3;5;3;0;1;1;0;0;0;0;579815,377364728600000;5410011,858760703400000;10,087715095000021;48,837947739000072;0
176004;08;1;21;000;2019;05;13;7;3;6;4;0;0;1;1;0;0;0;513982,376134444960000;5443389,239831311600000;9,191716323000037;49,143170337000072;1
176005;08;1;19;085;2019;05;18;7;3;0;1;0;1;0;0;0;0;0;529051,330834439960000;5413873,137193769200000;9,396214727000029;48,877133742000069;1
176006;08;1;19;020;2019;05;15;7;3;0;7;0;1;0;0;0;0;0;519399,425528425720000;5407271,075018901400000;9,264266955000039;48,818120348000036;1
176007;08;1;18;003;2019;05;17;7;3;6;7;0;0;1;1;0;0;0;509784,637048644950000;5417058,628460776100000;9,133524916000056;48,906393143000059;1
176009;08;4;36;055;2019;05;08;6;3;6;4;0;0;1;1;0;0;0;575737,127266589550000;5298429,638756761300000;10,012081488000035;47,834751500000039;1
176013;08;4;15;061;2019;05;07;6;3;3;2;1;1;1;0;0;0;0;515897,399265229700000;5372109,955835133800000;9,215210532000072;48,501907392000078;1
176014;08;4;15;061;2019;05;13;6;3;3;2;0;1;0;0;0;0;1;516199,532870510590000;5370943,216797322000000;9,219255360000034;48,491403291000040;0
176019;08;3;17;041;2019;05;16;6;3;0;1;0;1;0;0;0;0;0;439496,043999999760000;5348588,342000000200000;8,184359294000046;48,287602484000047;0
176021;08;3;15;015;2019;05;10;6;3;0;1;0;1;0;0;0;0;0;394981,892243604180000;5320207,146991487600000;7,591428987000029;48,026515642000049;1
176023;08;3;11;000;2019;05;09;6;3;6;2;0;0;1;1;0;0;0;413094,792248864660000;5317208,072489637900000;7,834921438000038;48,002259643000059;1
176026;08;2;31;000;2019;05;15;6;3;6;4;0;0;1;1;0;0;0;475946,280602827670000;5415157,834952315300000;8,671867992000045;48,888904487000048;0
176029;08;2;21;000;2019;05;07;6;3;0;3;0;1;1;0;0;0;0;475230,833447630520000;5473326,306589804600000;8,658531070000038;49,412114654000050;0
176030;08;2;21;000;2019;05;18;6;3;6;4;1;0;1;1;0;0;0;477674,421000000090000;5473510,192999998100000;8,692207605000021;49,413863255000081;0
176033;08;1;19;091;2019;05;13;6;3;0;1;0;1;0;0;0;0;0;528216,222639367920000;5405915,390011258400000;9,384277399000041;48,805587107000065;0
176034;08;1;17;026;2019;05;19;6;3;5;3;0;1;1;0;0;0;0;548549,259030129760000;5394998,664291411600000;9,659890826000037;48,706131072000062;0
176035;08;1;15;028;2019;05;16;6;2;6;4;0;0;1;1;0;0;0;498819,095000001600000;5401933,078000001600000;8,983928483000057;48,770401835000030;0
176038;08;1;11;000;2019;05;17;6;3;5;3;0;1;1;0;0;0;0;515987,719999999740000;5408709,256000004700000;9,217847756000026;48,831155146000071;0
176039;08;4;21;000;2019;05;12;5;2;0;1;0;1;0;0;0;0;0;571105,008847848510000;5360375,428814208100000;9,960521964000066;48,392529670000044;0
176041;08;2;22;000;2019;05;13;2;3;5;3;0;1;1;0;0;0;0;467997,063800099310000;5479380,672694198800000;8,558319925000035;49,466234145000044;0
176042;08;4;15;014;2019;05;17;5;3;3;5;0;1;1;0;0;0;0;525487,365653933030000;5375196,627918006900000;9,345221011000035;48,529359833000058;0
176045;08;3;16;020;2019;05;16;5;2;3;2;0;1;1;0;0;0;0;408268,123147342350000;5337975,942239152300000;7,765765339000041;48,188391274000026;0
176048;08;3;11;000;2019;05;06;5;3;6;7;1;1;0;1;0;0;0;413205,646076217290000;5317769,990520054500000;7,836293557000033;48,007329338000034;0
176051;08;2;26;013;2019;05;13;5;3;5;3;0;1;1;0;0;0;0;499522,513800000770000;5480771,930000001600000;8,993408318000036;49,479591423000045;0
176054;08;2;22;000;2019;05;16;5;3;1;5;0;1;1;0;0;0;0;461870,355929189360000;5481379,054144835100000;8,473574624000037;49,483854798000038;0
176056;08;2;22;000;2019;05;15;5;3;4;2;0;1;1;0;0;0;0;461865,335175395940000;5483650,383742416300000;8,473286126000062;49,504283873000077;0
176057;08;2;22;000;2019;05;13;5;3;5;3;0;1;1;0;0;0;0;462756,571216274050000;5478229,337801177100000;8,486105804000033;49,455579646000047;0
176058;08;2;21;000;2019;05;15;5;3;5;2;0;1;0;0;0;0;1;477665,069187643010000;5473604,414446821400000;8,692073377000043;49,414710418000027;0
176059;08;2;21;000;2019;05;14;5;3;5;5;0;1;0;0;0;0;1;475304,767372634260000;5472679,151036396600000;8,659590560000027;49,406296614000041;0
176061;08;2;12;000;2019;05;15;5;3;5;3;0;1;1;0;0;0;0;455313,138967766430000;5427863,158108858400000;8,389017408000029;49,002046943000039;0
176062;08;2;16;043;2019;05;15;5;3;6;4;0;0;1;1;0;0;0;441474,413990476170000;5412219,945122214000000;8,202069524000024;48,860181607000072;0
176067;08;1;28;007;2019;05;11;5;3;6;6;0;0;0;1;0;0;1;555739,038500186990000;5482343,728286042800000;9,769660715000043;49,491169352000043;0
176068;08;1;21;000;2019;05;19;5;3;6;4;0;0;1;1;0;0;0;518146,136392183600000;5442574,738743152500000;9,248769648000064;49,135734741000078;1
176070;08;1;16;049;2019;05;16;5;3;5;3;0;1;1;0;0;0;0;526052,770372829400000;5387613,883095428300000;9,353657691000024;48,641043435000029;0