OBJECTID;ULAND;UREGBEZ;UKREIS;UGEMEINDE;UJAHR;UMONAT;USTUNDE;UWOCHENTAG;UKATEGORIE;UART;UTYP1;ULICHTVERH;IstRad;IstPKW;IstFuss;IstKrad;IstGkfz;IstSonstige;LINREFX;LINREFY;XGCSWGS84;YGCSWGS84;STRZUSTAND
176071;08;1;15;013;2019;05;15;5;3;5;3;0;0;1;1;0;0;0;495974,652074535380000;5390291,564607331500000;8,945330674000047;48,665662245000078;0
176072;08;1;11;000;2019;05;16;5;2;5;2;0;1;1;0;0;0;0;517757,584471672770000;5407474,786098683300000;9,241910157000064;48,820001998000066;0
176074;08;4;37;044;2019;05;01;4;3;1;5;2;1;1;0;0;0;0;532702,555995331150000;5322737,190242167600000;9,438883259000022;48,057076095000070;0
176077;08;4;36;064;2019;05;13;4;3;0;7;0;1;0;0;0;0;0;545918,268520838580000;5293071,021514210900000;9,613073162000035;47,789361471000063;0
176078;08;4;36;055;2019;05;17;4;3;5;3;0;1;1;0;0;0;0;582239,694478485730000;5290776,789335312300000;10,097508917000027;47,765108783000073;0
176080;08;4;16;041;2019;05;11;4;2;1;1;0;1;1;0;0;0;0;504329,670280720110000;5374877,075176537000000;9,058641693000027;48,526987684000062;0
176081;08;3;37;125;2019;05;19;4;3;5;3;1;0;1;1;0;0;0;446651,491889391090000;5273285,841265516400000;8,290150620000077;47,610782180000058;0
176082;08;3;36;045;2019;05;15;4;3;6;7;0;0;1;1;0;0;0;397948,881890911610000;5281696,211097240400000;7,640299867000067;47,680595988000050;0
176083;08;3;36;082;2019;05;11;4;2;0;1;0;1;0;0;0;0;0;415187,124817879870000;5272983,744007665700000;7,871615875000032;47,604710302000058;0
176084;08;3;35;043;2019;05;16;4;3;0;1;0;1;0;0;0;0;0;515862,943000001830000;5279784,715999998200000;9,211313866000069;47,671259101000032;0
176085;08;3;35;002;2019;05;11;4;1;8;7;0;1;0;0;0;0;0;504061,498555321250000;5288740,379340007900000;9,054187790000071;47,752020739000045;0
176086;08;4;35;030;2019;05;19;4;2;1;5;0;1;0;0;0;0;0;543127,583833500740000;5273761,926036832900000;9,573905620000062;47,615826588000061;0
176090;08;3;15;070;2019;05;11;4;2;0;1;0;1;0;0;0;0;0;455562,356000001540000;5300902,278000002700000;8,405890669000030;47,859923004000052;0
176093;08;2;12;000;2019;05;15;4;2;5;3;0;1;1;0;0;0;0;459620,695460839200000;5426366,961584884700000;8,448058316000072;48,988885175000064;0
176094;08;2;31;000;2019;05;16;4;3;6;6;0;0;1;1;0;0;0;474373,439285243860000;5415371,933446165200000;8,650398847000076;48,890767389000075;0
176095;08;2;36;040;2019;05;21;4;3;5;3;2;1;1;0;0;0;0;488468,983000000940000;5421536,424000002400000;8,842516783000065;48,946643985000037;0
176096;08;2;16;009;2019;05;14;4;3;5;3;0;1;0;0;1;0;0;445682,922162344680000;5421073,209733165800000;8,258265090000066;48,940199678000056;0
176097;08;2;15;097;2019;05;15;4;3;0;7;0;1;0;0;0;0;0;481066,327742668800000;5439987,447330314700000;8,740555395000058;49,112437436000050;0
176098;08;2;15;090;2019;05;14;4;2;5;3;0;1;0;0;0;0;0;465770,818503789600000;5433277,673514043900000;8,531537618000073;49,051420517000054;0
176099;08;2;15;017;2019;05;19;4;3;4;2;0;1;1;0;0;0;0;454378,161659684960000;5422163,579365795500000;8,376874065000038;48,950710148000041;0
176100;08;1;36;009;2019;05;19;4;2;8;1;0;0;1;1;0;0;0;567445,658911027010000;5408724,282926160800000;9,918954844000041;48,827833472000066;0
176102;08;1;27;086;2019;05;11;4;3;0;1;0;1;0;0;0;0;0;554119,916764631870000;5444816,549677727700000;9,742214807000039;49,153783326000053;0
176103;08;1;27;014;2019;05;03;4;2;7;7;2;1;0;1;0;0;0;577720,731939719990000;5442937,283367117900000;10,065470332000075;49,134347734000073;0
176104;08;1;25;065;2019;05;22;4;2;8;1;2;1;0;0;0;0;0;517191,559456059710000;5448599,967098373900000;9,235940593000066;49,189960842000062;0
176105;08;1;19;090;2019;05;14;4;3;6;1;0;1;0;1;0;0;0;532052,047644794920000;5406146,879075128600000;9,436534175000077;48,807483519000073;0
176106;08;1;19;086;2019;05;13;4;3;6;7;0;0;1;1;0;0;0;534530,473000001160000;5405390,041999999400000;9,470224391000045;48,800542532000065;0
176108;08;1;19;020;2019;05;17;4;3;0;1;0;1;0;0;0;0;0;521079,446322839710000;5405593,407597659200000;9,287066433000064;48,802973651000059;0
176109;08;1;18;076;2019;05;15;4;3;3;6;0;1;1;0;0;0;0;505161,968452502040000;5423313,627236234000000;9,070521489000043;48,962717095000073;0
176110;08;1;18;063;2019;05;12;4;3;5;3;0;1;1;0;0;0;0;514651,090577097610000;5423072,060610510400000;9,200150187000077;48,960391964000053;0
176112;08;1;17;015;2019;05;10;4;3;6;4;0;1;0;1;0;0;0;558648,873233669440000;5395397,384005336100000;9,797210695000047;48,708849681000061;0
176114;08;1;17;026;2019;05;16;4;3;6;7;0;1;0;1;0;0;0;548131,658895275560000;5394659,362334953600000;9,654175553000073;48,703111251000053;0
176116;08;1;16;033;2019;05;16;4;3;6;4;0;0;1;1;0;0;0;531514,324377554470000;5389672,577972939200000;9,427951192000023;48,659311788000082;0
176117;08;1;15;044;2019;05;14;4;3;0;1;0;1;0;0;0;0;0;504555,446087947120000;5390845,823233915500000;9,061874831000068;48,670644787000072;0
176120;08;1;11;000;2019;05;16;4;2;0;7;0;1;0;0;0;0;0;506803,362463969740000;5398430,804806575200000;9,092532366000057;48,738859350000041;0
176121;08;1;11;000;2019;05;14;4;3;3;6;0;1;1;0;0;0;0;512980,542000000370000;5406273,603000003800000;9,176795272000049;48,809314510000036;0
176127;08;4;17;022;2019;04;16;3;3;0;3;0;0;1;1;0;0;0;486198,731519647870000;5348846,364382596700000;8,813930375000041;48,292665702000079;0
176128;08;4;17;079;2019;04;10;3;3;6;4;0;0;1;1;0;0;0;501104,158914801660000;5344473,114423157600000;9,014874961000032;48,253470188000051;1
176130;08;3;37;126;2019;04;13;3;3;6;4;0;0;0;1;0;0;1;441206,381618771700000;5274838,501940758900000;8,217496818000029;47,624280212000031;0
176132;08;3;36;050;2019;04;07;3;3;4;1;0;1;0;0;0;0;0;400674,781486027870000;5275356,610237283600000;7,678049064000049;47,623993749000078;0
176134;08;3;35;043;2019;04;19;3;3;2;6;0;1;1;0;0;0;0;511343,941051333210000;5279984,862020498100000;9,151120673000037;47,673155023000049;0
176136;08;3;17;057;2019;04;10;3;3;6;7;0;0;1;1;0;0;0;414187,907888988030000;5377740,926044508800000;7,837282844000072;48,546895502000041;0
176137;08;3;15;113;2019;04;16;3;3;6;2;0;0;0;1;0;1;0;441500,582000001330000;5306610,203000001600000;8,217134213000065;47,910147868000081;0
176139;08;3;11;000;2019;04;18;3;3;0;3;0;1;0;0;0;0;1;414042,967000001110000;5315695,498000001500000;7,847933255000044;47,988781679000056;0
176141;08;2;15;099;2019;04;19;3;3;5;3;0;1;1;0;0;0;0;462396,825908543540000;5445877,384811598800000;8,484189330000049;49,164559305000068;0
176143;08;2;31;000;2019;04;20;3;3;5;3;1;1;1;0;0;0;0;480932,848448878150000;5414635,559823632200000;8,739916457000049;48,884379751000040;0
176144;08;2;31;000;2019;04;17;3;2;6;4;0;0;1;1;0;0;0;477499,121722832320000;5415377,151667563200000;8,693038875000070;48,890935715000069;0
176145;08;2;31;000;2019;04;13;3;3;6;4;0;0;1;1;0;0;0;476825,413486352190000;5415510,302308548200000;8,683840615000065;48,892108661000066;0
176146;08;2;26;098;2019;04;18;3;3;5;3;0;1;1;0;0;0;0;476648,116000000390000;5459932,297000000300000;8,678854718000025;49,291692607000073;0
176152;08;2;21;000;2019;04;19;3;2;6;7;0;0;1;1;0;0;0;476974,750580049120000;5475249,903332382400000;8,682460769000045;49,429485555000042;0
176153;08;2;12;000;2019;04;09;3;2;5;3;0;1;0;0;0;0;0;457342,167446621690000;5429305,476375013600000;8,416606269000056;49,015164354000035;0
176154;08;1;18;006;2019;04;20;3;2;9;1;1;1;0;0;0;0;0;517630,882000001150000;5421465,936000002500000;9,240787564000073;48,945866084000045;0
176158;08;1;25;063;2019;04;19;3;3;6;4;0;0;1;1;0;0;0;526009,934999999590000;5463432,889000004200000;9,357927272000040;49,323072922000051;0
176159;08;2;22;000;2019;05;11;2;3;5;7;0;1;1;0;0;0;0;461717,107999996280000;5480073,240960829000000;8,471585334000054;49,472100033000061;0
176163;08;1;17;017;2019;04;17;3;2;6;4;0;0;1;1;0;0;0;546778,862843445500000;5387682,791212584800000;9,635001251000062;48,640455890000055;0
176172;08;3;16;038;2019;04;19;2;3;5;3;0;1;1;0;0;0;0;396080,528982611370000;5330654,257347116200000;7,603619560000027;48,120660840000028;0
176174;08;3;11;000;2019;04;23;2;2;0;7;2;1;0;0;0;0;0;414207,328151332210000;5316381,754158021900000;7,849998533000075;47,994976888000053;1
176175;08;3;11;000;2019;04;17;2;3;0;1;0;1;0;0;0;0;0;415717,274000000210000;5315634,232000002600000;7,870381159000033;47,988453416000027;0
176176;08;3;11;000;2019;04;17;2;3;0;7;0;1;0;0;0;0;0;412019,341000000950000;5314484,317000003500000;7,821064976000059;47,977611540000055;0
176177;08;3;11;000;2019;04;10;2;3;5;3;0;1;1;0;0;0;0;414593,195992440920000;5318248,538579043000000;7,854798119000066;48,011820989000057;0
176178;08;2;15;100;2019;04;18;2;2;1;5;0;1;1;0;0;0;0;474496,540615960020000;5450344,598931802400000;8,649876253000059;49,205364679000070;1
176183;08;2;15;106;2019;04;15;2;3;5;3;0;1;1;0;0;0;0;465124,473737798630000;5452463,071548324100000;8,521032015000060;49,223958603000028;0
176185;08;1;18;073;2019;04;10;2;3;0;7;0;1;0;0;0;0;0;497609,604326905680000;5419507,363246079500000;8,967365352000059;48,928494018000038;0
176186;08;1;18;048;2019;04;13;2;3;5;3;0;1;1;0;0;0;0;515178,033555444330000;5415561,342133937400000;9,207069218000072;48,892815285000040;0
176187;08;1;18;046;2019;04;10;2;3;6;7;0;0;1;1;0;0;0;513068,712923009880000;5413312,582331134000000;9,178220674000045;48,872634069000071;0
176189;08;1;11;000;2019;04;08;2;3;6;2;0;0;1;1;0;0;0;515843,732064710930000;5405996,677028572200000;9,215781033000042;48,806756920000055;0
176191;08;3;35;066;2019;04;15;1;2;0;1;0;1;0;0;0;0;0;504686,144689747130000;5281931,846067959400000;9,062448448000055;47,690755902000035;0
176192;08;3;25;051;2019;04;17;1;3;1;1;0;1;1;0;0;0;0;452224,427000000140000;5349489,555000003400000;8,355833128000029;48,296798842000044;0
176195;08;2;12;000;2019;04;16;1;3;5;2;0;1;1;0;0;0;0;463289,886000001800000;5427898,543000001500000;8,498071690000074;49,002891198000043;0
176196;08;2;35;046;2019;04;18;1;2;0;1;0;1;0;0;0;0;0;479553,019508974630000;5377477,569361075800000;8,722937053000067;48,550064191000047;1
176203;08;4;36;052;2019;04;13;7;3;6;6;0;0;1;1;0;0;0;565483,869000001810000;5293315,213999999700000;9,874311432000070;47,789865995000071;0
176204;08;4;21;000;2019;04;18;7;2;5;3;0;1;1;0;0;0;0;573268,532266282480000;5361356,944101162300000;9,989914733000035;48,401110934000030;1
176205;08;4;16;023;2019;04;19;7;3;0;7;1;1;0;0;0;0;0;508961,369948497970000;5373966,947579478800000;9,121354447000044;48,518750817000068;0
176211;08;2;21;000;2019;04;21;7;2;6;7;2;0;1;1;0;0;0;476544,538959782570000;5472432,121266244000000;8,676694387000055;49,404123668000068;1
176212;08;2;21;000;2019;04;16;7;3;6;2;0;0;1;1;0;0;0;477488,854992670010000;5472689,655355511200000;8,689695857000061;49,406475810000074;1
176214;08;2;15;096;2019;04;15;7;3;6;7;0;0;1;1;0;0;0;463508,055972306060000;5417388,260401163300000;8,501996577000057;48,908360515000027;0
176216;08;1;25;030;2019;04;12;7;2;6;2;0;0;1;1;0;0;0;514606,500148657710000;5438892,147069957100000;9,200110976000076;49,102702803000057;1
176219;08;1;15;028;2019;04;10;7;3;5;3;0;1;1;0;0;0;0;501127,267776983790000;5404755,298840321600000;9,015349282000045;48,795790510000074;0
176221;08;4;36;064;2019;04;12;6;3;5;3;0;1;1;0;0;0;0;544621,143354203550000;5288974,468979936100000;9,595334902000047;47,752595726000038;1
176223;08;2;22;000;2019;05;18;2;3;5;3;0;1;1;0;0;0;0;462098,775127454660000;5480721,452121367700000;8,476791109000033;49,477954312000065;0
176229;08;3;17;001;2019;05;13;2;3;5;3;0;1;1;0;0;0;0;429660,879466449840000;5386619,898977145600000;8,045398193000040;48,628688252000074;0
176230;08;3;11;000;2019;05;15;2;3;5;3;0;1;1;0;0;0;0;411790,485000000340000;5319086,175999999000000;7,817052963000037;48,018974997000043;0
176231;08;3;11;000;2019;05;17;2;2;6;4;0;0;0;1;0;0;1;413993,723753694440000;5316412,728051049600000;7,847129681000070;47,995226812000055;0
176233;08;3;11;000;2019;05;10;2;3;0;7;0;0;0;1;0;0;1;414113,843325212600000;5316409,289547838300000;7,848740174000056;47,995212028000026;0
176235;08;2;12;000;2019;05;16;2;3;5;3;0;1;1;0;0;0;0;459817,539000000800000;5427099,516000000800000;8,450676382000040;48,995487499000035;0
176236;08;2;12;000;2019;05;17;2;3;5;3;0;1;0;0;0;0;1;453221,415993764070000;5428885,668151762300000;8,360302272000070;49,011089489000028;0
176237;08;2;15;009;2019;05;10;2;2;0;7;0;1;0;0;0;0;0;470673,690582211130000;5441540,837002093000000;8,598037131000069;49,126002644000039;0
176239;08;2;26;082;2019;05;19;2;3;2;3;0;1;1;0;0;0;0;476957,945508801380000;5480439,639608984800000;8,681927104000067;49,476165398000035;0
176240;08;2;26;096;2019;05;17;2;3;6;4;0;0;1;1;0;0;0;475849,032363124190000;5488389,742399165400000;8,666133567000031;49,547630788000049;0
176244;08;2;16;015;2019;05;12;2;3;2;6;0;1;0;0;0;0;0;450014,191811088470000;5405880,495793638800000;8,319263458000023;48,803903651000041;0
176246;08;2;15;103;2019;05;10;2;3;0;2;0;1;0;0;0;0;0;465052,871168012730000;5441413,244458597200000;8,521008674000029;49,124561015000040;0
176247;08;2;15;017;2019;05;17;2;3;1;5;0;1;1;0;0;0;0;456196,756954163310000;5421465,211969060800000;8,401787005000074;48,944559689000073;0
176248;08;2;12;000;2019;05;21;2;3;0;2;2;1;0;0;0;0;0;462759,739271199330000;5428345,545822912800000;8,490782425000020;49,006880343000034;0
176249;08;1;15;003;2019;05;17;2;2;4;6;0;1;0;0;0;0;0;498009,470637370830000;5391377,743265740600000;8,972960856000043;48,675443452000081;0
176250;08;1;36;088;2019;05;07;2;3;5;2;0;1;1;0;0;0;0;580714,842142193580000;5409925,703593552100000;10,099953585000037;48,837056551000046;0
176253;08;1;18;048;2019;05;07;2;3;0;7;0;1;0;0;0;0;0;513129,691766468810000;5416198,126673927500000;9,179144946000065;48,898590422000041;0
176256;08;1;15;029;2019;05;18;2;3;4;6;0;1;1;0;0;0;0;497187,511500000950000;5399305,388000002100000;8,961741420000067;48,746757918000071;0
176257;08;1;15;037;2019;05;17;2;2;0;7;0;1;0;0;0;0;0;491477,428916282950000;5385624,393330842300000;8,884348818000035;48,623630468000044;0
176259;08;1;11;000;2019;05;05;2;3;5;3;0;1;1;0;0;0;0;518541,944999999370000;5402888,462000001200000;9,252388254000039;48,778721225000027;0
176260;08;1;11;000;2019;05;16;2;3;5;2;0;1;1;0;0;0;0;512322,443886989730000;5395436,317602135200000;9,167507510000064;48,711836193000067;0
176261;08;1;11;000;2019;05;08;2;3;2;6;0;1;1;0;0;0;0;512395,059854821300000;5404044,972502758700000;9,168753763000041;48,789277944000048;0
176262;08;3;35;063;2019;05;19;1;3;5;3;1;1;0;0;0;0;0;496918,940525873560000;5287439,840854233100000;8,958902262000038;47,740324465000072;1
176264;08;3;25;045;2019;05;19;1;3;0;7;0;1;1;0;0;0;0;467073,698134351520000;5348807,299951769400000;8,556094147000067;48,291608079000071;0
176265;08;3;17;089;2019;05;17;1;3;5;3;0;1;1;0;0;0;0;432232,130889793860000;5375752,471561634900000;8,082060761000037;48,531218388000070;0
176267;08;2;12;000;2019;05;18;1;3;5;3;0;1;1;0;0;0;0;457319,049177845010000;5428567,397933542700000;8,416367730000047;49,008523643000046;0
176270;08;2;15;066;2019;05;12;1;3;6;4;0;0;1;1;0;0;0;457138,093412063080000;5453787,227002013500000;8,411213915000076;49,235362257000077;0
176271;08;2;15;017;2019;05;12;1;3;5;3;0;1;1;0;0;0;0;457000,149571148680000;5421420,219210563200000;8,412762933000067;48,944211346000031;0
176273;08;1;15;003;2019;05;20;1;3;6;4;0;0;1;1;0;0;0;500225,865388502370000;5392146,806684825600000;9,003068552000059;48,682365171000072;0
176274;08;4;37;104;2019;05;14;7;3;1;1;0;1;1;0;0;0;0;516221,196943026970000;5326863,209959717500000;9,217855031000056;48,094829870000069;0
176277;08;4;21;000;2019;05;10;7;3;5;3;0;1;1;0;0;0;0;574414,148505592720000;5361606,522087812400000;10,005434685000068;48,403221734000056;0
176278;08;3;37;096;2019;05;12;7;2;5;3;0;1;1;0;0;0;0;419300,905697865410000;5267203,761591104800000;7,927399745000059;47,553237293000052;0
176279;08;3;35;043;2019;05;17;7;3;0;1;0;1;0;0;0;0;0;512826,438000001010000;5278679,667000001300000;9,170831655000029;47,661383596000064;1
176281;08;3;26;074;2019;05;11;7;3;2;6;0;1;1;0;0;0;0;465006,868439857850000;5322684,469424614700000;8,530381518000070;48,056480247000081;0
176282;08;3;15;006;2019;05;13;7;3;5;3;0;1;1;0;0;0;0;402947,266767913480000;5307461,968902118500000;7,701114407000034;47,913133949000041;0
176284;08;3;11;000;2019;05;13;7;3;0;7;0;1;0;0;0;0;0;414589,458999999800000;5318374,183000003900000;7,854722992000063;48,012950707000073;0
176285;08;2;35;046;2019;05;15;7;2;6;2;0;0;1;1;0;0;0;479691,240044046190000;5378274,673425994800000;8,724771071000021;48,557239600000059;1
176286;08;2;21;000;2019;05;12;7;3;1;7;0;0;1;1;0;0;0;477476,032970233820000;5472788,243385383900000;8,689513522000027;49,407362120000073;0
176288;08;2;22;000;2019;05;15;7;3;5;3;0;1;1;0;0;0;0;466399,006046558730000;5477480,974302785500000;8,536426694000056;49,449060789000043;0
176290;08;2;21;000;2019;05;01;7;3;1;5;2;1;1;0;0;0;0;477750,395056815820000;5473723,295903487100000;8,693243063000068;49,415782864000050;1
176294;08;2;12;000;2019;05;01;7;3;0;1;2;1;0;0;0;0;0;456045,556108346210000;5428722,122254312000000;8,398937835000027;49,009826012000076;1
176295;08;2;12;000;2019;05;00;7;3;0;1;2;1;0;0;0;0;0;457869,715189809910000;5428500,936768975100000;8,423904200000038;49,007963655000026;1
176296;08;1;36;065;2019;05;22;7;3;5;3;2;1;1;0;0;0;0;558812,012871881950000;5405406,451632304100000;9,800857816000075;48,798867124000026;1
176302;08;1;16;068;2019;05;15;7;2;5;3;0;1;1;0;0;0;0;526404,958922406660000;5390021,048652943200000;9,358591962000048;48,662683485000059;1
176305;08;1;11;000;2019;05;10;7;3;5;3;0;1;1;0;0;0;0;514992,958365690890000;5395308,774285588400000;9,203804809000076;48,710630318000028;0
176306;08;4;35;035;2019;05;17;6;3;0;1;0;1;0;0;0;0;0;542317,024000001140000;5283031,067000001700000;9,564017363000062;47,699277197000072;0
176309;08;4;15;061;2019;05;11;6;3;0;7;0;1;0;0;0;0;0;514079,551000000910000;5370808,002999998600000;9,190557721000062;48,490237937000074;0
176314;08;3;11;000;2019;05;15;6;3;5;3;0;1;1;0;0;0;0;414125,909868115560000;5316087,980233905800000;7,848966175000044;47,992323350000049;0
176315;08;3;11;000;2019;05;19;6;3;0;1;0;1;0;0;0;0;0;412309,167340341020000;5317001,787499338400000;7,824433554000052;48,000296757000058;0
176316;08;2;12;000;2019;05;09;6;2;0;2;0;1;0;0;1;0;0;456348,698668957690000;5427971,649373060100000;8,403163657000050;49,003096939000045;0
176317;08;2;35;033;2019;05;17;6;2;6;7;0;0;1;1;0;0;0;459308,013101327230000;5405835,865490660100000;8,445829789000072;48,804180133000045;0
176318;08;2;26;041;2019;05;13;6;3;5;5;0;1;1;0;0;0;0;476932,498070292170000;5465754,711950296500000;8,682429042000024;49,344075919000034;1
176319;08;2;26;031;2019;05;10;6;3;6;7;0;0;0;1;0;0;1;474661,792102343400000;5493221,482477515900000;8,649410197000066;49,591041636000057;0
176320;08;2;25;109;2019;05;16;6;3;0;1;0;1;0;0;0;0;0;525865,698295090350000;5492360,108050344500000;9,357831554000029;49,583271649000039;0
176323;08;2;21;000;2019;05;13;6;3;5;3;0;1;1;0;0;0;0;475659,359897044490000;5470556,524037638700000;8,664608359000056;49,387218208000036;1
176325;08;2;21;000;2019;05;17;6;3;0;1;0;1;0;0;0;0;0;477983,456194520930000;5471538,284258795900000;8,696577386000058;49,396137481000039;1
176326;08;2;16;043;2019;05;09;6;3;5;3;0;1;1;0;0;0;0;442589,290281536060000;5410410,021303782200000;8,217521866000027;48,844005511000034;0
176327;08;2;15;097;2019;05;17;6;3;1;5;0;1;1;0;0;0;0;475882,484183400870000;5443634,145599320500000;8,669305162000057;49,145058972000072;0
176329;08;1;36;033;2019;05;07;6;3;0;7;0;1;1;0;0;0;0;580527,014196084810000;5416360,207593604900000;10,098660739000024;48,894953981000072;0
176330;08;1;19;093;2019;05;18;6;2;6;4;0;0;1;1;0;0;0;523661,257771745320000;5406943,072526788300000;9,322303597000030;48,815022010000064;0
176332;08;1;18;080;2019;05;07;6;3;0;7;0;1;0;0;0;0;0;508752,000289343300000;5408615,976657208100000;9,119252578000044;48,830460163000055;0
176336;08;4;37;088;2019;05;12;5;3;9;7;0;1;0;0;0;0;0;519212,608733487320000;5307334,463712627100000;9,257155223000041;47,919044888000030;0
176347;08;3;17;114;2019;05;07;5;3;5;1;0;1;1;0;0;0;0;405170,349999999630000;5345972,234000001100000;7,722306902000071;48,259859712000036;1
176348;08;3;17;065;2019;05;12;5;3;5;5;0;1;1;0;0;0;0;416250,629173531200000;5354549,250193800800000;7,869863821000024;48,338571445000071;0
176351;08;3;17;057;2019;05;15;5;3;5;3;0;1;1;0;0;0;0;413644,321637761780000;5379381,854428295000000;7,829578654000045;48,561580119000041;1
176353;08;3;15;006;2019;05;18;5;3;6;7;0;0;1;1;0;0;0;403246,007000000220000;5308374,607000000800000;7,704906594000022;47,921388291000028;0
176357;08;3;11;000;2019;05;15;5;2;3;6;0;1;1;0;0;0;0;414582,189497574230000;5318253,445460448000000;7,854649589000076;48,011863657000049;1
176358;08;3;11;000;2019;05;16;5;3;5;2;0;1;1;0;0;0;0;413066,475506564600000;5315389,380381668000000;7,834910284000046;47,985896050000065;0
176360;08;2;31;000;2019;05;18;5;3;6;3;0;0;1;1;0;0;0;475721,838660977780000;5416563,250692836900000;8,668722764000052;48,901538335000055;1
176363;08;2;26;063;2019;05;16;5;3;5;3;0;1;1;0;0;0;0;470399,200512010600000;5471539,643577208700000;8,592056737000064;49,395828177000055;1
176366;08;2;21;000;2019;05;07;5;3;5;3;0;1;1;0;0;0;0;477190,853429971260000;5469071,611558934700000;8,685795755000072;49,373920880000071;0
176367;08;2;12;000;2019;05;01;5;3;0;7;2;1;0;0;0;0;0;454781,924537323420000;5428518,132805110900000;8,381681862000050;49,007899809000037;1
176369;08;1;36;065;2019;05;08;5;3;6;2;0;0;1;1;0;0;0;558779,432074544950000;5405527,672365957900000;9,800431550000042;48,799960592000048;0
176372;08;1;35;020;2019;05;16;5;3;5;7;0;1;1;0;0;0;0;587317,955352058630000;5387046,336297750500000;10,185072137000077;48,630383669000025;0
176374;08;1;28;058;2019;05;07;5;3;5;3;0;1;1;0;0;0;0;558978,154603830540000;5482523,016615994300000;9,814409492000038;49,492475658000046;0
176377;08;1;25;074;2019;05;15;5;3;6;4;0;0;1;1;0;0;0;509710,137262102220000;5439440,565111488100000;9,133043585000053;49,107732847000079;0
176382;08;1;11;000;2019;05;07;5;3;5;3;0;1;1;0;0;0;0;512973,873506166970000;5406283,988046119000000;9,176704776000065;48,809408071000064;0
176385;08;4;37;100;2019;05;14;4;3;8;1;0;1;0;0;0;0;0;537480,987369231880000;5317693,828794263300000;9,502568170000075;48,011439206000034;1
176386;08;4;35;016;2019;05;15;4;3;1;7;0;1;1;0;0;0;0;535541,927360791710000;5277824,244795767600000;9,473295945000075;47,652837695000073;0
176387;08;4;21;000;2019;05;08;4;2;0;1;0;1;0;0;0;0;0;572916,782999999820000;5361721,250000000000000;9,985226350000062;48,404428733000032;1
176389;08;4;16;036;2019;05;19;4;3;6;7;1;0;1;1;0;0;0;495226,360061748880000;5368897,574527259900000;8,935413494000045;48,473190513000077;1
176390;08;4;15;061;2019;05;07;4;3;0;3;0;1;1;0;0;0;0;517035,555999999870000;5370375,278000000900000;9,230547404000049;48,486271808000026;1
176391;08;3;35;002;2019;05;09;4;3;0;1;0;1;0;0;0;0;0;505536,726862684820000;5284651,743634188500000;9,073817999000028;47,715221853000060;1
176392;08;4;36;082;2019;05;08;4;3;5;3;0;1;1;0;0;0;0;547242,042000001300000;5295595,930000001600000;9,631021337000050;47,811982204000060;1
176396;08;3;17;096;2019;05;16;4;3;6;6;0;1;0;1;0;0;0;421874,992723346690000;5369248,609861973700000;7,943010138000034;48,471513066000057;1
176399;08;3;16;012;2019;05;12;4;3;6;4;0;0;1;1;0;0;0;403575,357441517520000;5333496,569001616900000;7,703657393000071;48,147405879000075;0
176401;08;3;15;108;2019;05;07;4;3;5;3;0;1;1;0;0;0;0;405323,654123334210000;5303842,700265644100000;7,733704360000047;47,880933378000066;0
176402;08;3;11;000;2019;05;09;4;3;5;3;0;1;1;0;0;0;0;413439,604000000280000;5317543,699999999300000;7,839475381000057;48,005325510000034;1
176403;08;3;11;000;2019;05;18;4;3;6;3;0;1;0;1;0;0;0;411567,032471400690000;5318679,043342093000000;7,814140978000069;48,015281852000044;1
176404;08;3;11;000;2019;05;08;4;3;0;2;0;1;1;0;0;0;0;414743,183000001130000;5319060,049000000600000;7,856647454000040;48,019140854000057;0
176405;08;2;31;000;2019;05;12;4;3;0;1;0;1;0;0;0;0;0;477024,823267277330000;5415269,927632303900000;8,686574537000070;48,889953760000026;1
176408;08;2;26;084;2019;05;19;4;3;5;3;0;1;1;0;0;0;0;467886,512164416720000;5471282,854876870300000;8,557449933000044;49,393391072000043;1
176411;08;2;21;000;2019;05;08;4;3;6;7;0;0;1;1;0;0;0;476866,069816841740000;5472790,085033496800000;8,681105382000055;49,407355803000030;1
176412;08;2;16;015;2019;05;16;4;3;1;5;0;1;1;0;0;0;0;449985,393590564840000;5405882,012138094800000;8,318871111000021;48,803914974000065;1
176416;08;2;15;108;2019;05;14;4;3;6;6;0;0;1;1;0;0;0;446736,073764869010000;5423825,551256537400000;8,272285329000056;48,965048472000035;0
176418;08;1;27;014;2019;05;06;4;2;4;2;0;1;1;0;0;0;0;576203,771985824220000;5443828,766557671100000;10,044846595000024;49,142555665000032;0
176421;08;1;19;079;2019;05;13;4;3;5;3;0;1;1;0;0;0;0;523909,905024532230000;5412439,324728354800000;9,326011224000069;48,864455248000070;1
176422;08;1;16;041;2019;05;14;4;3;5;3;0;1;1;0;0;0;0;519470,497447510250000;5384365,489704048300000;9,264154126000051;48,612060229000065;1
176425;08;1;11;000;2019;05;16;4;3;5;3;0;1;1;0;0;0;0;519107,000357687470000;5404272,933438202400000;9,260143927000058;48,791158639000059;1