OBJECTID;ULAND;UREGBEZ;UKREIS;UGEMEINDE;UJAHR;UMONAT;USTUNDE;UWOCHENTAG;UKATEGORIE;UART;UTYP1;ULICHTVERH;IstRad;IstPKW;IstFuss;IstKrad;IstGkfz;IstSonstige;LINREFX;LINREFY;XGCSWGS84;YGCSWGS84;STRZUSTAND
176430;08;4;25;039;2019;05;17;3;3;5;3;0;1;1;0;0;0;0;565620,816717265170000;5353270,667040400200000;9,885340079000059;48,329213069000048;0
176431;08;3;37;096;2019;05;07;3;3;0;7;0;1;0;0;0;0;0;421298,537605769930000;5267633,950729975500000;7,953869326000074;47,557352652000077;0
176432;08;3;27;050;2019;05;16;3;2;0;1;0;1;0;0;0;0;0;487104,838059781120000;5314699,648525072300000;8,827180679000037;47,985469299000044;0
176436;08;3;17;096;2019;05;07;3;2;5;3;0;1;1;0;0;0;0;422629,629678252150000;5369389,887671738900000;7,953192050000041;48,472877155000049;0
176437;08;3;17;129;2019;05;18;3;2;9;1;0;1;0;0;0;0;0;430287,505474296400000;5349572,220168190100000;8,060074764000035;48,295505636000030;0
176438;08;3;15;015;2019;05;17;3;3;6;4;0;0;1;1;0;0;0;394430,701665970500000;5320733,906073734200000;7,583908582000049;48,031162651000045;0
176439;08;3;15;132;2019;05;09;3;2;0;6;0;1;1;0;0;0;0;409451,621113093570000;5323154,131142292200000;7,784834226000044;48,055239457000027;0
176440;08;3;11;000;2019;05;20;3;3;6;4;0;1;0;1;0;0;0;411776,429233334030000;5316482,831298328900000;7,817400040000052;47,995555304000050;0
176441;08;2;12;000;2019;05;10;3;2;5;3;0;1;1;0;0;0;0;454472,234860710800000;5433017,500667819800000;8,376942243000030;49,048349035000058;0
176443;08;2;12;000;2019;05;16;3;3;5;2;0;1;1;0;0;0;0;455741,517172840420000;5428288,921496214300000;8,394827674000055;49,005907596000043;0
176449;08;2;22;000;2019;05;20;3;3;5;3;1;1;1;0;0;0;0;463243,659874813630000;5480774,453016327700000;8,492590126000039;49,478501434000066;0
176450;08;2;22;000;2019;05;11;3;3;0;7;0;1;0;0;0;0;0;462401,753335800020000;5477901,254564035700000;8,481241293000039;49,452606834000051;0
176454;08;2;16;015;2019;05;17;3;3;4;3;0;1;1;0;0;0;0;449873,751804798840000;5406142,825311869400000;8,317318974000045;48,806252069000038;0
176455;08;2;16;043;2019;05;17;3;3;6;7;0;0;1;1;0;0;0;441070,013899492100000;5409325,869543964000000;8,196972929000026;48,834111195000048;0
176457;08;2;12;000;2019;05;11;3;3;5;3;0;1;1;0;0;0;0;459758,300138816240000;5427033,400971414500000;8,449873132000050;48,994888922000030;0
176459;08;1;26;028;2019;05;17;3;3;4;2;0;1;0;0;0;0;1;541135,464643809010000;5459822,021691355900000;9,565691664000042;49,289762263000057;0
176465;08;1;19;079;2019;05;07;3;3;0;1;0;1;0;0;0;0;0;522540,527314426380000;5407512,204569980500000;9,307068988000026;48,820183463000035;0
176466;08;1;19;001;2019;05;18;3;3;0;7;0;1;0;0;0;0;0;555032,168999999760000;5408232,123000001500000;9,749770414000068;48,824630539000054;0
176467;08;1;19;008;2019;05;07;3;2;6;4;0;0;1;1;0;0;0;531829,772073609750000;5422040,942500136800000;9,434744302000070;48,950470749000033;0
176468;08;1;16;078;2019;05;08;3;3;5;3;0;1;1;0;0;0;0;509902,517208436500000;5394396,974802935500000;9,134586942000055;48,702529340000069;0
176469;08;1;15;003;2019;05;17;3;3;1;5;0;1;1;0;0;0;0;500874,239309493450000;5393101,261153686800000;9,011879222000061;48,690950975000078;0
176470;08;1;11;000;2019;05;17;3;3;2;6;0;1;1;0;0;0;0;516859,091748557050000;5403075,650201927900000;9,229489560000047;48,780453033000072;0
176471;08;1;11;000;2019;05;19;3;3;5;3;1;1;1;0;0;0;0;512063,738877057100000;5403420,216624241300000;9,164224640000043;48,783664210000040;0
176472;08;4;26;005;2019;05;17;2;2;6;4;0;0;0;1;0;0;1;545972,276000000540000;5328170,384999999800000;9,617544573000032;48,105137825000043;0
176473;08;4;17;079;2019;05;17;2;3;5;3;0;1;1;0;0;0;0;497723,746525037100000;5343740,494505750000000;8,969338808000032;48,246875832000057;0
176476;08;3;26;074;2019;05;08;2;2;5;3;0;1;0;0;0;0;0;459640,490004862660000;5323172,767133316000000;8,458320117000028;48,060556397000028;0
176478;08;3;11;000;2019;05;13;2;3;0;1;0;1;0;0;0;0;0;414436,969715579410000;5315651,819274265300000;7,853221610000048;47,988441607000027;0
176479;08;3;11;000;2019;05;15;2;3;3;1;0;1;1;0;0;0;0;413661,967190830040000;5315571,306593190900000;7,842852834000041;47,987613208000027;0
176480;08;3;36;050;2019;05;19;2;2;5;2;0;1;0;0;0;0;1;399507,376020048740000;5275722,783974707100000;7,662431993000041;47,627107528000067;0
176481;08;3;15;084;2019;05;07;2;3;5;3;0;1;1;0;0;0;0;422124,219168045560000;5309274,407889105400000;7,957388291000029;47,932054285000049;0
176482;08;2;12;000;2019;05;12;2;3;5;3;0;1;1;0;0;0;0;456179,354600029070000;5428842,415377473500000;8,400754394000046;49,010917578000033;0
176483;08;2;35;084;2019;05;16;2;3;5;3;0;1;1;0;0;0;0;478582,201946554710000;5393194,991983702400000;8,708970625000063;48,691427220000037;0
176485;08;2;22;000;2019;05;10;2;3;5;2;0;1;1;0;0;0;0;460687,584370132540000;5488877,043304555100000;8,456498932000045;49,551219265000043;0
176487;08;2;11;000;2019;05;14;3;3;6;7;0;0;1;1;0;0;0;443868,049999999810000;5401010,394000005000000;8,236233996000067;48,759571647000030;0
176489;08;2;12;000;2019;05;16;3;3;4;2;0;1;1;0;0;0;0;458461,609000001100000;5428757,959000000700000;8,431971125000075;49,010315736000052;0
176490;08;2;37;028;2019;05;16;3;3;6;7;0;1;0;1;0;0;0;456677,443310332480000;5368041,914533823700000;8,413957867000022;48,464018682000074;0
176492;08;4;36;081;2019;05;17;2;3;3;6;0;1;0;0;0;0;1;561978,261096360160000;5281689,871606346200000;9,825855605000072;47,685623667000073;0
176494;08;1;18;048;2019;05;19;3;3;5;3;0;1;1;0;0;0;0;512931,162000000480000;5416616,390999998900000;9,176449412000068;48,902357191000078;0
176495;08;2;22;000;2019;05;05;3;3;4;3;0;1;0;0;0;0;0;461739,683230613360000;5483204,347251161900000;8,471593910000024;49,500264107000078;0
176497;08;3;37;126;2019;05;09;2;3;6;3;0;0;1;1;0;0;0;441041,333455505780000;5275182,275676954500000;8,215254058000028;47,627358117000028;0
176499;08;2;22;000;2019;05;15;3;3;4;6;0;1;0;0;1;0;0;463381,493515547360000;5484597,718626705900000;8,494138490000069;49,512898088000043;0
176500;08;1;11;000;2019;05;15;3;2;6;4;0;0;1;1;0;0;0;514017,311543772930000;5408793,236651012700000;9,191002122000043;48,831958229000065;0
176501;08;3;27;050;2019;05;21;2;3;5;3;2;1;1;0;0;0;0;486202,462575977670000;5314265,984059572200000;8,815101155000036;47,981548716000077;0
176502;08;2;12;000;2019;05;17;3;2;3;5;0;1;1;0;0;0;0;450809,471190034410000;5428459,156198775400000;8,327372900000057;49,007065459000046;0
176503;08;1;36;088;2019;05;16;3;2;4;6;0;1;0;0;0;0;0;579575,132099153470000;5409166,514674538700000;10,084277563000057;48,830375332000074;0
176508;08;2;26;010;2019;05;18;3;2;6;4;0;0;1;1;0;0;0;480996,392940877010000;5458715,230225937400000;8,738711245000047;49,280895715000042;0
176510;08;2;26;096;2019;05;17;3;2;0;7;0;1;0;0;0;0;0;476159,743574260730000;5489598,423509748700000;8,670355651000023;49,558514706000039;0
176511;08;4;17;002;2019;05;18;2;3;0;7;0;1;0;0;0;0;0;491005,205434822480000;5344229,416154202100000;8,878829631000031;48,251214806000064;0
176514;08;2;26;098;2019;05;17;2;3;6;4;0;0;0;1;0;0;1;477539,248977370560000;5459984,352010205400000;8,691106851000029;49,292194252000058;0
176515;08;2;26;082;2019;05;17;2;3;5;3;0;1;0;0;1;0;0;475169,584625503980000;5480150,181283794300000;8,657259158000045;49,473491290000027;1
176517;08;2;12;000;2019;05;11;2;3;0;7;0;1;0;0;0;0;0;454300,587343176830000;5429320,435643704600000;8,375010069000041;49,015081117000079;0
176518;08;2;16;049;2019;05;15;2;2;0;7;0;1;0;0;0;0;0;438708,582793020640000;5401608,701616555500000;8,165949427000044;48,764466840000068;0
176519;08;1;36;043;2019;05;19;2;2;0;1;0;1;0;0;0;0;0;570768,771758916790000;5407889,580843703800000;9,964082064000024;48,819955860000050;1
176520;08;1;25;030;2019;05;16;2;3;5;3;0;1;1;0;0;0;0;514998,718000001270000;5439204,366000002300000;9,205495973000041;49,105501896000078;1
176523;08;1;16;071;2019;05;15;2;3;5;3;0;1;1;0;0;0;0;528352,122108052480000;5390815,868208386000000;9,385089240000070;48,669748282000057;1
176528;08;1;11;000;2019;05;17;2;3;8;7;0;0;1;1;0;0;0;512233,990317603570000;5402351,589521618600000;9,166510477000031;48,774047595000070;1
176529;08;1;11;000;2019;05;19;2;3;5;3;0;1;1;0;0;0;0;511594,085705055860000;5402592,442660339200000;9,157807895000076;48,776226547000078;1
176532;08;4;25;072;2019;05;14;1;3;6;7;0;0;1;1;0;0;0;579762,129022683950000;5369119,293525068100000;10,079110536000030;48,470144360000063;0
176533;08;4;25;031;2019;05;16;1;3;5;3;0;0;1;1;0;0;0;569168,095797930840000;5369019,031566271600000;9,935787548000064;48,470496989000026;0
176534;08;4;15;014;2019;05;14;1;3;5;3;0;1;1;0;0;0;0;525439,370751624930000;5375355,659538976800000;9,344580649000022;48,530792460000043;0
176539;08;2;12;000;2019;05;14;1;3;6;3;0;0;1;1;0;0;0;456968,441491724920000;5427005,228885440200000;8,411739202000035;48,994447366000031;0
176540;08;2;22;000;2019;05;00;1;3;0;7;2;0;0;1;0;0;1;461189,384433041330000;5481844,193661395500000;8,464127765000058;49,487995313000056;0
176541;08;2;21;000;2019;05;19;1;3;1;5;0;1;1;0;0;0;0;477119,586122302340000;5469418,188116142500000;8,684794103000058;49,377035626000065;0
176545;08;1;19;067;2019;05;16;1;3;1;5;0;1;1;0;0;0;0;539213,260458574630000;5406213,457274366200000;9,534068942000033;48,807671825000057;0
176547;08;1;11;000;2019;05;09;1;2;1;5;0;1;1;0;0;0;0;516907,567709554920000;5398339,824872180800000;9,229954871000075;48,737848604000078;0
176548;08;4;35;035;2019;05;13;7;2;6;4;0;0;1;1;0;0;0;544264,733540329150000;5285698,507209105400000;9,590246721000028;47,723146065000037;0
176552;08;3;37;066;2019;05;17;7;3;0;1;0;1;0;0;0;0;0;431901,129440409130000;5269566,704988826100000;8,094483923000041;47,575939947000052;0
176554;08;3;35;075;2019;05;18;7;3;0;7;0;1;0;0;0;0;0;488989,809087883680000;5289270,758366830600000;8,853090780000059;47,756711635000045;0
176556;08;3;11;000;2019;05;08;7;2;5;3;0;1;1;0;0;0;0;405129,577795884570000;5318292,793654827400000;7,727923442000076;48,010884148000059;0
176557;08;3;11;000;2019;05;09;7;2;0;7;0;1;1;0;0;0;0;413580,491327979600000;5316344,003574261400000;7,841605519000041;47,994552891000069;0
176558;08;3;11;000;2019;05;14;7;3;5;2;0;1;1;0;0;0;0;413123,428000000310000;5318258,452000001400000;7,835092484000029;48,011712029000080;0
176559;08;2;12;000;2019;05;15;3;3;5;3;0;1;1;0;0;0;0;455112,019486456180000;5430596,744085028800000;8,385965406000025;49,026621167000030;0
176560;08;3;11;000;2019;05;01;7;3;3;6;2;1;1;0;0;0;0;412966,582305083050000;5316378,002427710200000;7,833371354000065;47,994775451000066;0
176561;08;2;12;000;2019;05;13;7;3;5;2;0;1;1;0;0;0;0;456536,107944262210000;5426824,010265363400000;8,405848725000055;48,992786995000074;0
176563;08;2;22;000;2019;05;12;7;3;6;7;0;0;1;1;0;0;0;461856,459307027050000;5483652,134631887100000;8,473163370000066;49,504299063000076;0
176565;08;2;26;076;2019;05;14;7;2;0;1;0;1;0;0;0;0;0;475725,111523567700000;5465441,578259006100000;8,665826281000022;49,341212442000028;0
176566;08;2;21;000;2019;05;01;7;3;0;7;2;1;0;0;0;0;0;477506,807000000960000;5471336,743000000700000;8,690019919000065;49,394307220000030;0
176567;08;2;21;000;2019;05;10;7;3;0;1;0;1;0;0;0;0;0;476686,878349287440000;5472502,110511694100000;8,678652225000064;49,404758680000043;0
176568;08;2;15;102;2019;05;15;7;2;5;3;0;1;1;0;0;0;0;456655,630626764150000;5438275,420746566700000;8,406257424000046;49,095801574000063;0
176570;08;1;36;010;2019;05;12;7;2;0;1;0;1;0;0;0;0;0;599509,275306955910000;5411467,509224336600000;10,356384066000032;48,848194793000062;0
176571;08;1;17;014;2019;05;11;7;2;0;1;0;1;0;0;0;0;0;554562,454100254920000;5385479,032231852400000;9,740361242000063;48,620001173000048;0
176573;08;1;19;067;2019;05;12;7;3;5;3;0;1;1;0;0;0;0;538425,566899684260000;5405616,708095610100000;9,523285489000045;48,802352944000063;0
176574;08;1;18;015;2019;05;14;7;3;0;5;0;1;1;0;0;0;0;506742,707999999630000;5429616,848000001200000;9,092221714000061;49,019403244000046;0
176575;08;1;16;068;2019;05;15;7;3;5;3;0;1;1;0;0;0;0;526109,652828148570000;5389781,644111331600000;9,354566538000029;48,660542222000061;0
176579;08;4;36;004;2019;05;07;6;3;5;3;0;1;1;0;0;0;0;581212,096506149510000;5310221,990270786000000;10,087449353000068;47,940164262000053;0
176580;08;4;37;104;2019;05;19;6;2;6;4;0;0;1;1;0;0;0;515761,892441425470000;5325779,037297293500000;9,211646465000058;48,085087114000032;0
176581;08;4;26;128;2019;05;17;6;2;6;7;0;0;1;1;0;0;0;559310,436702075410000;5331002,519231995600000;9,797093870000026;48,129513672000030;0
176584;08;4;17;002;2019;05;09;6;3;0;7;0;0;1;1;0;0;0;488965,179053995760000;5347255,767144830900000;8,851269212000034;48,278409858000032;0
176586;08;4;16;041;2019;05;20;6;3;0;7;1;1;0;0;0;0;0;504377,061143654400000;5373206,696914421400000;9,059266029000071;48,511960022000039;0
176589;08;3;35;077;2019;05;12;6;3;0;7;0;1;0;0;0;0;0;494381,955570466820000;5293920,150768987800000;8,924978061000047;47,798614222000026;0
176591;08;3;35;063;2019;05;14;6;3;5;2;0;1;1;0;0;0;0;498223,861000000500000;5287355,298999998700000;8,976308721000066;47,739568704000078;0
176593;08;4;17;079;2019;05;11;6;2;5;3;0;1;1;0;0;0;0;499713,677071561110000;5339874,408753927800000;8,996145835000050;48,212097354000036;0
176595;08;3;17;057;2019;05;07;6;3;5;3;0;1;1;0;0;0;0;411985,359162786980000;5380822,065553015100000;7,806794194000077;48,574303138000062;0
176596;08;3;16;055;2019;05;17;6;3;8;1;0;1;0;0;0;0;0;428890,456660714930000;5333641,091724813000000;8,043914082000072;48,152040460000080;0
176598;08;2;36;038;2019;05;16;6;3;0;7;0;1;0;0;0;0;0;487539,225578240120000;5427098,090930191800000;8,829648443000053;48,996656599000062;0
176599;08;2;22;000;2019;05;12;6;3;6;7;0;0;0;1;0;1;0;463354,094118415380000;5477703,584321091000000;8,494398878000027;49,450887065000074;0
176600;08;3;17;122;2019;05;17;6;3;1;7;0;1;1;0;0;0;0;417751,471262565810000;5367338,539548300200000;7,887607283000023;48,453806620000080;0
176602;08;2;15;100;2019;05;08;6;3;5;3;0;1;1;0;0;0;0;475603,762586692350000;5452042,701490959200000;8,664973240000052;49,220684406000032;0
176603;08;2;15;017;2019;05;15;6;3;5;3;0;1;1;0;0;0;0;456583,182000000960000;5421622,199999999300000;8,407047314000067;48,945999078000057;0
176604;08;2;12;000;2019;05;07;6;3;5;3;0;1;1;0;0;0;0;453530,841374943960000;5427926,908466745200000;8,364643130000047;49,002488775000074;0
176605;08;2;16;015;2019;05;20;6;3;1;7;0;1;1;0;0;0;0;449542,891530014570000;5406471,054197199600000;8,312772903000052;48,809177803000068;0
176606;08;1;25;026;2019;05;18;6;3;0;3;0;1;1;0;0;0;0;495464,583999999800000;5446439,718000000300000;8,937779101000047;49,170752915000037;1
176607;08;1;19;093;2019;05;15;6;3;5;3;0;1;0;0;0;0;1;525128,369578003880000;5404163,990535579600000;9,342117529000063;48,789964434000069;0
176609;08;1;19;020;2019;05;07;6;3;0;1;0;1;0;0;0;0;0;519774,149578350600000;5407507,631257273300000;9,269382945000075;48,820236546000046;0
176610;08;1;18;079;2019;05;07;6;3;5;7;0;1;1;0;0;0;0;509623,329957635140000;5421864,199032271300000;9,131437077000044;48,949625169000058;0
176611;08;1;16;049;2019;05;12;6;3;2;6;0;1;0;0;0;0;0;525466,108000000010000;5384688,018000001100000;9,345514360000038;48,614746422000053;0
176612;08;1;11;000;2019;05;15;6;3;6;4;0;0;1;1;0;0;0;513339,356761864390000;5401946,545414878100000;9,181541832000050;48,770381130000032;0
176615;08;1;11;000;2019;05;12;6;3;6;4;0;0;1;1;0;0;0;512990,628000000490000;5401230,429999999700000;9,176773223000055;48,763946378000071;0
176618;08;1;11;000;2019;05;16;6;3;0;7;0;1;0;0;0;0;0;518538,500000001860000;5402868,756999999300000;9,252340474000050;48,778544064000073;0
176619;08;1;11;000;2019;05;23;6;3;6;2;2;0;1;1;0;0;0;519652,679000000470000;5400098,962999999500000;9,267373867000060;48,753593114000068;1
176622;08;4;36;064;2019;05;17;5;3;2;2;0;1;1;0;0;0;0;546687,525352258240000;5293495,438419036600000;9,623388860000034;47,793124629000033;0
176626;08;4;25;141;2019;05;16;5;3;6;1;0;0;1;1;0;0;0;569074,010601489800000;5362509,191209385200000;9,933441220000077;48,411949386000060;0
176628;08;4;16;041;2019;05;16;5;3;5;3;0;1;1;0;0;0;0;504165,093688263560000;5376827,975905744400000;9,056432147000066;48,544539766000071;0
176629;08;4;15;061;2019;05;18;5;3;0;1;0;1;0;0;0;0;0;515578,797476432290000;5370749,941237526000000;9,210846761000028;48,489680212000053;0
176632;08;3;27;049;2019;05;07;5;3;5;3;0;1;1;0;0;0;0;471769,978200695480000;5323766,234577264600000;8,621070787000065;48,066547886000080;0
176633;08;3;17;057;2019;05;11;5;3;0;7;0;1;0;0;0;0;0;413247,624469402250000;5380091,995621273300000;7,824055111000064;48,567912641000078;0
176634;08;3;17;057;2019;05;07;5;3;5;3;0;1;1;0;0;0;0;412236,821376733480000;5380661,444702316100000;7,810236376000034;48,572893731000079;0
176635;08;3;17;110;2019;05;14;5;3;0;7;0;1;0;0;0;0;0;429464,012831229720000;5380901,300475480000000;8,043698471000027;48,577227380000068;0
176636;08;3;16;017;2019;05;08;5;3;0;4;0;1;0;1;0;0;0;408760,295564407480000;5341776,112848293000000;7,771568612000067;48,222643928000082;0
176637;08;3;15;074;2019;05;13;5;3;5;3;0;1;1;0;0;0;0;397568,928419005130000;5295901,155133841600000;7,631894404000036;47,808309758000064;0
176639;08;3;36;050;2019;05;18;5;3;3;2;0;1;0;0;0;0;0;398923,890007132660000;5273074,660966847100000;7,655278893000059;47,603196037000032;0
176641;08;2;12;000;2019;05;11;5;3;5;3;0;1;1;0;0;0;0;452236,938882642430000;5430982,062012985300000;8,346593630000029;49,029871131000050;0
176642;08;2;35;085;2019;05;09;5;2;5;2;0;1;1;0;0;0;0;483206,198293104770000;5393626,562303694000000;8,771784285000024;48,695451221000042;0
176645;08;2;36;040;2019;05;11;5;3;0;7;0;1;0;0;0;0;1;489001,115370810960000;5420368,563091700900000;8,849815803000070;48,936147977000076;0
176648;08;2;25;058;2019;05;16;5;3;1;3;0;1;1;0;0;0;0;509999,239164634610000;5466474,826973369300000;9,137678787000027;49,350907658000040;0
176649;08;2;22;000;2019;05;15;5;3;1;5;0;1;1;0;0;0;0;462175,826713325460000;5482894,123124761500000;8,477646842000070;49,497501162000049;0
176652;08;2;22;000;2019;05;18;5;3;6;3;0;0;1;1;0;0;0;461136,575287343930000;5481823,488406360100000;8,463400679000074;49,487805701000070;0
176655;08;2;15;106;2019;05;16;5;3;5;3;0;1;1;0;0;0;0;466245,161269035190000;5454721,242154033900000;8,536232477000056;49,244333536000056;0
176659;08;1;19;067;2019;05;13;5;3;6;4;0;0;1;1;0;0;0;539043,770523215640000;5406014,631305418900000;9,531741750000037;48,805893951000030;0
176661;08;1;17;018;2019;05;07;5;3;0;1;0;1;0;0;0;0;0;538010,548001218590000;5395529,292352477100000;9,516702440000074;48,711635795000063;0
176662;08;1;16;019;2019;05;11;5;3;5;3;0;1;1;0;0;0;0;521235,942063279450000;5397234,663168007500000;9,288766180000039;48,727774147000048;0
176663;08;1;15;045;2019;05;07;5;3;1;5;0;1;1;0;0;0;0;497122,869126966220000;5396112,361850168600000;8,960884371000077;48,718033051000077;0
176665;08;1;11;000;2019;05;14;5;2;6;2;0;0;0;1;0;0;1;512542,178511847740000;5402918,014887534100000;9,170722325000043;48,779136980000033;0
176668;08;1;11;000;2019;05;05;5;3;4;6;0;1;0;0;0;0;0;508082,071730856780000;5397637,560607805800000;9,109908472000029;48,731708036000043;0
176670;08;4;35;016;2019;05;19;4;3;5;3;0;1;1;0;0;0;0;535554,237999999900000;5279160,150000002200000;9,473568556000032;47,664856715000042;0
176671;08;4;21;000;2019;05;17;4;3;6;4;0;0;1;1;0;0;0;571985,780825380240000;5355984,364724295200000;9,971666221000021;48,352930775000061;0
176672;08;4;21;000;2019;05;08;4;3;6;7;0;1;0;1;0;0;0;571611,868049908430000;5362181,312253953900000;9,967675943000074;48,408716725000033;0
176673;08;4;15;087;2019;05;16;4;3;5;3;0;1;1;0;0;0;0;512900,987559727390000;5381816,647245712600000;9,174947640000028;48,589300268000045;0
176676;08;4;15;014;2019;05;07;4;3;6;7;0;0;1;1;0;0;0;525313,322150503290000;5375215,560051383500000;9,342864822000024;48,529537195000046;0
176677;08;3;36;050;2019;05;15;4;3;2;6;0;1;1;0;0;0;0;399610,153753209860000;5274776,311109652700000;7,664016566000043;47,618609630000037;0
176681;08;3;25;069;2019;05;06;4;3;5;3;0;1;1;0;0;0;0;469841,576999999580000;5334899,517000002800000;8,594399062000036;48,166623288000039;0
176683;08;3;17;096;2019;05;19;4;3;5;3;0;1;1;0;0;0;0;423339,912974826060000;5369025,093181723700000;7,962867294000034;48,469682835000071;0
176684;08;3;17;065;2019;05;10;4;3;6;7;0;0;1;1;0;0;0;416508,349222951570000;5354998,859692659200000;7,873251729000060;48,342649754000036;0
176690;08;2;12;000;2019;05;07;4;3;5;3;0;1;1;0;0;0;0;454075,796983673240000;5425685,816905997700000;8,372346946000050;48,982370747000061;0
176694;08;2;22;000;2019;05;13;4;3;5;2;0;1;1;0;0;0;0;464078,206228934230000;5478358,533975681300000;8,504329605000066;49,456821296000044;0
176697;08;2;15;100;2019;05;07;4;3;6;4;0;0;1;1;0;0;0;474707,464712333870000;5451838,912813017100000;8,652677709000045;49,218814951000070;0
176698;08;2;15;109;2019;05;17;4;3;0;2;0;1;0;0;0;0;0;464219,574000000020000;5437831,348000003000000;8,509905242000059;49,092293490000031;0
176699;08;2;12;000;2019;05;08;4;3;0;7;0;1;0;1;0;0;0;457183,411574238910000;5427424,217002226000000;8,414633618000039;48,998231173000079;0
176700;08;2;12;000;2019;05;16;4;3;5;3;0;1;1;0;0;0;0;459821,356151896530000;5427087,160438533900000;8,450729785000021;48,995376607000026;0
176701;08;2;12;000;2019;05;11;4;3;6;4;0;0;1;1;0;0;0;455381,343769598750000;5427062,139497172100000;8,390037875000076;48,994846628000062;0
176702;08;1;15;041;2019;05;18;4;3;8;1;0;0;0;1;1;0;0;495440,760653226640000;5402419,946113336800000;8,937945690000049;48,774766103000047;0
176703;08;1;26;011;2019;05;18;4;3;0;1;0;1;0;0;0;0;0;532910,450385331180000;5448479,265550321000000;9,451654734000044;49,188232959000061;0
176704;08;1;26;046;2019;05;14;4;3;6;4;0;0;1;1;0;0;0;549949,942886558360000;5458669,745145797700000;9,686755375000075;49,278741135000075;0
176705;08;1;21;000;2019;05;14;4;2;3;6;0;1;1;0;0;0;0;514045,051120808350000;5440660,293388186000000;9,192480617000058;49,118621050000058;0
176708;08;1;19;085;2019;05;08;4;3;5;3;0;1;1;0;0;0;0;529600,824234910310000;5413736,917292075200000;9,403698905000056;48,875882370000056;0
176710;08;1;19;042;2019;05;16;4;2;2;6;0;1;0;0;0;0;0;528961,722885872240000;5414611,586460160100000;9,395044957000039;48,883780721000051;0
176711;08;1;16;078;2019;05;07;4;3;0;7;0;1;0;0;0;0;0;510200,260000001640000;5393313,457999998700000;9,138606844000037;48,692777155000044;0
176714;08;4;36;049;2019;05;13;3;3;4;2;0;1;0;0;0;0;0;578241,398999999280000;5283088,438000002900000;10,042778298000030;47,696441260000029;0
176720;08;3;35;043;2019;05;08;3;3;1;7;0;1;1;0;0;0;0;513902,898270980450000;5279854,062684753900000;9,185206023000035;47,671928174000072;0
176721;08;3;17;096;2019;05;12;3;3;7;7;0;1;0;0;0;0;1;422081,655113858170000;5369043,099320940700000;7,945843970000055;48,469690156000070;0
176722;08;3;17;065;2019;05;07;3;3;5;2;0;1;1;0;0;0;0;416693,410987699400000;5354891,370293654500000;7,875769965000075;48,341707330000077;0
176723;08;3;17;057;2019;05;11;3;3;6;5;0;0;0;1;0;0;1;412238,275084096010000;5380972,218763364500000;7,810190485000021;48,575689143000034;0
176724;08;3;16;011;2019;05;13;3;3;5;3;0;1;1;0;0;0;0;415707,828339540400000;5329133,844921674600000;7,867595262000066;48,109885975000054;0
176726;08;3;11;000;2019;05;08;3;3;5;3;0;1;0;0;0;0;1;413124,870015568100000;5318266,742897518000000;7,835110136000026;48,011786805000042;0
176727;08;3;11;000;2019;05;12;3;3;1;7;0;1;1;0;0;0;0;415736,175006652250000;5315890,880199963200000;7,870584056000041;47,990764573000035;0
176728;08;3;15;064;2019;05;10;3;3;1;6;0;1;0;0;0;0;1;424111,006753107530000;5312654,490498766300000;7,983387120000032;47,962699393000037;0
176729;08;3;11;000;2019;05;15;3;3;5;2;0;1;1;0;0;0;0;413065,597389387900000;5315392,487604342400000;7,834897889000047;47,985923881000076;0
176730;08;3;36;050;2019;05;07;3;3;5;3;0;1;1;0;0;0;0;399762,687605893240000;5274576,768063355200000;7,666091574000063;47,616838290000032;0
176731;08;1;15;045;2019;05;08;3;2;5;3;0;1;1;0;0;0;0;499114,488523171280000;5396410,460000677000000;8,987960512000029;48,720720769000081;0
176733;08;2;21;000;2019;05;10;3;3;4;6;0;1;1;0;0;0;0;476894,392793130130000;5474998,721726331900000;8,681367213000044;49,427223177000030;0
176735;08;1;11;000;2019;05;13;3;3;6;4;0;0;1;1;0;0;0;515923,453219955790000;5405845,841462142800000;9,216860923000070;48,805397987000049;0
176737;08;2;26;041;2019;05;07;3;3;2;6;0;1;1;0;0;0;0;475789,056726054290000;5465817,898239065000000;8,666683687000045;49,344599955000035;0
176738;08;1;11;000;2019;05;11;3;2;5;3;0;1;1;0;0;0;1;512138,176452544520000;5403578,715555319600000;9,165242642000067;48,785088605000055;0
176739;08;1;16;081;2019;05;15;1;3;0;1;0;1;0;0;0;0;0;515202,453033466820000;5385256,781048560500000;9,206283141000029;48,620196682000028;0
176740;08;1;11;000;2019;05;09;1;3;5;3;0;1;1;0;0;0;0;511314,164048766720000;5395703,101019416000000;9,153808633000040;48,714255297000079;0
176741;08;4;36;055;2019;05;03;7;3;6;6;2;0;1;1;0;0;0;571084,594768170270000;5296264,940503008700000;9,949563158000046;47,815808613000058;0
176742;08;4;17;013;2019;05;12;7;3;0;7;0;1;0;0;0;0;0;508933,484103909690000;5348487,010221701100000;9,120434420000038;48,289520149000055;0
176743;08;4;17;002;2019;05;16;7;3;0;7;0;1;0;0;0;0;0;486176,073801861140000;5344153,758416591200000;8,813778364000029;48,250447181000027;0