OBJECTID;ULAND;UREGBEZ;UKREIS;UGEMEINDE;UJAHR;UMONAT;USTUNDE;UWOCHENTAG;UKATEGORIE;UART;UTYP1;ULICHTVERH;IstRad;IstPKW;IstFuss;IstKrad;IstGkfz;IstSonstige;LINREFX;LINREFY;XGCSWGS84;YGCSWGS84;STRZUSTAND
176744;08;4;16;036;2019;05;11;7;3;3;2;0;1;1;0;0;0;0;495394,278556284490000;5369310,585914168500000;8,937680850000049;48,476907396000058;0
176747;08;3;35;022;2019;05;19;7;3;6;4;0;0;1;1;0;0;0;483249,838308801870000;5300276,351003672900000;8,776077529000077;47,855610033000062;0
176748;08;3;35;043;2019;05;01;7;3;8;1;2;1;0;0;0;0;0;513467,638234512880000;5279854,327050373000000;9,179407790000028;47,671939765000047;0
176749;08;3;35;066;2019;05;16;7;2;8;1;0;1;0;0;0;0;0;503511,500273476350000;5282893,170794043700000;9,046802661000072;47,699413031000063;1
176750;08;3;17;051;2019;05;12;7;3;5;3;0;1;1;0;0;0;0;443008,927145454100000;5339276,159498436400000;8,232964847000062;48,204156264000062;0
176752;08;3;15;076;2019;05;15;7;3;6;1;0;0;1;1;0;0;0;392600,872529310170000;5296709,787144484000000;7,565359941000054;47,814773245000026;0
176761;08;2;22;000;2019;05;00;7;3;0;7;2;1;0;0;0;0;0;462379,033312261100000;5480482,661623083100000;8,480682487000024;49,475823945000059;0
176763;08;2;21;000;2019;05;04;7;3;1;5;1;1;1;0;0;0;0;476806,810955937020000;5475224,323038814600000;8,680146262000051;49,429249083000059;0
176764;08;1;18;079;2019;05;15;1;3;0;7;0;1;1;0;0;0;0;508901,341000000950000;5422192,378999998800000;9,121583226000041;48,952588183000046;0
176765;08;1;15;045;2019;05;10;1;3;0;4;0;1;0;1;0;0;0;500948,840306503700000;5396894,362842515100000;9,012901626000030;48,725073890000033;0
176766;08;2;21;000;2019;05;16;7;2;5;3;0;1;0;0;0;0;1;477099,190386476000000;5472830,954116413400000;8,684316474000070;49,407732231000068;0
176767;08;2;21;000;2019;05;20;7;2;0;1;0;1;0;0;0;0;0;474625,062288869170000;5471506,227343909400000;8,650296327000035;49,395718413000054;0
176769;08;2;15;064;2019;05;13;7;3;6;4;0;0;1;1;0;0;0;479231,701922241600000;5452043,690717862900000;8,714793968000038;49,220827057000065;0
176771;08;1;36;088;2019;05;11;7;2;5;3;0;1;1;0;0;0;0;580265,419627388940000;5408977,569254078000000;10,093644534000020;48,828587072000062;0
176772;08;1;27;025;2019;05;11;7;2;5;3;0;1;1;0;0;0;0;556537,719460917640000;5426008,422624584300000;9,772741944000075;48,984392239000044;0
176778;08;1;16;078;2019;05;08;7;3;6;4;0;0;1;1;0;0;0;514363,821817984800000;5393122,123148635000000;9,195176708000076;48,690973941000038;0
176781;08;1;15;028;2019;05;16;7;3;0;1;0;1;0;0;0;0;0;501317,161426063630000;5404203,017548149500000;9,017933171000038;48,790821847000075;1
176782;08;1;15;024;2019;05;15;7;3;5;3;0;1;1;0;0;0;0;500973,575000001120000;5388204,671000002000000;9,013217477000069;48,646900439000035;1
176785;08;4;21;000;2019;05;15;6;3;4;6;0;1;1;0;0;0;0;569551,081335928290000;5353400,712677266400000;9,938380533000043;48,329962558000034;0
176787;08;4;15;061;2019;05;14;6;2;1;5;0;1;1;0;0;0;0;515727,109872795640000;5371383,219793900800000;9,212877886000058;48,495373713000049;0
176789;08;3;35;075;2019;05;09;6;3;0;1;0;0;1;1;0;0;0;488051,217973388730000;5290623,397033032000000;8,840529995000054;47,768865324000046;0
176790;08;3;35;063;2019;05;14;6;3;0;7;0;1;0;0;0;0;0;497590,959436863660000;5287198,448700398200000;8,967867545000047;47,738155375000076;0
176792;08;2;37;019;2019;05;12;6;2;6;7;0;0;1;1;0;0;0;462604,978419030090000;5369512,993697611600000;8,494007011000065;48,477633004000040;0
176794;08;3;17;065;2019;05;23;6;3;5;3;2;1;0;0;0;0;1;415099,302903443570000;5354669,836899830000000;7,854306419000068;48,339502430000039;0
176795;08;3;17;001;2019;05;18;6;3;5;2;0;1;1;0;0;0;0;430880,650541995650000;5386587,817716371300000;8,061955235000028;48,628535686000077;0
176796;08;3;17;065;2019;05;20;6;2;0;6;0;1;1;0;0;0;0;417249,032370477910000;5355478,541518703100000;7,883151244000032;48,347061928000073;0
176797;08;3;11;000;2019;05;09;6;3;0;3;0;1;0;0;0;0;0;413892,713184851220000;5316072,013785291500000;7,845844327000066;47,992148366000038;0
176798;08;3;15;064;2019;05;17;6;3;5;3;0;1;1;0;0;0;0;421790,243835778910000;5313438,944614693500000;7,952160627000069;47,969476778000057;0
176799;08;3;11;000;2019;05;10;6;3;6;7;0;0;1;1;0;0;0;411737,867787647990000;5316235,606818648100000;7,816934097000058;47,993326130000071;0
176800;08;3;11;000;2019;05;01;6;3;1;1;2;1;1;0;0;0;0;413419,466237392280000;5317357,587134588500000;7,839243016000069;48,003648636000037;0
176801;08;3;36;105;2019;05;13;6;2;0;1;0;1;0;0;0;0;0;400074,151094987060000;5267185,201243709800000;7,671918301000062;47,550396159000059;0
176802;08;3;11;000;2019;05;07;6;3;0;7;0;1;0;0;0;0;0;417245,378999999720000;5315835,689000001200000;7,890819095000040;47,990465190000066;0
176804;08;2;22;000;2019;05;08;6;3;6;4;0;0;1;1;0;0;0;462449,821502261800000;5480856,027873227400000;8,481624156000066;49,479186571000071;0
176806;08;2;22;000;2019;05;18;6;3;3;2;0;1;1;0;0;0;0;461290,308815914210000;5481595,392228562400000;8,465545562000045;49,485763924000025;0
176807;08;2;21;000;2019;05;08;6;3;5;2;0;1;1;0;0;0;0;477709,276999999770000;5472751,293000001500000;8,692730750000067;49,407038345000046;0
176808;08;2;15;107;2019;05;19;6;2;0;1;0;1;1;0;0;0;0;463238,368797300380000;5456773,391248786800000;8,494734533000042;49,262619131000065;0
176810;08;2;12;000;2019;05;15;6;3;4;2;0;1;1;0;0;0;0;458445,719810669310000;5428697,742722133200000;8,431760019000024;49,009773011000050;0
176811;08;1;15;028;2019;05;12;6;3;0;5;0;1;1;0;0;0;0;500279,941705711190000;5405133,738138325500000;9,003812045000075;48,799195884000028;0
176812;08;1;28;007;2019;05;09;6;3;0;2;0;1;1;0;0;0;0;556129,767000000920000;5482445,773000001900000;9,775069981000058;49,492051125000046;0
176813;08;1;28;139;2019;05;13;6;3;0;1;0;1;0;0;0;0;0;553054,174859254620000;5488181,624697048200000;9,733375395000053;49,543916502000059;0
176817;08;1;19;085;2019;05;16;6;3;2;6;0;1;1;0;0;0;0;529177,774885466320000;5414267,046161407600000;9,397967293000022;48,880671247000066;0
176819;08;1;19;090;2019;05;18;6;3;0;1;0;1;0;0;0;0;0;530678,924031400120000;5406433,349426871200000;9,417854805000047;48,810129817000075;0
176823;08;1;18;046;2019;05;12;6;3;6;7;0;0;1;1;0;0;0;513456,481016286650000;5412474,913699450000000;9,183481164000057;48,865090296000062;0
176824;08;1;17;003;2019;05;09;6;3;1;5;0;1;1;0;0;0;0;541461,460778607990000;5393223,388287255500000;9,563379152000039;48,690672779000067;0
176828;08;1;16;015;2019;05;14;6;3;5;3;0;1;1;0;0;0;0;523093,494831880550000;5393888,330416884300000;9,313837504000048;48,697604698000077;0
176829;08;1;15;042;2019;05;15;6;3;6;4;0;0;1;1;0;0;0;496005,448985601780000;5406128,305885763800000;8,945595417000050;48,808130165000080;0
176830;08;1;11;000;2019;05;17;6;3;6;4;0;0;1;1;0;0;0;516585,309756948610000;5406535,425603287300000;9,225902515000030;48,811584071000027;0
176831;08;1;11;000;2019;05;02;6;2;0;7;2;1;0;0;0;0;0;512508,484264801260000;5409029,712163787300000;9,170449918000031;48,834117753000044;0
176833;08;1;11;000;2019;05;14;6;3;5;7;0;1;1;0;0;0;0;513468,562422855760000;5409016,316726045700000;9,183532149000030;48,833977165000078;0
176834;08;4;36;082;2019;05;19;5;3;6;4;0;1;0;1;0;0;0;547238,615999999460000;5294944,203000001600000;9,630904558000054;47,806118906000052;0
176835;08;4;36;069;2019;05;17;5;3;3;2;0;1;0;0;0;0;0;550465,200000001120000;5294737,463000001400000;9,673970786000041;47,804013972000064;0
176839;08;4;15;061;2019;05;17;5;3;8;5;0;1;1;0;0;0;0;514780,632541044620000;5372302,077013041800000;9,200099242000022;48,503663051000046;0
176841;08;3;37;096;2019;05;10;5;3;0;1;0;1;0;0;0;0;0;419629,274954997000000;5267466,748462522400000;7,931715344000054;47,555643937000070;0
176842;08;3;36;069;2019;05;09;5;3;5;3;0;1;1;0;0;0;0;408416,943634180350000;5268598,526543283800000;7,782478116000050;47,564340461000029;0
176843;08;3;36;105;2019;05;15;5;2;0;1;0;1;0;0;0;0;0;399710,229064701130000;5267327,893909735600000;7,667050326000037;47,551623642000038;0
176845;08;3;26;003;2019;05;07;5;2;5;3;0;1;1;0;0;0;0;465210,523937452580000;5319938,199391640700000;8,533337774000074;48,031783691000044;0
176847;08;3;17;153;2019;05;09;5;3;5;3;0;1;1;0;0;0;0;421153,003146598120000;5389571,797832993800000;7,929392271000040;48,654224653000028;0
176848;08;3;15;074;2019;05;17;5;3;5;3;0;1;1;0;0;0;0;396085,643927411180000;5296843,539867091900000;7,611863171000039;47,816548567000041;0
176849;08;3;11;000;2019;05;10;5;3;5;2;0;1;0;0;0;0;0;413414,068232805470000;5316633,338957330200000;7,839316827000062;47,997133047000034;0
176850;08;3;15;047;2019;05;06;5;3;5;3;0;1;1;0;0;0;0;415347,625000000930000;5321042,538000002500000;7,864360028000021;48,037054465000040;0
176851;08;3;11;000;2019;05;23;5;3;6;7;2;1;0;1;0;0;0;413013,602766948750000;5316654,571476535900000;7,833945438000058;47,997269680000045;0
176852;08;2;12;000;2019;05;17;5;3;6;4;0;0;1;1;0;0;0;454850,466400145550000;5428839,824672039600000;8,382583277000038;49,010798471000044;0
176853;08;2;15;106;2019;05;11;5;2;6;4;0;0;0;1;0;0;1;464554,170117359610000;5452866,073748476800000;8,513164351000057;49,227550842000028;0
176855;08;2;26;032;2019;05;15;5;3;6;4;0;0;1;1;0;0;0;467259,978760038500000;5463055,870330516200000;8,549492469000029;49,319357788000048;0
176856;08;2;26;068;2019;05;11;5;3;7;7;0;1;0;0;0;0;0;468804,713478046470000;5460589,363729585000000;8,570940311000072;49,297252753000066;0
176858;08;2;22;000;2019;05;09;5;3;4;2;0;1;1;0;0;0;0;461176,313430377280000;5480404,414467811600000;8,464088647000040;49,475044428000047;0
176859;08;2;22;000;2019;05;14;5;3;5;3;0;1;1;0;0;0;0;461823,297206631860000;5480131,629713365800000;8,473045353000032;49,472631897000042;0
176860;08;2;26;105;2019;05;16;5;3;5;3;0;1;1;0;0;0;0;470614,133668208490000;5478213,383781785100000;8,594524371000034;49,455867046000037;0
176861;08;2;21;000;2019;05;09;5;3;3;2;0;1;1;0;0;0;0;476567,112937649710000;5472652,658103248100000;8,676992525000060;49,406108231000076;0
176863;08;2;21;000;2019;05;20;5;3;6;7;0;0;0;1;0;0;1;476663,380597359500000;5472447,033334797200000;8,678331574000026;49,404262369000037;0
176865;08;2;12;000;2019;05;20;5;3;0;3;0;1;0;0;1;0;0;453112,712429054080000;5428961,329209150700000;8,358807106000029;49,011761812000032;0
176868;08;1;36;066;2019;05;16;5;3;0;1;0;1;0;0;0;0;0;555777,755802391100000;5415745,291033349900000;9,760951286000022;48,892145316000040;0
176869;08;1;36;046;2019;05;16;5;3;5;3;0;1;1;0;0;0;0;578240,593119733040000;5419943,685209469900000;10,068158895000067;48,927477412000030;0
176871;08;1;35;027;2019;05;08;5;2;5;3;0;1;1;0;0;0;0;591405,709288577550000;5377306,659854779000000;10,238395084000047;48,542199351000079;0
176875;08;1;19;093;2019;05;18;5;2;0;1;0;1;0;0;0;0;1;525062,223162479700000;5404176,614016382000000;9,341217746000041;48,790080661000047;1
176878;08;1;18;079;2019;05;18;5;3;6;7;0;1;0;1;0;0;0;509640,118123416790000;5422891,829110031900000;9,131690702000071;48,958869123000056;0
176879;08;1;18;047;2019;05;15;5;3;3;6;0;1;1;0;0;0;0;507756,006108573640000;5427653,748644407800000;9,106043314000033;49,001732110000034;0
176880;08;1;16;071;2019;05;18;5;3;4;6;0;1;1;0;0;0;0;527893,903176875780000;5391613,013064356500000;9,378919452000048;48,676939979000053;0
176882;08;1;16;070;2019;05;15;5;3;0;7;0;1;0;0;0;0;0;539283,196484308690000;5384803,843055132800000;9,532983301000058;48,615073413000061;0
176883;08;1;16;049;2019;05;17;5;3;6;4;0;0;1;1;0;0;0;526228,052724686450000;5387541,209325855600000;9,356032441000025;48,640382331000069;0
176884;08;1;15;003;2019;05;14;5;2;6;6;0;1;0;1;0;0;0;500823,864513249140000;5391039,475658452100000;9,011190616000022;48,672402983000040;0
176887;08;1;11;000;2019;05;14;5;3;5;2;0;1;1;0;0;0;0;508801,997080252510000;5396834,350708434400000;9,119681601000025;48,724472587000037;0
176891;08;1;11;000;2019;05;15;5;3;4;6;0;1;1;0;0;0;0;512317,737933997060000;5409100,966426674300000;9,167852819000075;48,834762558000079;0
176894;08;1;11;000;2019;05;18;5;3;0;7;0;1;0;0;0;0;0;516049,129375161600000;5405251,791910676300000;9,218549268000061;48,800050768000062;0
176895;08;1;11;000;2019;05;08;5;3;1;5;0;1;1;0;0;0;0;511939,084361734800000;5399092,349619176200000;9,162402136000026;48,744733339000049;0
176896;08;1;11;000;2019;05;15;5;3;4;6;0;1;1;0;0;0;0;516218,006813843730000;5398314,347723100300000;9,220575427000028;48,737637746000075;0
176897;08;1;11;000;2019;05;09;5;3;5;2;0;1;1;0;0;0;0;511745,619111794050000;5402983,962070597300000;9,159881603000031;48,779745786000035;0
176899;08;4;36;064;2019;05;23;4;3;5;3;2;1;1;0;0;0;0;545133,679098077120000;5290615,330799372900000;9,602343147000056;47,767322997000065;0
176900;08;4;36;064;2019;05;12;4;3;5;3;0;1;1;0;0;0;0;546079,809141067790000;5292465,926369199500000;9,615165584000067;47,783905888000049;0
176901;08;4;35;067;2019;05;13;4;3;6;1;0;1;0;1;0;0;0;528272,521813014520000;5291061,249857490900000;9,377353793000054;47,772295408000048;0
176904;08;4;21;000;2019;05;20;4;3;2;5;0;1;1;0;0;0;0;572881,900805470530000;5360427,845413699700000;9,984530563000021;48,392798295000034;0
176905;08;4;17;002;2019;05;19;4;3;5;3;0;1;0;1;0;0;0;488900,641951902770000;5347644,266167858600000;8,850389158000041;48,281903945000067;0
176908;08;3;36;081;2019;05;18;4;3;8;1;0;1;0;0;0;0;0;410919,212076174100000;5277820,055332001300000;7,813862115000063;47,647644486000047;0
176911;08;3;35;063;2019;05;17;4;3;6;7;0;0;1;1;0;0;0;497559,246589750980000;5287958,375600865100000;8,967440287000045;47,744992769000078;0
176912;08;3;35;043;2019;05;09;4;3;0;1;0;1;0;0;0;0;0;513613,661000001240000;5280836,939000003000000;9,181383645000040;47,680777907000049;0
176913;08;3;26;074;2019;05;16;4;3;5;3;0;1;1;0;0;0;0;458656,454760453660000;5323877,140701511900000;8,445045537000055;48,066830390000064;0
176915;08;3;17;026;2019;05;15;4;3;1;5;0;1;1;0;0;0;0;411911,677314434200000;5345151,260547880100000;7,813286506000054;48,253448444000071;0
176918;08;3;36;091;2019;05;10;4;3;6;7;0;0;1;1;0;0;0;395629,854202910330000;5271924,474779801400000;7,611741704000053;47,592327879000038;0
176919;08;2;12;000;2019;05;18;4;3;6;4;0;0;1;1;0;0;1;461454,194578845050000;5427436,208339139800000;8,473017700000071;48,998620480000056;0
176924;08;2;22;000;2019;05;07;4;3;0;7;0;1;0;0;0;0;0;464975,371999999510000;5484817,604000002100000;8,516136558000028;49,514970018000042;0
176926;08;2;15;017;2019;05;15;4;3;6;4;0;1;0;1;0;0;0;455911,888249150480000;5421348,348699197200000;8,397909475000063;48,943488239000033;0
176928;08;4;25;072;2019;05;08;4;2;6;4;0;0;1;1;0;0;0;583163,213587231930000;5371766,642667397900000;10,125641944000051;48,493515876000060;0
176929;08;1;26;046;2019;05;16;4;2;6;4;0;0;1;1;0;0;0;550050,766890094620000;5456510,406027576000000;9,687871399000073;49,259310613000082;0
176932;08;1;19;085;2019;05;07;4;3;6;7;0;0;1;1;0;0;0;531608,086006005290000;5413875,344616055500000;9,431084050000038;48,877028514000074;0
176933;08;1;19;079;2019;05;16;4;3;6;4;0;0;1;1;0;0;0;522680,244147329590000;5408533,699315628000000;9,309028812000065;48,829367500000046;0
176936;08;1;18;077;2019;05;17;4;3;5;3;0;1;1;0;0;0;0;513284,131682422940000;5423186,595810657400000;9,181479850000073;48,961453169000038;0
176938;08;4;16;025;2019;05;20;4;3;0;7;0;0;0;1;1;0;0;504042,416333990170000;5362616,139506645500000;9,054632544000071;48,416684813000074;0
176939;08;1;15;028;2019;05;14;4;3;6;4;0;0;1;1;0;0;0;501063,596622041430000;5404776,204448256600000;9,014482367000028;48,795978687000058;0
176941;08;1;11;000;2019;05;06;4;3;5;3;0;1;1;0;0;0;0;508197,882159503180000;5406846,942088715700000;9,111666958000058;48,814553707000073;0
176944;08;4;35;035;2019;05;15;3;3;5;3;0;1;1;0;0;0;0;542131,904349106360000;5283044,589375630000000;9,561551447000056;47,699410961000069;1
176947;08;4;16;041;2019;05;16;3;3;6;4;0;0;1;1;0;0;0;506461,738509498540000;5374899,939101424100000;9,087519065000038;48,527175045000035;1
176950;08;4;15;061;2019;05;11;3;3;6;6;0;0;0;1;0;0;1;514651,169456641190000;5371686,869362210900000;9,198324998000032;48,498131464000039;1
176952;08;4;36;009;2019;05;12;3;3;1;5;0;1;1;0;0;0;0;555460,679657960310000;5307836,637701829900000;9,742361457000072;47,921451583000078;1
176954;08;3;11;000;2019;05;16;3;2;4;6;0;1;0;0;0;0;0;418011,629000001590000;5314824,598999999500000;7,901280440000051;47,981468578000033;1
176957;08;2;12;000;2019;05;09;3;3;5;3;0;1;1;0;0;0;0;456843,376931354400000;5424820,940919321000000;8,410261507000030;48,974790610000071;1
176958;08;2;37;028;2019;05;07;3;3;5;3;0;1;1;0;0;0;0;456621,921000000090000;5368741,515999997000000;8,413134272000036;48,470308456000055;1
176959;08;2;35;033;2019;05;10;3;3;6;4;0;0;1;1;0;0;0;458578,609406161120000;5405198,214502273100000;8,435961111000040;48,798395967000033;1
176964;08;2;22;000;2019;05;09;3;3;5;3;0;1;1;0;0;0;0;461254,172447674910000;5481949,630808172700000;8,465011941000057;49,488947803000030;1
176965;08;2;21;000;2019;05;07;3;3;5;7;0;1;0;0;0;0;1;477417,872792243960000;5472456,205408891700000;8,688730695000061;49,404373333000080;1
176966;08;2;21;000;2019;05;09;3;3;3;6;0;1;0;0;0;0;1;477058,369931798430000;5472603,290279664100000;8,683766933000072;49,405682893000062;1
176967;08;2;15;017;2019;05;16;3;3;5;3;0;1;1;0;0;0;0;454350,882125663570000;5420548,372306011600000;8,376682464000055;48,936179070000037;1
176972;08;1;18;007;2019;05;11;3;2;3;2;0;1;1;0;0;0;0;510413,297798867340000;5427717,651950715100000;9,142376437000053;49,002267847000041;1
176976;08;1;16;049;2019;05;07;3;1;0;1;0;1;0;0;0;0;0;524736,501878559590000;5384547,804998803900000;9,335607165000056;48,613514328000065;1
176977;08;1;15;003;2019;05;13;3;2;6;4;0;0;1;1;0;0;0;501184,123992756010000;5392745,881809216000000;9,016088937000063;48,687753434000058;1
176978;08;1;15;003;2019;05;08;3;3;5;3;0;1;1;1;0;0;0;499941,866000001320000;5391941,630000000800000;8,999210234000032;48,680519416000038;1
176981;08;4;26;021;2019;05;15;2;3;6;4;0;0;1;1;0;0;0;559808,311233256010000;5330554,306886890900000;9,803721384000028;48,125434911000070;1
176986;08;3;26;074;2019;05;09;2;2;6;7;0;0;1;1;0;0;0;459629,477629662490000;5322400,482404192900000;8,458245219000048;48,053607690000035;1
176990;08;2;12;000;2019;05;12;2;3;4;5;0;1;0;0;0;0;0;455001,663584238850000;5428796,870717924100000;8,384655524000038;49,010423141000047;0
176994;08;1;17;015;2019;06;10;7;3;0;1;0;1;0;0;0;0;0;558464,664281282570000;5395312,442987386100000;9,794694973000048;48,708102916000030;0
176996;08;1;35;020;2019;06;18;7;3;0;1;0;1;0;0;0;0;0;586219,074019220660000;5385867,177054382900000;10,169916282000031;48,619930398000065;0
176997;08;1;16;020;2019;06;18;7;3;5;3;0;1;1;0;0;0;0;526133,472533314490000;5382166,171625221100000;9,354409964000070;48,592032205000066;0
176998;08;1;11;000;2019;06;18;7;3;5;3;0;1;1;0;0;0;0;507902,302458431570000;5406722,493806941400000;9,107638348000023;48,813438013000052;0
176999;08;1;11;000;2019;06;16;7;3;6;4;0;0;1;1;0;0;0;511746,902730287050000;5409900,973568426400000;9,160097060000055;48,841970353000079;0
177001;08;1;11;000;2019;06;15;7;3;6;4;0;0;1;1;0;0;0;508831,867906371130000;5401888,330295955800000;9,120196138000040;48,769937731000027;0
177002;08;4;36;064;2019;05;19;6;3;2;6;0;1;1;0;0;0;0;545957,000902418050000;5292061,563384095200000;9,613483385000052;47,780276603000061;0
177005;08;4;26;021;2019;05;10;6;3;6;2;0;0;1;1;0;0;0;559010,418195011090000;5327721,046341007600000;9,792608042000040;48,100020960000052;0
177006;08;4;16;011;2019;05;18;6;3;4;2;0;1;1;0;0;0;0;504011,453291145150000;5366632,732681410400000;9,054252541000039;48,452820290000034;0
177010;08;3;26;012;2019;05;17;6;3;3;2;0;1;0;0;0;0;0;463492,686740184200000;5310565,985400162600000;8,511092814000051;47,947367146000033;0
177011;08;3;17;097;2019;05;15;6;2;4;6;0;1;1;0;0;0;0;427225,297348699530000;5366672,508489821100000;8,015833468000039;48,448982657000045;0
177012;08;3;15;130;2019;05;18;6;2;6;4;0;0;1;1;0;0;0;409358,211928247470000;5300974,187111361000000;7,788255481000022;47,855712388000029;0
177013;08;2;12;000;2019;05;11;6;2;5;3;0;1;1;0;0;0;0;459284,220854425800000;5429513,778045356300000;8,443143783000039;49,017169283000044;0
177016;08;2;21;000;2019;05;10;6;3;0;7;0;1;1;0;0;0;0;476917,329333801750000;5474956,115802936300000;8,681685988000027;49,426840816000038;0
177017;08;1;19;020;2019;06;14;7;3;2;7;0;1;1;0;0;0;0;520229,964112848970000;5406571,601257758200000;9,275546273000032;48,811801529000036;0
177019;08;2;15;029;2019;05;17;6;3;2;1;0;1;1;0;0;0;0;466884,592348239380000;5448091,617128850900000;8,545564511000066;49,184735012000033;0
177021;08;2;12;000;2019;05;18;6;3;4;2;0;1;1;0;0;0;0;455737,573039120060000;5429091,448381453800000;8,394686242000034;49,013126122000074;0
177022;08;2;11;000;2019;05;10;6;3;6;4;0;0;1;1;0;0;0;443968,780000000260000;5401193,350999999800000;8,237579555000025;48,761226456000031;0
177023;08;1;36;065;2019;05;15;6;3;0;1;0;1;0;0;0;0;0;558842,324069177730000;5405818,072018630800000;9,801329511000063;48,802566801000069;0
177024;08;1;35;032;2019;05;15;6;2;0;1;0;1;0;0;0;0;0;578913,989483304320000;5392379,331754589500000;10,072052767000059;48,679468737000036;0
177025;08;1;35;019;2019;05;14;6;2;0;1;0;1;0;0;0;0;0;584871,534674670550000;5395397,801894426300000;10,153590114000053;48,705836183000031;0
177026;08;1;21;000;2019;05;15;6;3;6;7;0;0;1;1;0;0;0;515979,282596905720000;5442602,028625339300000;9,219065065000052;49,136040404000028;0
177028;08;1;18;060;2019;05;09;6;3;2;6;0;1;1;0;0;0;0;523968,084354200400000;5429945,494242774300000;9,327834350000046;49,021930777000080;0
177033;08;4;35;016;2019;05;14;5;3;0;7;0;1;0;0;0;0;0;537640,645369564180000;5277883,744071828200000;9,501247684000020;47,653254342000025;0
177034;08;4;15;059;2019;05;14;5;2;0;6;0;1;1;0;0;0;0;515517,459946826100000;5366667,846675174300000;9,209865118000039;48,452957632000050;0
177035;08;4;16;041;2019;05;05;5;1;1;6;1;1;1;0;0;0;0;504058,161731186320000;5375187,932867439500000;9,054967370000043;48,529786084000079;0
177038;08;3;35;043;2019;05;21;5;3;0;7;0;1;0;0;0;0;0;512003,879489587620000;5280788,540805690000000;9,159934242000077;47,680374337000046;0
177040;08;3;27;050;2019;05;20;5;3;5;3;0;1;1;0;0;0;0;485830,633443113420000;5314153,952573904800000;8,810122050000075;47,980532622000055;0
177041;08;3;26;012;2019;05;13;5;3;3;6;0;1;1;0;0;0;0;462660,446578923610000;5310648,584572633700000;8,499940691000063;47,948062301000050;0
177042;08;3;17;040;2019;05;13;5;3;0;7;0;1;0;0;0;0;0;432617,671410460030000;5347533,950967023100000;8,091813099000035;48,277422628000068;0
177043;08;3;17;065;2019;05;17;5;3;8;1;0;1;0;0;0;0;0;414056,154000000100000;5353411,116999998700000;7,840489381000054;48,328039422000074;0
177044;08;3;15;074;2019;05;16;5;3;0;7;0;1;0;0;0;0;0;399119,764305965040000;5295689,576745770900000;7,652651181000067;47,806651577000025;0
177045;08;2;12;000;2019;05;17;5;3;5;3;0;1;1;0;0;0;0;455199,172204487030000;5430970,927575495100000;8,387116181000067;49,029993306000051;0
177047;08;2;26;056;2019;05;11;5;3;8;7;0;1;1;0;0;0;0;485764,337581673640000;5470828,510818420000000;8,803834757000061;49,389984783000045;0
177048;08;2;25;109;2019;05;13;5;3;0;1;0;1;0;0;0;0;0;526436,228000000120000;5491657,417999999600000;9,365676981000036;49,576926615000048;0
177050;08;2;22;000;2019;05;18;5;3;6;4;0;1;0;1;0;0;0;462057,834294958970000;5481076,546661026800000;8,476191899000071;49,481145649000041;0
177052;08;2;21;000;2019;05;17;5;3;3;2;0;1;1;0;0;0;0;478595,917665059680000;5472959,276839572900000;8,704941374000043;49,408940962000031;0
177053;08;2;16;015;2019;05;14;5;3;0;1;0;1;0;0;0;0;0;448314,984597139990000;5408212,686171997300000;8,295830678000073;48,824743258000069;0
177054;08;2;16;007;2019;05;09;5;3;5;3;0;1;1;0;0;0;0;436061,147899447010000;5398374,672091390900000;8,130429648000074;48,735110503000044;0
177057;08;2;15;109;2019;05;19;5;3;0;7;0;1;0;0;0;0;0;461715,345878577790000;5435143,574840884700000;8,475860046000037;49,067965942000058;0
177058;08;1;36;019;2019;05;12;5;3;0;1;0;1;0;0;0;0;0;587010,193032688460000;5422592,514025772000000;10,188423461000070;48,950129606000075;0
177059;08;1;17;024;2019;05;17;5;2;0;1;0;1;0;0;0;0;0;561989,697478988210000;5384059,760598596200000;9,840919261000067;48,606542562000072;0
177061;08;1;19;008;2019;05;23;5;2;0;1;2;1;0;0;0;0;0;531205,477834619580000;5421225,382340712500000;9,426155202000075;48,943166239000050;0
177062;08;1;17;018;2019;05;17;5;2;3;6;0;1;0;0;0;0;0;539387,127899226730000;5396279,509751543400000;9,535485980000033;48,718299070000057;0
177063;08;1;17;019;2019;05;14;5;3;5;3;0;1;1;0;0;0;0;551947,348244380210000;5394815,478682048600000;9,706051712000033;48,704209467000055;0
177064;08;1;15;045;2019;05;12;5;2;0;7;0;1;0;0;0;0;0;495014,738426401280000;5394039,032981332400000;8,932248637000043;48,699367951000056;0
177065;08;1;15;024;2019;05;11;5;3;1;5;0;1;1;0;0;0;0;500775,125161882490000;5387847,626302214300000;9,010522608000031;48,643688681000071;0
177066;08;1;11;000;2019;05;22;5;3;2;6;2;1;1;0;0;0;0;515645,290032217280000;5405901,929702159000000;9,213074794000022;48,805909614000029;0
177067;08;4;36;081;2019;05;18;4;3;6;4;0;0;1;1;0;0;0;562756,863248887470000;5281540,083519930000000;9,836207746000071;47,684200929000042;1