OBJECTID;ULAND;UREGBEZ;UKREIS;UGEMEINDE;UJAHR;UMONAT;USTUNDE;UWOCHENTAG;UKATEGORIE;UART;UTYP1;ULICHTVERH;IstRad;IstPKW;IstFuss;IstKrad;IstGkfz;IstSonstige;LINREFX;LINREFY;XGCSWGS84;YGCSWGS84;STRZUSTAND
177068;08;4;35;066;2019;05;15;4;3;0;1;0;1;0;0;0;0;0;517424,321999999690000;5286106,896000001600000;9,232365804000040;47,728103270000076;0
177070;08;4;26;021;2019;05;07;4;3;5;3;0;1;0;0;0;0;1;560254,105478377080000;5327639,434767095400000;9,809299596000074;48,099170349000076;0
177071;08;4;26;021;2019;05;07;4;3;0;7;0;1;0;0;0;0;0;559950,369479211980000;5326886,599012568600000;9,805114655000068;48,092426384000078;0
177073;08;4;21;000;2019;05;18;4;2;0;1;0;1;0;0;0;0;0;572332,038853018540000;5361201,219537518900000;9,977237073000026;48,399818308000079;0
177074;08;4;17;002;2019;05;19;4;3;0;7;0;1;1;0;0;0;0;488920,971798289570000;5347825,147229233800000;8,850658444000032;48,283531636000077;0
177078;08;3;37;096;2019;05;21;4;2;6;4;2;0;1;1;0;0;0;420972,334285308610000;5267425,037843849500000;7,949571620000029;47,555433566000033;1
177079;08;3;36;091;2019;05;15;4;3;5;3;0;1;1;0;0;0;0;395589,144436834380000;5271919,085684426100000;7,611201658000027;47,592272850000029;0
177081;08;3;35;043;2019;05;10;4;3;5;2;0;1;0;0;0;0;1;513324,579090890470000;5278763,669151332200000;9,177468783000052;47,662129351000033;0
177082;08;4;35;036;2019;05;15;4;2;0;7;0;1;0;0;0;0;0;520993,673192631450000;5281941,601233232800000;9,279764484000054;47,690519625000036;1
177083;08;3;17;065;2019;05;14;4;3;0;7;0;1;0;0;0;0;1;420742,547699315470000;5352955,126699991500000;7,930767531000072;48,324811665000027;0
177084;08;3;17;065;2019;05;08;4;3;5;3;0;1;1;0;0;0;0;414712,715000000780000;5354641,807000001900000;7,849096371000030;48,339198233000047;0
177085;08;3;17;065;2019;05;09;4;2;6;2;0;0;1;1;0;0;0;416549,804999999700000;5354471,295000003700000;7,873915611000030;48,337909834000072;0
177086;08;3;15;074;2019;05;07;4;3;5;3;0;1;1;0;0;0;0;397138,853753012610000;5296537,173248384100000;7,626000955000052;47,813962079000078;1
177087;08;3;15;130;2019;05;14;4;2;4;2;0;1;1;0;0;0;0;410360,337724448180000;5301999,863309849100000;7,801436675000048;47,865079390000062;0
177091;08;3;11;000;2019;05;11;4;3;5;3;0;1;0;0;0;0;1;414489,033325986010000;5316950,688084017500000;7,853660468000044;48,000132407000081;0
177092;08;3;11;000;2019;05;09;4;3;6;4;0;1;0;1;0;0;0;413799,190756681380000;5318202,074173409500000;7,844163045000073;48,011296409000067;0
177099;08;2;22;000;2019;05;15;4;3;6;7;0;0;0;1;0;0;1;461444,463019669060000;5481959,071247614900000;8,467638363000049;49,489044836000062;0
177101;08;2;21;000;2019;05;19;4;3;6;7;0;1;0;1;0;0;0;474532,333934118970000;5473927,531891914100000;8,648863134000067;49,417493718000060;0
177102;08;2;26;018;2019;05;07;4;3;6;4;0;0;0;1;1;0;0;473373,826101202520000;5471712,787006538400000;8,633038988000067;49,397522939000055;0
177103;08;2;21;000;2019;05;17;4;3;3;7;0;1;1;0;0;0;0;477354,320199945010000;5471936,386370828400000;8,687884343000064;49,399695276000045;0
177107;08;2;11;000;2019;05;15;4;3;3;6;0;1;1;0;0;0;0;443904,760190889240000;5401643,509649023400000;8,236647148000031;48,765269952000040;0
177108;08;1;36;044;2019;05;08;4;3;5;3;0;1;1;0;0;0;0;558257,262716554110000;5408427,831539364500000;9,793733320000058;48,826096812000060;0
177111;08;1;25;069;2019;05;08;4;2;0;7;0;1;0;0;0;0;0;524639,655390487050000;5454125,581212010200000;9,338497470000050;49,239410372000066;0
177114;08;1;19;020;2019;05;13;4;3;1;1;0;1;1;0;0;0;0;519685,870647400620000;5406910,305153556200000;9,268151674000023;48,814865921000035;0
177117;08;1;15;028;2019;05;12;4;3;5;3;0;1;1;0;0;0;0;501405,453850645570000;5404649,763529250400000;9,019136802000048;48,794840554000075;0
177123;08;4;21;000;2019;05;15;3;3;5;3;0;1;1;0;0;0;0;570478,703845377080000;5357187,177735498200000;9,951528087000042;48,363920552000081;0
177124;08;4;21;000;2019;05;18;3;3;0;3;0;1;1;0;0;0;0;573576,118605500090000;5361103,762848541100000;9,994025438000051;48,398797692000073;0
177127;08;4;16;041;2019;05;07;3;3;2;2;0;0;1;1;0;0;0;504473,714575068090000;5373816,797144666300000;9,060581273000025;48,517448030000025;1
177129;08;3;17;096;2019;05;10;3;3;5;3;0;1;1;0;0;0;0;422846,486308799130000;5373853,587098667400000;7,955300985000065;48,513054401000034;0
177130;08;3;16;002;2019;05;07;3;3;5;3;0;1;1;0;0;0;0;405865,515303962860000;5330551,761522278200000;7,735089467000023;48,121261080000068;0
177131;08;3;15;006;2019;05;07;3;3;5;2;0;1;1;0;0;0;0;402301,151561129840000;5305204,435070663700000;7,692980934000048;47,892729323000026;1
177133;08;3;11;000;2019;05;07;3;2;3;2;0;1;1;0;0;0;0;411333,649759532880000;5320949,329920034900000;7,810542257000066;48,035671205000028;1
177134;08;3;11;000;2019;05;19;3;3;6;4;0;0;0;1;0;0;1;414100,264477740040000;5316796,481211599000000;7,848480687000063;47,998693138000078;0
177135;08;3;11;000;2019;05;13;3;3;6;7;0;0;1;1;0;0;0;415711,982350361530000;5315727,968314774300000;7,870291847000033;47,989295919000028;1
177136;08;3;11;000;2019;05;07;3;3;5;3;0;1;0;0;0;0;1;414100,226243917830000;5316105,808842917900000;7,848618422000072;47,992480276000038;1
177138;08;3;11;000;2019;05;08;3;3;5;2;0;1;1;0;0;0;0;413613,938140381130000;5318809,671327047000000;7,841557151000075;48,016736925000032;1
177139;08;3;36;091;2019;05;06;3;2;5;3;0;1;1;0;0;0;0;396329,493113820440000;5274338,479553736700000;7,620474145000060;47,614154575000043;0
177141;08;2;12;000;2019;05;09;3;3;5;3;0;1;1;0;0;0;0;457222,447999999860000;5428068,888000000300000;8,415099371000054;49,004032789000064;0
177144;08;2;26;084;2019;05;21;3;3;0;7;1;1;0;0;0;0;0;468473,849539198910000;5471536,578685626400000;8,565523544000030;49,395703948000062;0
177146;08;2;22;000;2019;05;12;3;3;1;7;0;1;1;0;0;0;0;464579,049677523780000;5486202,988360771900000;8,510537231000058;49,527407793000066;0
177147;08;2;26;038;2019;05;16;3;3;5;7;0;1;1;0;0;0;0;471616,743078858590000;5480956,721170891100000;8,608161596000059;49,480590140000061;0
177148;08;2;26;018;2019;05;15;3;3;6;2;0;0;1;1;0;0;0;473412,968991238620000;5472539,058759575700000;8,633523138000044;49,404956802000072;0
177150;08;2;16;015;2019;05;13;3;3;3;2;0;1;0;0;0;0;0;450343,774827615360000;5405873,170505631700000;8,323752475000049;48,803864176000047;0
177151;08;2;12;000;2019;05;13;3;3;0;1;0;1;0;0;0;0;0;454851,842109084130000;5433077,064811488600000;8,382130297000060;49,048912744000063;0
177153;08;2;15;046;2019;05;16;3;3;5;3;0;1;0;0;0;0;0;450988,393901871520000;5414656,268612634400000;8,331479881000064;48,882921504000080;0
177155;08;1;26;028;2019;05;15;3;3;6;7;0;0;1;1;0;0;0;541086,159326396880000;5459818,893536496900000;9,565013334000071;49,289737444000082;1
177156;08;1;19;042;2019;05;18;3;3;6;3;0;0;1;1;0;0;0;530404,208540063350000;5416807,582621092000000;9,414883716000077;48,903465826000058;0
177160;08;1;18;011;2019;05;09;3;3;0;7;0;1;0;0;0;0;0;504878,018767680970000;5407688,273067932600000;9,066455686000040;48,822157167000057;1
177164;08;1;11;000;2019;05;08;3;3;5;3;0;1;1;0;0;0;0;508617,508981163610000;5406784,917032990600000;9,117381565000073;48,813990058000059;1
177166;08;1;11;000;2019;05;10;3;2;6;7;0;0;1;1;0;0;0;519089,070886752570000;5404628,346727939300000;9,259916333000035;48,794356434000065;1
177170;08;4;26;087;2019;05;16;2;3;0;7;0;0;1;1;0;0;0;570802,568062550390000;5324576,084301268700000;9,950454084000057;48,070527987000048;0
177171;08;4;21;000;2019;05;10;2;3;5;3;0;1;1;0;0;0;0;573547,884297278710000;5360929,604505788500000;9,993613537000044;48,397234396000044;0
177172;08;4;25;075;2019;05;10;2;3;1;7;0;1;1;0;0;0;0;565960,372236794790000;5377724,584248887400000;9,893771484000069;48,549150618000056;0
177173;08;4;16;041;2019;05;10;2;3;2;6;0;1;0;0;0;0;1;503739,407678547320000;5373590,979202296600000;9,050635560000046;48,515421291000052;0
177174;08;4;15;061;2019;05;18;2;3;6;6;0;1;0;1;0;0;0;514919,595343937170000;5369654,275391865500000;9,201885914000059;48,479839194000078;0
177177;08;4;15;061;2019;05;07;2;3;5;3;0;1;1;0;0;0;0;514871,512146153490000;5372641,145626796400000;9,201341638000031;48,506711282000026;0
177178;08;4;15;061;2019;05;18;2;3;0;1;0;1;0;0;0;0;0;514613,222176995130000;5371403,967309635100000;9,197801428000048;48,495587261000026;0
177180;08;3;37;096;2019;05;10;2;3;0;1;0;1;0;0;0;0;0;418319,551166146060000;5269680,391028527200000;7,913898117000031;47,575394972000026;0
177185;08;3;27;050;2019;05;17;2;3;5;3;0;1;1;0;0;0;0;487239,759169457480000;5314663,764274064500000;8,828989933000059;47,985149148000062;0
177187;08;3;17;065;2019;05;16;2;3;5;3;0;1;1;0;0;0;0;413663,324234418570000;5355886,358640670800000;7,834683271000074;48,350250162000066;0
177189;08;3;36;050;2019;05;08;2;3;5;3;0;1;1;0;0;0;0;398846,373000000600000;5272463,338000001400000;7,654388934000053;47,597684892000075;0
177192;08;3;36;091;2019;05;07;2;3;5;2;0;1;0;0;0;0;1;396016,649171467870000;5271944,856077285500000;7,616880199000036;47,592573356000059;0
177193;08;3;11;000;2019;05;08;2;3;3;2;0;1;1;0;0;0;0;414985,751728358680000;5319624,441629864300000;7,859787834000031;48,024250100000074;0
177198;08;2;22;000;2019;05;18;2;3;5;3;0;1;1;0;0;0;0;462992,003941337580000;5478319,326963553200000;8,489345818000061;49,456403446000081;0
177199;08;2;22;000;2019;05;07;2;3;6;6;0;1;0;1;0;0;0;466626,566410062830000;5481389,794222245000000;8,539236501000062;49,484231582000064;0
177201;08;2;21;000;2019;05;21;2;3;0;7;0;1;0;0;0;0;0;477746,765807912680000;5473110,426106097200000;8,693227384000068;49,410270065000077;0
177202;08;2;16;015;2019;05;07;2;3;4;1;0;1;1;0;0;0;0;449340,945121287370000;5406912,141454726500000;8,309968149000042;48,813129067000034;0
177207;08;1;25;005;2019;05;12;2;3;0;7;0;1;0;0;0;0;0;515370,150000000370000;5451536,454000001800000;9,211055757000054;49,216423599000052;0
177208;08;1;18;063;2019;05;16;2;3;0;7;0;1;0;0;0;0;0;515107,108302138750000;5422882,478722916900000;9,206372818000034;48,958675581000080;0
177210;08;1;18;048;2019;05;08;2;3;5;3;0;1;1;0;0;0;0;514786,417005508210000;5414948,213043635700000;9,201704363000033;48,887309209000080;0
177211;08;1;17;019;2019;05;10;2;2;0;5;0;1;1;0;0;0;0;551962,370571998880000;5394006,368609834500000;9,706154053000034;48,696929946000068;0
177212;08;1;17;018;2019;05;17;2;2;5;3;0;1;1;0;0;0;0;538750,843691015620000;5396177,603075759500000;9,526826218000053;48,717422227000043;0
177213;08;1;16;049;2019;05;19;2;3;0;1;0;1;0;0;0;0;0;524387,171065436680000;5386287,530256439000000;9,330970084000057;48,629178715000080;0
177217;08;4;37;086;2019;05;12;1;3;1;1;0;1;1;0;0;0;0;528834,583581490440000;5312701,301156463100000;9,386299648000033;47,966970122000077;0
177219;08;4;35;030;2019;05;21;1;3;0;7;1;1;0;0;0;0;0;539873,205020386730000;5272307,552928045400000;9,530468739000071;47,602949460000048;0
177220;08;4;26;108;2019;05;15;1;3;0;1;0;1;0;0;0;0;0;571152,530038161200000;5335489,643016489200000;9,956973059000063;48,168664625000076;0
177221;08;4;21;000;2019;05;18;1;3;5;3;0;1;1;0;0;0;0;571244,270832963290000;5360581,435865918200000;9,962437859000033;48,394367045000081;0
177222;08;4;21;000;2019;05;16;1;3;6;6;0;0;1;1;0;0;0;569631,366957012560000;5362693,670422190800000;9,941002702000048;48,413547493000067;0
177225;08;3;35;043;2019;05;13;1;3;0;1;0;1;0;0;0;0;0;511931,251564071510000;5281632,079539803800000;9,158989645000077;47,687965548000079;0
177228;08;3;25;036;2019;05;01;1;3;6;7;2;0;1;1;0;0;0;450863,868657819000000;5344159,187486382200000;8,338109348000046;48,248741814000027;0
177231;08;3;15;048;2019;05;15;1;3;0;1;0;1;0;0;0;0;0;394849,456000002100000;5307160,701999999600000;7,592844992000039;47,909147409000070;0
177233;08;3;11;000;2019;05;19;1;2;3;1;0;1;1;0;0;0;0;414512,838999999690000;5318330,222000001000000;7,853704566000033;48,012545016000047;0
177234;08;2;36;044;2019;05;17;1;2;0;1;0;1;0;0;0;0;0;480461,609518305400000;5405486,942225761700000;8,733924963000050;48,802066260000061;0
177235;08;2;26;082;2019;05;17;1;3;1;5;0;1;1;0;0;0;0;475448,605621280150000;5479944,162353798700000;8,661123272000054;49,471649555000056;0
177237;08;2;22;000;2019;05;09;1;3;5;2;0;1;1;0;0;0;0;464411,673370300790000;5484618,792815132100000;8,508367314000054;49,513148986000033;0
177239;08;2;12;000;2019;05;19;1;3;5;3;0;1;1;0;0;0;0;453778,814000001180000;5428698,082000002300000;8,367945567000049;49,009444146000078;0
177240;08;2;12;000;2019;05;17;1;3;6;1;0;1;0;1;0;0;0;456030,561828038660000;5428648,922375977000000;8,398740734000057;49,009166503000074;0
177241;08;2;16;033;2019;05;17;1;2;5;3;0;1;1;0;0;0;0;447098,310098330490000;5413237,365364272100000;8,278606788000047;48,869838526000080;0
177245;08;1;18;080;2019;05;13;1;2;0;1;0;1;0;0;0;0;0;509296,661064742130000;5408263,147021891500000;9,126665971000023;48,827278240000055;0
177246;08;4;35;016;2019;06;12;4;3;0;7;0;1;0;0;0;0;0;537568,383628728800000;5279842,313532428800000;9,500453830000026;47,670880528000055;0
177247;08;4;26;134;2019;06;20;4;3;6;4;0;0;1;1;0;0;0;558688,329000000840000;5336054,610999999600000;9,789430816000049;48,175020438000047;0
177248;08;4;26;070;2019;06;20;4;3;4;6;0;1;0;0;0;0;1;565339,131161103030000;5342886,212693844000000;9,879934087000038;48,235827043000029;0
177249;08;4;21;000;2019;06;10;4;3;0;5;0;1;1;0;0;0;0;573735,616171647790000;5361060,035644101000000;9,996172257000069;48,398385722000057;0
177252;08;4;15;061;2019;06;09;4;3;5;3;0;1;1;0;0;0;0;515485,074732636100000;5370843,346096469100000;9,209581770000057;48,490522832000067;0
177259;08;3;17;096;2019;06;19;4;3;1;5;0;1;1;0;0;0;0;422719,061228012670000;5369834,442788634400000;7,954319656000052;48,476886899000078;0
177261;08;3;17;001;2019;06;16;4;2;0;1;0;1;0;0;0;0;0;429262,092317795380000;5386904,726771628500000;8,039938270000050;48,631205278000039;0
177262;08;3;16;011;2019;06;09;4;3;1;5;0;1;1;0;0;0;0;413884,411022541110000;5330633,086484303700000;7,842801252000072;48,123127939000028;0
177264;08;3;11;000;2019;06;16;4;3;5;3;0;1;1;0;0;0;0;414942,293435532600000;5315682,116698911400000;7,859986934000062;47,988781554000070;0
177265;08;3;11;000;2019;06;12;4;3;1;1;0;1;1;0;0;0;0;414934,548141477630000;5318048,503577126200000;7,859413982000035;48,010067130000039;0
177268;08;2;15;066;2019;06;16;4;3;5;3;0;1;1;0;0;0;0;461760,021526554600000;5449832,367104314300000;8,475078388000043;49,200094840000077;0
177272;08;2;12;000;2019;06;11;4;3;5;3;0;1;1;0;0;0;0;460626,543818271720000;5427324,466156948400000;8,461713750000058;48,997563101000026;0
177274;08;4;36;064;2019;06;08;4;3;0;1;0;1;0;0;0;0;0;546597,733921469190000;5292232,938113693100000;9,622054454000022;47,781772430000046;0
177275;08;4;36;064;2019;06;06;4;3;4;2;0;1;1;0;0;0;0;546259,957000000400000;5292735,201999997700000;9,617599113000040;47,786315648000027;0
177277;08;2;37;024;2019;06;09;4;3;6;7;0;0;0;1;0;0;1;478311,087000001220000;5359813,951999999600000;8,707024911000076;48,391114749000053;0
177278;08;2;35;018;2019;06;17;4;3;4;6;0;1;1;0;0;0;0;464800,659454694020000;5403326,309342304200000;8,520844334000060;48,781940444000043;0
177279;08;2;31;000;2019;06;12;4;2;6;4;0;0;1;1;0;0;0;477391,758999998680000;5415374,548000000400000;8,691574379000031;48,890908385000046;0
177282;08;2;26;096;2019;06;20;4;3;5;3;0;1;1;0;0;0;0;476035,950681940650000;5488811,519407438100000;8,668691851000062;49,551431932000071;0
177283;08;2;26;096;2019;06;10;4;3;2;6;0;1;1;0;0;0;0;474595,257000002080000;5488132,809000000400000;8,648818097000060;49,545268474000068;0
177284;08;2;22;000;2019;06;10;4;3;5;3;0;1;1;0;0;0;0;463129,743999999950000;5486577,649000002100000;8,490475861000050;49,530691204000050;0
177285;08;2;22;000;2019;06;13;4;3;0;7;0;1;0;0;0;0;0;462497,085204042490000;5480795,622810849900000;8,482282325000028;49,478646179000066;0
177288;08;2;21;000;2019;06;18;4;3;6;4;0;0;1;1;0;0;0;475801,980844613160000;5474101,174724204500000;8,666357553000069;49,419107432000033;0
177289;08;2;21;000;2019;06;07;4;3;4;6;0;1;0;1;0;0;0;476978,088999999690000;5474856,434000000400000;8,682529646000035;49,425946500000066;0
177290;08;2;12;000;2019;06;08;4;2;0;1;0;1;0;0;0;0;0;462028,146020192650000;5423739,019968615800000;8,481209501000024;48,965398824000033;0
177291;08;2;12;000;2019;06;18;4;3;1;5;0;1;1;0;0;0;0;456437,527200565670000;5428753,417508238900000;8,404294244000027;49,010135312000045;0
177292;08;2;16;049;2019;06;11;4;3;6;4;0;0;1;1;0;0;0;438870,922079594810000;5400998,853833278600000;8,168248876000064;48,758997199000078;0
177293;08;2;11;000;2019;06;10;4;3;6;7;0;0;1;1;0;0;0;444274,663294567730000;5400944,422130845500000;8,241775052000037;48,759014748000027;0
177294;08;1;18;007;2019;06;16;4;2;0;7;0;1;0;0;0;0;0;510435,204323285260000;5427255,736780464600000;9,142664087000071;48,998112278000065;0
177295;08;1;36;065;2019;06;13;4;3;8;1;0;1;0;0;0;0;0;559101,633000001310000;5405661,854000000300000;9,804837996000060;48,801137012000027;0
177296;08;1;36;019;2019;06;13;4;3;5;3;0;1;1;0;0;0;0;582688,244425178510000;5423529,244991438500000;10,129594931000042;48,959147521000034;0
177297;08;1;36;088;2019;06;20;4;3;5;2;0;1;1;0;0;0;0;580404,952355253510000;5413182,119678055900000;10,096370715000035;48,866385623000042;0
177298;08;1;35;015;2019;06;17;4;2;5;3;0;1;1;0;0;0;0;570563,956061280330000;5388194,821874292600000;9,957920884000032;48,642829244000040;0
177300;08;1;26;066;2019;06;08;4;3;0;7;0;1;0;0;0;0;0;536126,534403707830000;5448902,714315563400000;9,495827867000060;49,191860841000050;0
177301;08;1;19;079;2019;06;12;4;3;0;7;0;1;0;0;0;0;0;525014,815803792330000;5407587,840671896900000;9,340780173000042;48,820769155000050;0
177302;08;1;19;020;2019;06;19;4;3;0;1;0;1;0;0;0;0;0;518916,294999999930000;5408821,815000001300000;9,257757155000036;48,832085393000057;0
177303;08;1;19;008;2019;06;10;4;3;5;3;0;1;1;0;0;0;0;531317,397124554030000;5421543,743214946200000;9,427708048000056;48,946024382000076;0
177304;08;1;18;081;2019;06;13;4;3;1;5;0;1;1;0;0;0;0;518582,374318903310000;5412748,713228454800000;9,253385317000038;48,867420926000079;0
177305;08;1;18;019;2019;06;07;4;3;5;2;0;1;1;0;0;0;0;505471,059171694330000;5405016,432555349500000;9,074499348000074;48,798116599000082;0
177306;08;1;16;033;2019;06;12;4;3;0;7;0;1;0;0;0;0;0;533686,615860193040000;5389406,648595562200000;9,457427397000060;48,656806158000052;0
177307;08;1;16;033;2019;06;12;4;3;0;7;0;0;0;1;1;0;0;533427,400995600970000;5388092,486828023600000;9,453801558000066;48,644998038000040;0
177308;08;1;16;019;2019;06;12;4;3;6;4;0;0;1;1;0;0;0;525054,120704754260000;5398973,206548532500000;9,340790553000034;48,743272056000080;0
177309;08;1;15;045;2019;06;17;4;3;6;4;0;0;1;1;0;0;0;501369,831474850890000;5394643,432802809400000;9,018618477000075;48,704823598000075;0
177312;08;1;11;000;2019;06;19;4;3;5;3;0;1;1;0;0;0;0;516138,442071786150000;5402016,593282729400000;9,219638435000036;48,770944975000077;0
177316;08;1;11;000;2019;06;07;4;3;0;7;0;1;0;0;0;0;0;513943,981996347200000;5405503,612018378500000;9,189891119000038;48,802366898000059;0
177320;08;4;36;049;2019;06;20;3;3;0;7;0;1;0;0;0;0;0;577701,788000000640000;5281836,756000002800000;10,035364820000041;47,685245999000074;0
177321;08;4;35;024;2019;06;16;3;3;0;6;0;1;1;0;0;0;0;527309,534211810680000;5279163,937780203300000;9,363755188000027;47,665291494000030;0
177322;08;4;35;016;2019;06;08;3;3;5;3;0;1;1;0;0;0;0;536914,659855619070000;5279807,435205960600000;9,491742867000028;47,670604366000077;0
177323;08;4;25;141;2019;06;08;3;3;0;1;0;1;0;0;0;0;0;568474,949000000950000;5362193,008000003200000;9,925295215000062;48,409170586000073;0
177325;08;4;17;002;2019;06;15;3;3;5;3;0;1;1;0;0;0;0;488799,468162273990000;5345941,884516373300000;8,849070532000042;48,266586304000043;0
177326;08;4;17;079;2019;06;00;3;3;1;7;2;1;0;0;0;0;1;501301,435647354460000;5344206,399030955500000;9,017531805000033;48,251070231000028;0
177331;08;4;16;041;2019;06;16;3;3;5;3;0;1;1;0;0;0;0;504574,872356844130000;5371841,941714001800000;9,061929459000055;48,499680746000081;0
177333;08;4;15;061;2019;06;09;3;3;6;7;0;0;1;1;0;0;0;515693,232542589310000;5371415,356991380500000;9,212420543000064;48,495663678000028;0
177335;08;4;15;050;2019;06;12;3;3;5;3;0;1;0;0;1;0;0;522213,022194270040000;5375359,702719282400000;9,300880092000057;48,530951338000079;0
177336;08;4;15;050;2019;06;10;3;3;0;1;0;1;0;0;0;0;0;520181,667146243160000;5377294,277016781300000;9,273459027000058;48,548423847000038;0
177337;08;3;35;043;2019;06;08;3;2;3;6;0;1;0;0;0;0;0;512820,422317017800000;5281640,294683422900000;9,170838460000027;47,688022436000040;0
177339;08;3;25;049;2019;06;13;3;3;0;1;0;1;0;0;0;0;0;473217,478448739280000;5333462,093758992900000;8,639891126000066;48,153842375000067;0
177340;08;3;17;034;2019;06;07;3;3;0;1;0;1;0;0;0;0;0;427225,797815610650000;5361020,570733899300000;8,016821337000067;48,398142441000061;0
177341;08;3;17;065;2019;06;12;3;3;3;6;0;1;1;0;0;0;0;414958,299728134650000;5354059,517465457300000;7,852527260000045;48,333993732000067;0
177343;08;3;17;065;2019;06;17;3;2;0;7;0;1;0;0;0;0;1;420348,277999999930000;5353358,174000002400000;7,925373387000036;48,328387548000080;0
177344;08;3;15;074;2019;06;07;3;3;5;3;0;1;1;0;0;0;0;397568,591673810030000;5295903,513560026900000;7,631889350000051;47,808330918000081;0
177345;08;3;15;064;2019;06;07;3;3;4;6;0;1;0;0;0;0;0;421459,177769703790000;5314192,097921062300000;7,947588170000074;47,976211381000041;0
177346;08;3;15;095;2019;06;10;3;3;5;3;0;1;1;0;0;0;0;428036,665579678490000;5318263,552241541400000;8,035027301000071;48,013611508000054;0
177347;08;3;15;047;2019;06;09;3;3;8;1;0;1;0;0;0;0;0;416486,964143177490000;5322356,052883781500000;7,879385319000051;48,049020104000078;0
177348;08;3;36;081;2019;06;09;3;2;5;3;0;1;0;0;0;0;0;412013,066378661430000;5278672,560110490800000;7,828252401000043;47,655463136000037;0
177350;08;3;11;000;2019;06;09;3;3;3;2;0;1;1;0;0;0;0;413065,839457806200000;5315391,631043849500000;7,834901306000063;47,985916209000038;0
177351;08;3;11;000;2019;06;16;3;3;5;3;0;1;1;0;0;0;0;410411,698640342800000;5315672,260827986500000;7,799279707000039;47,988074274000041;0
177352;08;3;36;050;2019;06;18;3;3;1;1;0;1;1;0;0;0;0;401809,132486352700000;5276337,995577555100000;7,692922310000029;47,632994689000043;0
177354;08;2;35;006;2019;06;16;3;3;4;6;0;1;1;0;0;0;0;468613,280385628340000;5380455,998423475800000;8,574478997000028;48,576406166000027;0
177355;08;2;36;050;2019;06;17;3;3;8;1;0;1;0;0;0;0;0;486999,243504717950000;5424460,585028048600000;8,822350726000025;48,972919523000030;0
177356;08;2;26;095;2019;06;16;3;3;6;7;0;1;0;1;0;0;0;473888,195455198180000;5462133,134463263700000;8,640755955000032;49,311377354000058;0
177360;08;2;22;000;2019;06;08;3;3;5;3;0;1;1;0;0;0;0;461232,260836997070000;5482206,268079483900000;8,464684237000029;49,491254717000061;0
177361;08;2;22;000;2019;06;07;3;3;5;3;0;1;1;0;0;0;0;466060,867988282810000;5484275,054722147100000;8,531178736000072;49,510151793000034;0
177363;08;2;26;012;2019;06;17;3;3;4;6;0;1;1;0;0;0;0;476334,354971665890000;5477657,701628521100000;8,673485514000049;49,451118587000053;0
177364;08;2;21;000;2019;06;20;3;2;5;3;0;1;0;0;1;0;0;477299,459090812130000;5472659,281875949400000;8,687086912000041;49,406195570000079;0
177365;08;2;12;000;2019;06;07;3;3;5;3;0;1;1;0;0;0;0;457526,422998730090000;5428560,421884538600000;8,419203999000047;49,008475201000067;0
177366;08;1;35;019;2019;06;22;3;2;0;1;2;1;0;0;0;0;0;583841,501862676810000;5392229,325707880800000;10,138949594000053;48,677477210000063;0
177367;08;1;35;019;2019;06;13;3;3;6;7;0;0;1;1;0;0;0;585286,038691134190000;5394532,288945145900000;10,159044154000071;48,697995009000067;0
177370;08;1;19;085;2019;06;15;3;3;6;4;0;0;1;1;0;0;0;529202,982998903840000;5413877,030718548200000;9,398283252000056;48,877161641000043;0
177372;08;1;19;084;2019;06;11;3;3;0;1;0;1;0;0;0;0;0;545745,491577473470000;5414022,185974668700000;9,623902110000074;48,877467417000048;0
177373;08;1;18;073;2019;06;12;3;3;5;3;0;1;0;0;1;0;0;496927,188872613010000;5421524,636618502400000;8,958033533000048;48,946637816000077;0
177374;08;1;18;048;2019;06;10;3;3;5;3;0;1;1;0;0;0;0;514760,012361846860000;5415664,234432792300000;9,201370039000040;48,893750975000046;0
177375;08;1;18;067;2019;06;15;3;2;5;3;0;1;1;0;0;0;0;505572,626007610000000;5414863,879160959300000;9,076016326000058;48,886701905000052;0
177376;08;1;17;026;2019;06;16;3;2;5;3;0;1;1;0;0;0;0;548531,480048132130000;5394369,353273581700000;9,659575210000071;48,700471498000070;0
177377;08;1;16;020;2019;06;13;3;3;6;4;0;0;1;1;0;0;0;524530,554742447100000;5380538,305855125200000;9,332576236000023;48,577452584000071;0
177378;08;1;16;081;2019;06;16;3;3;5;3;0;1;1;0;0;0;0;518087,053000001240000;5386458,385000001600000;9,245476553000060;48,630929701000071;0
177381;08;1;11;000;2019;06;10;3;2;6;4;0;0;0;1;0;0;1;518050,557567278850000;5402063,120891191100000;9,245663449000062;48,771311003000051;0
177382;08;1;11;000;2019;06;07;3;3;5;7;0;1;1;0;0;0;0;507938,611474885610000;5398277,577749814800000;9,107969882000077;48,737467485000082;0
177384;08;1;11;000;2019;06;21;3;3;0;3;2;1;1;0;0;0;0;512528,556040222760000;5408133,123624477500000;9,170696030000045;48,826051778000078;0