OBJECTID;ULAND;UREGBEZ;UKREIS;UGEMEINDE;UJAHR;UMONAT;USTUNDE;UWOCHENTAG;UKATEGORIE;UART;UTYP1;ULICHTVERH;IstRad;IstPKW;IstFuss;IstKrad;IstGkfz;IstSonstige;LINREFX;LINREFY;XGCSWGS84;YGCSWGS84;STRZUSTAND
177385;08;1;11;000;2019;06;14;3;2;0;7;0;1;0;0;0;0;0;515434,205912476410000;5403607,790773617100000;9,210113834000026;48,785277101000077;0
177386;08;1;11;000;2019;06;17;3;2;0;7;0;1;0;0;0;0;0;514001,489007730040000;5402819,592940378900000;9,190582788000029;48,778220450000049;0
177387;08;4;37;104;2019;06;15;2;3;6;4;0;0;1;1;0;0;0;516155,822754138150000;5325863,505795039200000;9,216939213000046;48,085837213000048;0
177388;08;4;17;079;2019;06;18;2;3;2;2;0;1;1;0;0;0;0;500982,910037713130000;5340258,553063375900000;9,013231745000041;48,215552746000071;0
177389;08;4;15;061;2019;06;16;2;3;5;2;0;1;1;0;0;0;0;515466,065200534650000;5370867,708561746400000;9,209325390000061;48,490742473000068;1
177391;08;3;36;069;2019;06;06;2;3;5;3;0;1;0;0;0;0;0;405210,999386055400000;5267048,119480870700000;7,740202555000053;47,549933170000031;0
177392;08;3;35;066;2019;06;08;2;3;1;5;0;1;1;0;0;0;0;504149,990433151830000;5282056,774088528000000;9,055304748000026;47,691883629000074;0
177393;08;3;26;074;2019;06;15;2;3;5;3;0;1;1;0;0;0;0;465668,036194661630000;5323177,913109600500000;8,539214677000075;48,060955586000034;1
177396;08;4;17;079;2019;06;06;2;2;4;6;0;1;1;0;0;0;0;501829,097000001000000;5342696,121000001200000;9,024633472000062;48,237481255000034;0
177397;08;3;17;065;2019;06;14;2;3;5;3;0;1;1;0;0;0;0;416396,940678718500000;5354150,455408623400000;7,871916937000037;48,335003700000073;0
177400;08;3;11;000;2019;06;18;2;3;5;1;0;1;0;0;0;0;0;412917,320214979350000;5316937,425062170300000;7,832597639000028;47,999800931000038;0
177401;08;3;11;000;2019;06;07;2;3;0;6;0;1;1;0;0;0;0;414469,464274809700000;5317740,578228503500000;7,853240686000049;48,007235149000053;0
177402;08;3;11;000;2019;06;08;2;3;5;2;0;1;1;0;0;0;0;414045,432217385620000;5317937,857245957500000;7,847517082000024;48,008952855000075;0
177404;08;2;12;000;2019;06;07;2;3;5;3;0;1;1;0;0;0;0;461064,305851068350000;5422318,952545069200000;8,468177447000073;48,952564933000076;0
177405;08;2;15;017;2019;06;09;2;2;6;7;0;0;0;1;0;1;0;456575,828393303790000;5421065,196745481300000;8,407006257000035;48,940988194000056;0
177406;08;2;37;004;2019;06;14;2;3;8;7;0;1;0;0;0;0;0;451149,276978897860000;5374285,994497647500000;8,338450647000059;48,519784203000029;0
177407;08;2;26;098;2019;06;14;2;3;5;3;0;1;0;0;1;0;0;476635,324411224570000;5459903,337630804600000;8,678680499000052;49,291431628000055;0
177410;08;2;22;000;2019;06;16;2;3;6;7;0;1;0;1;0;0;0;461641,923725004310000;5483690,124681625500000;8,470196659000067;49,504627231000029;0
177412;08;2;21;000;2019;06;18;2;3;6;7;0;0;1;1;0;0;0;478000,492347191090000;5473269,906415734400000;8,696716249000076;49,411713793000047;0
177413;08;2;26;105;2019;06;18;2;2;6;6;0;0;1;1;0;0;0;470333,440000000410000;5479961,148000003800000;8,590520387000026;49,471573949000060;0
177415;08;2;12;000;2019;06;15;2;3;0;1;0;1;0;0;0;0;0;458109,850790461530000;5430178,791387651100000;8,427014477000057;49,023072543000069;1
177416;08;2;12;000;2019;06;13;2;3;1;5;0;1;1;0;0;0;0;454769,884549361650000;5428149,645141605300000;8,381558285000040;49,004584350000073;0
177417;08;2;12;000;2019;06;07;2;3;3;2;0;1;1;0;0;0;0;452342,951464779680000;5430858,643472187200000;8,348058306000041;49,028769185000044;0
177418;08;2;16;049;2019;06;17;2;2;5;3;0;1;1;0;0;0;0;438520,069380206060000;5399158,268662545800000;8,163750345000040;48,742406496000058;0
177419;08;2;11;000;2019;06;08;2;2;5;3;0;1;1;0;0;0;0;440143,401208448220000;5403465,777927974200000;8,185202000000061;48,781310996000059;0
177420;08;1;27;076;2019;06;11;2;3;6;2;0;0;0;1;0;1;0;553308,421895211560000;5440191,133184153600000;9,730475138000031;49,112250200000062;0
177421;08;1;19;085;2019;06;11;2;3;0;4;0;0;0;1;0;0;1;529488,181478775110000;5413440,792804535500000;9,402141360000030;48,873223924000058;0
177424;08;1;19;053;2019;06;00;2;3;0;1;2;1;0;0;0;0;0;533247,729124988430000;5426001,622840460400000;9,454434383000034;48,986023972000055;0
177425;08;1;19;008;2019;06;09;2;3;5;3;0;1;1;0;0;0;0;531431,563639440570000;5420618,972868561700000;9,429195860000050;48,937699860000066;0
177429;08;1;15;037;2019;06;16;2;3;6;3;0;1;0;1;0;0;0;492161,840270699930000;5385563,827696554400000;8,893637399000056;48,623094559000037;0
177431;08;1;11;000;2019;06;11;2;3;6;6;0;1;0;1;0;0;0;512880,424027466220000;5402493,202097419600000;9,175313144000029;48,775308484000050;0
177433;08;1;11;000;2019;06;09;2;2;6;4;0;0;1;1;0;0;0;516148,529735920950000;5405493,180649515200000;9,219912337000039;48,802219693000040;0
177434;08;4;36;087;2019;06;17;1;3;1;5;0;1;1;0;0;0;0;547356,521666226910000;5302876,977923177200000;9,633347316000027;47,877480518000027;0
177436;08;4;35;029;2019;06;17;1;3;0;1;0;1;0;0;0;0;0;545091,372000109400000;5270898,228220544800000;9,599742046000074;47,589927279000051;0
177437;08;4;21;000;2019;06;15;1;3;9;1;0;1;0;0;0;0;0;573645,832219706850000;5362175,324167203200000;9,995155164000039;48,408428454000045;0
177438;08;4;17;013;2019;06;21;1;3;6;2;1;0;1;1;0;0;0;508564,721588583660000;5348468,829596111600000;9,115462687000047;48,289361682000049;0
177439;08;4;16;036;2019;06;17;1;3;0;1;0;1;0;0;0;0;0;494968,818364103320000;5368677,533723242600000;8,931931651000070;48,471208922000073;0
177440;08;4;15;059;2019;06;11;1;2;0;1;0;1;0;0;0;0;0;517018,982385292650000;5368582,324357289800000;9,230250104000049;48,470142196000040;0
177441;08;4;15;053;2019;06;11;1;3;0;1;0;1;0;0;0;0;0;539614,567956400100000;5362417,749185485800000;9,535353126000075;48,413667582000073;0
177444;08;4;35;053;2019;06;14;1;3;6;6;0;0;1;1;0;0;0;507321,139238416220000;5293572,082473168100000;9,097758730000066;47,795465364000052;0
177445;08;3;35;063;2019;06;18;1;3;0;7;0;1;0;0;0;0;0;498364,775000000370000;5287203,541000001100000;8,978188893000038;47,738203620000036;0
177447;08;4;36;085;2019;06;13;1;3;0;7;0;1;0;0;0;0;0;559091,514004232360000;5296734,801261406400000;9,789438424000025;47,821249112000032;0
177448;08;4;36;078;2019;06;14;1;2;0;7;0;1;0;0;0;0;0;557013,827777106310000;5292008,776951499300000;9,761062700000025;47,778917971000055;0
177451;08;3;15;013;2019;06;15;1;3;0;7;0;0;1;1;0;0;0;404625,880750303160000;5325102,291920997200000;7,719654210000044;48,072059759000069;0
177452;08;2;15;017;2019;06;19;1;3;2;6;0;1;0;0;0;0;0;455036,691073471680000;5419730,925554797100000;8,386136460000046;48,928876191000029;0
177454;08;2;36;065;2019;06;13;1;3;3;2;0;1;0;0;0;0;0;488444,565999999640000;5415482,506999999300000;8,842354791000048;48,892184255000075;0
177455;08;2;22;000;2019;06;17;1;2;5;3;0;1;1;0;0;0;0;464160,088931360280000;5483605,450599333300000;8,504983930000037;49,504019675000052;0
177456;08;2;26;060;2019;06;10;1;3;1;5;0;1;1;0;0;0;0;477651,831000001170000;5464271,542999999600000;8,692415116000063;49,330761659000075;0
177457;08;2;15;106;2019;06;14;1;3;5;3;0;1;0;0;0;0;0;465124,114842116830000;5452293,460668351500000;8,521041832000037;49,222432941000079;0
177460;08;1;35;019;2019;06;10;1;3;5;3;0;1;1;0;0;0;0;585989,356232246380000;5395692,995135638900000;10,168841974000031;48,708338100000049;0
177464;08;1;11;000;2019;06;19;1;2;5;7;0;1;0;1;0;0;0;512871,287385248580000;5409277,605558242600000;9,175401504000035;48,836340345000053;0
177465;08;1;11;000;2019;06;10;1;3;7;7;0;1;0;0;0;0;0;506491,747000001370000;5397483,798000002300000;9,088279180000029;48,730343382000058;0
177466;08;4;36;082;2019;06;10;7;2;0;1;0;1;0;0;0;0;0;546816,125350679270000;5294004,836776292000000;9,625160841000024;47,797698335000064;0
177467;08;4;36;049;2019;06;09;7;3;1;5;0;1;0;0;0;0;1;578984,909602496770000;5283526,077562712100000;10,052765131000058;47,700287856000045;0
177469;08;4;35;059;2019;06;11;7;3;6;4;0;1;0;1;0;0;0;512246,290625501420000;5290235,007183451200000;9,163429630000053;47,765365194000026;0
177471;08;4;35;024;2019;06;21;7;3;0;7;2;1;0;0;0;0;0;527783,054999999700000;5279576,190000001300000;9,370088435000071;47,668980575000035;0
177474;08;4;15;061;2019;06;13;7;3;0;1;0;1;0;0;0;0;0;516201,021549979220000;5370217,468542693200000;9,219247362000033;48,484874164000075;0
177475;08;4;15;060;2019;06;23;7;3;6;7;2;0;1;1;0;0;0;514391,788167284800000;5378979,410406205800000;9,195065743000043;48,563743349000049;0
177476;08;3;35;043;2019;06;14;7;3;5;2;0;1;1;0;0;0;0;511967,745442444460000;5280141,347974821900000;9,159435069000040;47,674551785000062;0
177477;08;3;17;096;2019;06;15;7;3;5;2;0;1;1;0;0;0;0;420694,369516465810000;5369120,764028728000000;7,927064073000054;48,470215322000058;0
177478;08;3;17;075;2019;06;12;7;3;0;1;0;1;0;0;0;0;0;408319,186461219560000;5366043,101705381600000;7,760350908000021;48,440851362000046;0
177479;08;3;17;089;2019;06;19;7;3;0;1;0;1;0;0;0;0;0;430788,270000001420000;5379174,711000001100000;8,061937072000035;48,561844257000075;0
177480;08;3;16;011;2019;06;17;7;3;3;6;0;1;1;0;0;0;0;414192,440759451130000;5330273,977544404600000;7,847011902000077;48,119939291000037;0
177482;08;3;36;091;2019;06;22;7;2;6;4;2;0;1;1;0;0;0;395946,860843976960000;5271942,680443316700000;7,615952715000049;47,592542591000040;0
177483;08;3;11;000;2019;06;11;7;3;0;7;0;1;0;0;0;0;0;414210,218268699940000;5315383,293619187500000;7,850236810000070;47,985995736000064;0
177484;08;2;12;000;2019;06;09;7;2;5;3;0;1;1;0;0;0;0;459756,547124490140000;5427031,444229133400000;8,449849362000066;48,994871207000074;0
177486;08;2;31;000;2019;06;10;7;3;1;5;0;1;1;0;0;0;0;475408,046145660800000;5415143,011652777000000;8,664526618000025;48,888750016000074;0
177487;08;2;26;041;2019;06;13;7;3;3;6;0;1;0;0;0;0;0;476178,300477951770000;5465705,482807772200000;8,672049101000027;49,343604114000073;0
177488;08;2;26;095;2019;06;13;7;2;0;7;0;1;0;0;0;0;0;474033,102999999190000;5460712,169999999900000;8,642841936000025;49,298602010000081;0
177492;08;2;22;000;2019;06;13;7;3;6;7;0;1;1;1;0;0;0;461480,160215412270000;5482183,862380627500000;8,468109328000026;49,491068978000044;0
177495;08;2;12;000;2019;06;19;7;3;5;2;0;1;1;0;0;0;0;455109,828747824770000;5427362,221928086100000;8,386293175000048;48,997526220000054;0
177496;08;2;16;049;2019;06;14;7;3;1;5;0;1;0;0;0;0;1;438369,219543211160000;5400979,246737465300000;8,161426171000073;48,758771366000076;0
177497;08;1;15;001;2019;06;18;7;2;5;3;0;1;0;0;0;0;1;486697,006000000980000;5390718,942000001700000;8,819315164000045;48,669378265000034;0
177499;08;1;36;019;2019;06;15;7;3;4;7;0;1;0;0;0;0;0;582738,953179713340000;5423662,332004981100000;10,130314567000028;48,960337711000079;0
177501;08;1;28;115;2019;06;10;7;2;4;6;0;1;1;0;0;0;0;547506,612193263140000;5499619,141568198800000;9,658079039000029;49,647247147000030;0
177506;08;1;11;000;2019;06;19;4;3;6;7;0;0;1;1;0;0;0;512526,531399994160000;5404758,077262790900000;9,170565430000067;48,795690330000070;0
177508;08;4;36;081;2019;06;12;3;2;8;1;0;1;0;0;0;0;0;562860,533280855980000;5282149,461003322200000;9,837676733000023;47,689673251000045;0
177509;08;4;35;066;2019;06;18;3;3;5;3;0;1;1;0;0;0;0;518937,399419024590000;5286924,060391800500000;9,252579130000072;47,735413096000059;0
177510;08;4;35;016;2019;06;16;3;3;4;2;0;1;1;0;0;0;0;535187,389225174670000;5278246,557731784900000;9,468608878000055;47,656656804000079;0
177511;08;4;35;016;2019;06;11;3;3;3;2;0;1;0;0;0;0;0;533564,495895154770000;5278416,706800572600000;9,447009720000040;47,658273949000034;0
177512;08;4;35;024;2019;06;12;3;3;2;6;0;1;0;0;0;0;0;526300,188229901720000;5279169,642756538500000;9,350311596000040;47,665384659000040;0
177520;08;3;36;104;2019;06;14;3;3;4;6;0;1;1;0;0;0;0;403095,151231417430000;5287060,369127143200000;7,707656510000049;47,729640485000061;1
177522;08;4;35;016;2019;06;07;3;2;5;3;0;1;1;0;0;0;0;535551,253612888050000;5279171,095788680000000;9,473529697000060;47,664955362000057;0
177523;08;3;17;096;2019;06;17;3;2;0;1;0;1;0;0;0;0;0;421774,537470732820000;5369385,659661864900000;7,941625633000058;48,472733328000061;0
177524;08;3;16;011;2019;06;14;3;3;6;4;0;0;1;1;0;0;0;415070,508491823450000;5327544,930513646500000;7,859351371000059;48,095508631000030;0
177528;08;1;19;091;2019;06;19;4;3;5;3;0;1;1;0;0;0;0;527856,028299115600000;5407999,520121304300000;9,379513508000059;48,824351584000055;0
177530;08;1;18;048;2019;06;08;4;3;3;2;0;1;1;0;0;0;0;513505,828675159250000;5415705,781013878100000;9,184260750000021;48,894153326000037;1
177532;08;2;26;103;2019;06;15;3;2;5;3;0;1;1;0;0;0;0;473208,333185999650000;5456789,486219227300000;8,631760811000049;49,263281890000030;0
177533;08;2;26;098;2019;06;16;3;3;3;2;0;1;1;0;0;0;0;476483,029193455350000;5459900,208140270800000;8,676586299000064;49,291397635000067;0
177534;08;2;26;032;2019;06;17;3;3;5;3;0;1;1;0;0;0;0;466835,208578632210000;5463792,516040360600000;8,543586526000070;49,325960857000041;0
177536;08;2;22;000;2019;06;19;3;3;3;2;0;1;1;0;0;0;0;464328,518227190710000;5483034,392912089800000;8,507361731000060;49,498893227000053;0
177538;08;2;21;000;2019;06;15;3;3;6;7;0;0;1;1;0;0;0;477636,877147891560000;5473098,475830897700000;8,691713207000021;49,410158545000058;0
177539;08;2;15;021;2019;06;11;3;3;6;4;0;0;1;1;0;0;0;469888,639016830360000;5444538,186525661500000;8,587053123000032;49,152926332000050;0
177540;08;2;12;000;2019;06;23;3;3;3;6;2;1;0;0;0;0;1;453761,514739566480000;5429598,624954963100000;8,367606424000030;49,017543276000026;0
177541;08;1;36;088;2019;06;15;3;3;5;3;0;1;1;0;0;0;0;580015,029520796610000;5410343,814644178400000;10,090500237000072;48,840907728000047;0
177543;08;1;27;076;2019;06;19;3;3;0;1;0;1;0;0;0;0;0;556523,220196336510000;5440656,966768050600000;9,774588043000051;49,116153073000078;0
177544;08;1;25;026;2019;06;17;3;2;7;1;0;1;1;0;0;0;0;492787,169176176190000;5438099,046264883100000;8,901197191000051;49,095699651000075;0
177546;08;1;21;000;2019;06;11;3;3;0;4;0;0;1;1;0;0;0;516263,503404747690000;5443513,411361485700000;9,222998286000063;49,144231133000062;0
177547;08;1;19;091;2019;06;11;3;3;5;3;0;1;1;0;0;0;0;528904,699755261650000;5405670,379395073300000;9,393636306000076;48,803351424000027;0
177549;08;1;17;019;2019;06;09;3;2;5;3;0;1;1;0;0;0;0;551904,842191600240000;5393524,261153401800000;9,705311736000056;48,692597979000027;0
177550;08;1;16;019;2019;06;11;3;2;0;7;0;1;1;0;0;0;0;520477,947532869880000;5399311,257950151300000;9,278562302000069;48,746480401000042;0
177551;08;1;15;003;2019;06;18;3;3;5;3;0;1;1;0;0;0;0;500761,944058589640000;5391118,800604291300000;9,010349692000034;48,673116679000032;0
177553;08;1;11;000;2019;06;07;3;3;0;1;0;1;0;0;0;0;0;517500,990753647870000;5405188,205463489500000;9,238317132000077;48,799439573000029;1
177554;08;4;35;035;2019;06;15;2;3;6;6;0;0;1;1;0;0;0;544254,899000000210000;5285690,744000000900000;9,590114801000027;47,723076893000041;1
177555;08;4;16;041;2019;06;17;2;2;0;1;0;1;0;0;0;0;0;504365,864041078840000;5374473,440148664600000;9,059127679000028;48,523356189000026;1
177556;08;4;16;041;2019;06;16;2;3;1;7;0;1;1;0;0;0;0;504460,955675233160000;5374001,407822707700000;9,060410472000058;48,519108946000074;1
177561;08;1;16;046;2019;06;16;2;3;0;1;0;1;0;0;0;0;0;527725,686188140880000;5378138,760199507700000;9,375733793000052;48,555732767000052;1
177564;08;1;11;000;2019;06;16;2;3;3;6;0;1;1;0;0;0;0;507549,944304245520000;5399291,472402740300000;9,102702365000027;48,746593320000045;1
177566;08;4;26;021;2019;06;17;1;1;0;1;0;1;0;0;0;0;0;558564,652147978540000;5327680,534496404200000;9,786615690000076;48,099697646000038;0
177567;08;4;21;000;2019;06;13;1;3;5;3;0;1;0;0;0;0;1;573315,384828394280000;5361617,537239514300000;9,990593168000032;48,403449577000060;0
177568;08;4;16;036;2019;06;14;1;3;0;7;0;0;0;1;1;0;0;497786,438233832830000;5372201,992245467400000;8,970033383000043;48,502932663000081;0
177569;08;3;36;069;2019;06;17;1;3;1;5;0;1;1;0;0;0;0;408114,994327877650000;5268410,368616504600000;7,778504239000029;47,562605149000035;1
177571;08;3;16;011;2019;06;21;1;2;0;1;2;1;0;0;0;0;0;415224,720999999900000;5328313,659000003700000;7,861269389000029;48,102444075000051;1
177572;08;2;12;000;2019;06;23;1;3;5;3;2;1;1;0;0;0;0;455356,157287253070000;5428469,328300792700000;8,389538896000033;49,007502616000068;1
177573;08;2;35;085;2019;06;19;1;2;0;1;0;1;0;0;0;0;0;480827,901172529910000;5396216,564554680100000;8,739344957000071;48,718682286000046;0
177575;08;2;22;000;2019;06;14;1;3;0;7;0;1;0;0;0;0;0;466171,390000000600000;5483831,553999999500000;8,532743383000025;49,506168892000062;0
177576;08;2;21;000;2019;06;10;1;2;0;7;0;1;1;0;0;0;0;477853,289568648670000;5473615,107364861300000;8,694667693000042;49,414813480000078;0
177578;08;2;15;066;2019;06;18;1;3;0;1;0;1;0;0;0;0;0;460326,688732159320000;5453320,885906240000000;8,455059040000037;49,231382525000072;0
177579;08;2;12;000;2019;06;17;1;3;0;7;0;1;1;0;0;0;0;456296,897823949340000;5425426,787497231700000;8,402729141000066;48,980201884000053;1
177580;08;1;28;131;2019;06;14;1;3;1;1;0;1;1;0;0;0;0;538503,494228559550000;5512512,835327120500000;9,534642105000046;49,763856228000066;0
177581;08;1;28;139;2019;06;16;1;3;0;1;0;1;0;0;0;0;0;553816,351926932110000;5486544,536519169800000;9,743686681000042;49,529125253000075;0
177582;08;1;19;091;2019;06;11;1;2;8;1;0;1;0;0;0;0;0;526910,435999999750000;5406776,999000001700000;9,366550741000026;48,813395821000029;0
177583;08;1;19;067;2019;06;13;1;3;8;1;0;1;0;0;0;0;0;538712,759422148580000;5406648,964357702100000;9,527293699000040;48,811620823000055;0
177586;08;1;17;009;2019;06;11;1;3;5;3;0;1;0;0;1;0;0;548669,026222138670000;5399387,885891618200000;9,662036684000043;48,745604741000079;0
177590;08;1;11;000;2019;06;01;1;3;0;6;2;1;1;0;0;0;0;513182,507266871630000;5403296,980422385000000;9,179450497000062;48,782532882000055;0
177594;08;4;25;072;2019;06;22;7;3;9;1;2;1;0;0;0;0;0;582715,959439546800000;5372396,997173562600000;10,119714281000029;48,499244753000028;0
177596;08;4;25;081;2019;06;09;7;3;5;2;0;1;1;0;0;0;0;547287,365000000220000;5343829,060000000500000;9,636951504000024;48,245912558000043;0
177598;08;4;17;079;2019;06;10;7;3;6;7;0;0;1;1;0;0;0;501034,015521950090000;5345088,579222699600000;9,013931510000020;48,259007510000060;0
177599;08;3;11;000;2019;06;07;7;3;5;3;0;1;0;0;0;0;0;412929,484839273620000;5316279,525256671000000;7,832894171000021;47,993884566000077;0
177600;08;3;11;000;2019;06;16;7;3;0;1;0;1;0;0;0;0;0;412067,764695323070000;5317203,862763585500000;7,821156647000066;48,002081320000059;0
177601;08;3;37;126;2019;06;15;7;3;5;3;0;0;0;1;0;0;1;442289,141570438630000;5273917,584099557300000;8,232027624000068;47,616092121000065;0
177602;08;3;36;091;2019;06;18;7;2;6;4;0;0;1;1;0;0;0;395573,696426736190000;5271920,720929050800000;7,610995853000077;47,592285071000049;0
177603;08;3;36;105;2019;06;22;7;3;0;1;2;1;0;0;0;0;0;401352,112988094800000;5266430,753399444700000;7,689067920000070;47,543804890000047;0
177604;08;3;25;049;2019;06;13;7;3;0;1;0;1;0;0;0;0;0;472236,221221389250000;5335617,158932050700000;8,626557043000048;48,173188842000059;0
177605;08;3;17;051;2019;06;15;7;2;0;1;0;1;0;0;0;0;0;443129,089354295280000;5339929,459818808400000;8,234494362000021;48,210044169000071;0
177606;08;3;17;097;2019;06;11;7;3;4;6;0;1;1;0;0;0;0;426142,278306826950000;5365028,160006284700000;8,001479562000043;48,434065365000038;0
177607;08;3;17;114;2019;06;14;7;3;0;7;0;1;1;0;0;0;0;406289,611610449850000;5346202,366109047100000;7,737332532000039;48,262096210000038;0
177609;08;2;26;031;2019;06;14;7;3;6;7;0;1;0;1;0;0;0;473825,120519571940000;5493527,512169305200000;8,637813526000059;49,593758581000031;0
177613;08;2;26;106;2019;06;19;7;2;0;7;0;1;0;0;0;0;0;498353,871072563340000;5463680,042026767500000;8,977346080000075;49,325848096000072;0
177615;08;2;15;108;2019;06;20;7;3;0;6;0;1;0;0;0;0;1;449081,430570160970000;5424576,132327972000000;8,304232137000042;48,971997625000029;0
177616;08;2;11;000;2019;06;13;7;3;9;1;0;1;0;0;0;0;0;443977,236999999730000;5401174,199000002800000;8,237697227000069;48,761054941000054;0
177617;08;1;15;003;2019;06;20;7;2;9;1;0;1;0;0;0;0;0;501065,755246300250000;5392275,935468327300000;9,014479425000047;48,683525959000065;0
177618;08;1;36;065;2019;06;00;7;3;0;1;2;1;0;0;0;0;0;558792,582689165140000;5405140,587714545400000;9,800555199000030;48,796477501000027;0
177619;08;1;36;019;2019;06;18;7;3;0;1;0;1;0;0;0;0;0;582410,873050248250000;5423444,920645501500000;10,125789488000066;48,958426151000026;0
177624;08;1;26;066;2019;06;23;7;3;8;1;2;1;0;0;0;0;0;536024,765860858370000;5449346,672688815700000;9,494470976000059;49,195860224000057;0
177625;08;1;25;056;2019;06;09;7;2;6;2;0;0;1;1;0;0;0;510971,173722408710000;5435909,795011812800000;9,150225774000035;49,075950806000037;0
177627;08;1;19;085;2019;06;10;7;3;6;6;0;1;0;1;0;0;0;529231,632778553290000;5414545,810270950200000;9,398721797000064;48,883176355000046;0
177628;08;1;17;019;2019;06;15;7;3;5;3;0;1;1;0;0;0;0;552308,152055528010000;5394227,949673038000000;9,710880816000042;48,698894259000042;0
177630;08;1;16;019;2019;06;14;7;2;0;7;0;1;0;0;0;0;0;519907,794863530430000;5398755,640928804900000;9,270779732000051;48,741500602000031;0
177635;08;1;11;000;2019;06;13;7;2;0;1;0;1;0;0;0;0;0;514171,587465572170000;5403853,959602534800000;9,192933751000055;48,787521663000064;0
177636;08;4;26;128;2019;06;07;6;2;5;3;0;1;1;0;0;0;0;556927,842000001110000;5330220,495000001000000;9,764971880000076;48,122696040000051;0
177640;08;4;21;000;2019;06;11;6;3;5;3;0;1;1;0;0;0;0;573552,300139063970000;5361296,455767391200000;9,993737459000045;48,400533783000071;0
177641;08;4;17;025;2019;06;17;6;3;2;6;0;1;1;0;0;0;0;487552,144548784940000;5353529,308040257500000;8,832038876000070;48,334824604000062;0
177642;08;4;16;023;2019;06;07;6;3;3;6;0;1;1;0;0;0;0;509831,985292071480000;5371979,833131546200000;9,133097423000038;48,500860985000031;0
177643;08;4;16;041;2019;06;18;6;3;0;7;0;1;0;0;0;0;0;503993,428975915540000;5374294,549946252300000;9,054082014000073;48,521749308000039;0
177645;08;4;16;036;2019;06;15;6;3;5;3;0;1;1;0;0;0;0;495147,750991003590000;5369399,638228230200000;8,934344101000022;48,477706694000062;0
177646;08;4;15;061;2019;06;18;6;3;0;1;0;1;0;0;0;0;0;511501,294927382840000;5371360,700239716100000;9,155678043000023;48,495262690000061;0
177648;08;3;35;075;2019;06;22;6;2;6;4;2;0;1;1;0;0;0;486537,543359832840000;5288956,397903569000000;8,820380030000024;47,753836622000051;1
177649;08;3;35;028;2019;06;22;6;1;9;1;2;1;0;0;0;0;0;483711,793170304040000;5286751,236188691100000;8,782760880000069;47,733930427000075;1
177650;08;3;35;063;2019;06;12;6;2;5;3;0;1;1;0;0;0;0;497705,214712243530000;5287410,493877191100000;8,969390395000062;47,740063689000067;0
177653;08;3;16;011;2019;06;09;6;3;1;5;0;1;1;0;0;0;0;415828,618082500990000;5328500,522596407700000;7,869342632000041;48,104205050000076;0
177654;08;2;12;000;2019;06;08;6;2;4;2;0;1;1;0;0;0;0;461834,906000001360000;5424027,375000003700000;8,478542427000036;48,967980760000046;0
177658;08;2;26;037;2019;06;17;6;2;5;3;0;1;1;0;0;0;0;465537,477627979590000;5468155,625359110500000;8,525350431000049;49,365134104000049;0
177661;08;2;22;000;2019;06;07;6;3;0;7;0;1;0;0;0;0;1;461731,510295371520000;5483579,141170488700000;8,471444730000030;49,503634656000031;1
177662;08;2;22;000;2019;06;19;6;3;6;4;0;0;1;1;0;0;0;461292,849175057370000;5483233,145700596300000;8,465420228000028;49,500494783000079;0
177663;08;2;22;000;2019;06;14;6;3;3;7;0;1;1;0;0;0;0;461381,597000000070000;5478292,316000003400000;8,467128270000046;49,456060255000068;0
177665;08;2;21;000;2019;06;14;6;3;6;4;0;0;1;1;0;0;0;475423,955199560150000;5474017,798725890000000;8,661150591000023;49,418342325000026;0
177666;08;2;21;000;2019;06;18;6;3;5;2;0;1;0;0;0;0;0;476535,724450510930000;5474532,458757175100000;8,676448738000033;49,423015498000041;1
177668;08;2;15;009;2019;06;19;6;3;5;3;0;1;1;0;0;0;0;474041,253935758960000;5438783,994964275500000;8,644371165000052;49,101355590000026;0
177671;08;2;15;108;2019;06;11;6;3;5;7;0;1;1;0;0;0;0;448991,016436417590000;5423946,644535576900000;8,303075708000051;48,966327926000076;0
177673;08;2;12;000;2019;06;13;6;3;0;5;0;1;0;0;0;0;0;454834,431560644880000;5428513,812489904500000;8,382400287000053;49,007864792000078;0
177674;08;2;12;000;2019;06;16;6;3;0;3;0;1;1;0;0;0;0;456382,812000000850000;5428378,675999999000000;8,403586333000021;49,006760604000078;0
177675;08;2;12;000;2019;06;14;6;3;5;3;0;1;1;0;0;0;0;455037,159756326120000;5429897,487711172600000;8,385018952000053;49,020325860000071;0
177677;08;1;15;053;2019;06;18;6;3;4;2;0;1;1;0;0;0;0;483432,748000000600000;5380298,372999999700000;8,775395782000032;48,575555302000055;0
177678;08;1;36;079;2019;06;22;6;3;8;1;2;1;0;0;0;0;0;561727,016578963030000;5398859,781656602400000;9,839565420000042;48,739697152000076;0
177680;08;1;36;088;2019;06;16;6;2;5;3;0;1;0;0;0;0;0;581066,159499260600000;5408986,719687448800000;10,104554597000060;48,828565364000042;0
177682;08;1;27;014;2019;06;12;6;2;5;7;0;1;0;0;0;0;1;575471,105084822510000;5443358,716952931100000;10,034714543000064;49,138418533000049;0