OBJECTID;ULAND;UREGBEZ;UKREIS;UGEMEINDE;UJAHR;UMONAT;USTUNDE;UWOCHENTAG;UKATEGORIE;UART;UTYP1;ULICHTVERH;IstRad;IstPKW;IstFuss;IstKrad;IstGkfz;IstSonstige;LINREFX;LINREFY;XGCSWGS84;YGCSWGS84;STRZUSTAND
177684;08;1;26;046;2019;06;15;6;3;1;1;0;1;1;0;0;0;0;550112,462078347800000;5458706,760685635700000;9,688994299000058;49,279060771000047;0
177686;08;1;25;102;2019;06;18;6;3;0;7;0;1;1;0;0;0;0;521014,752655805090000;5444203,246022149900000;9,288180627000031;49,150292191000062;0
177688;08;1;25;065;2019;06;19;6;2;6;7;0;0;1;1;0;0;0;514421,332433654000000;5449419,319495372500000;9,197951079000063;49,197402539000052;0
177691;08;1;19;085;2019;06;19;6;3;0;1;0;1;0;0;0;0;0;529284,123645938000000;5413500,621345853400000;9,399362902000064;48,873771788000056;1
177692;08;1;19;042;2019;06;17;6;3;4;1;0;1;1;0;0;0;0;528033,817806816660000;5417771,560324398800000;9,382605294000030;48,912249169000063;0
177693;08;1;18;011;2019;06;16;6;3;6;4;0;0;1;1;0;0;0;505440,964823557060000;5408222,733346438000000;9,074132066000061;48,826960434000057;0
177695;08;1;17;038;2019;06;15;6;2;6;1;0;0;1;1;0;0;0;547623,454214736820000;5398155,147298362100000;9,647672412000077;48,734596533000058;0
177696;08;1;16;042;2019;06;18;6;3;4;2;0;1;0;0;0;0;0;516896,940000002270000;5381382,982000004500000;9,229117894000069;48,585303860000067;0
177698;08;1;16;019;2019;06;20;6;2;0;7;0;1;0;0;0;0;0;520789,812532860790000;5398852,009178679400000;9,282781380000074;48,742338709000080;0
177699;08;1;15;028;2019;06;09;6;3;0;6;0;1;0;0;0;0;1;500319,341982181180000;5404155,570564869800000;9,004347809000024;48,790396329000032;0
177700;08;1;15;003;2019;06;11;6;3;1;7;0;0;1;1;0;0;0;500425,676124180670000;5390704,224427765200000;9,005781647000049;48,669387417000053;0
177701;08;1;11;000;2019;06;15;6;3;6;4;0;0;0;1;0;0;1;515989,120807626280000;5403802,513413302600000;9,217675698000051;48,787014786000043;0
177703;08;1;11;000;2019;06;09;6;2;4;7;0;1;1;0;0;0;0;516207,050867056470000;5403327,219679832500000;9,220623829000033;48,782733456000074;0
177704;08;1;11;000;2019;06;09;6;3;6;4;0;0;1;1;0;0;0;515596,992020516660000;5399101,838103707900000;9,212159097000040;48,744737836000070;0
177706;08;4;36;064;2019;06;16;5;3;0;5;0;1;1;0;0;0;0;546393,801346770490000;5293099,389867024500000;9,619424842000058;47,789582616000075;0
177708;08;4;35;034;2019;06;15;5;3;0;4;0;1;1;1;0;0;0;529255,888516402800000;5284785,084388123800000;9,390056411000046;47,715782453000031;0
177709;08;4;26;021;2019;06;16;5;3;5;3;0;1;1;0;0;0;0;558802,913024616430000;5327675,592959228900000;9,789814914000033;48,099631242000044;0
177716;08;3;26;012;2019;06;18;5;3;6;4;0;0;0;1;0;0;1;462178,997000000440000;5310962,359000003000000;8,493465689000061;47,950857049000035;0
177717;08;3;17;096;2019;06;07;5;3;0;7;0;1;0;0;0;0;0;422203,737721976820000;5369089,978937538300000;7,947486612000034;48,470126949000075;0
177718;08;3;17;057;2019;06;12;5;3;6;7;0;0;1;1;0;0;0;412123,642137610350000;5380832,036762997500000;7,808666352000046;48,574412232000043;0
177719;08;3;16;017;2019;06;09;5;3;5;3;0;1;1;0;0;0;0;408787,378950139510000;5341450,400775764100000;7,772003253000037;48,219718117000070;0
177720;08;3;15;074;2019;06;09;5;3;6;1;0;0;1;1;0;0;0;397131,295537096450000;5295945,617134043900000;7,626040408000051;47,808639886000037;1
177722;08;3;11;000;2019;06;20;5;3;0;1;0;1;0;0;0;0;0;412578,320373697210000;5316854,066091023400000;7,828071084000044;47,999004822000074;0
177723;08;3;36;008;2019;06;07;5;2;1;5;0;1;1;0;0;0;0;396630,494145151230000;5276521,414634434500000;7,623963013000036;47,633838564000030;1
177724;08;2;12;000;2019;06;23;5;3;6;7;2;0;0;1;0;0;1;460789,191590130330000;5427540,924539778400000;8,463916359000052;48,999520544000063;0
177726;08;2;37;040;2019;06;17;5;3;6;2;0;0;1;1;0;0;0;477315,191238657570000;5367116,367125991700000;8,693177335000030;48,456775093000033;0
177727;08;2;35;033;2019;06;18;5;2;0;1;0;1;0;0;0;0;0;456993,978816675020000;5407938,095409454800000;8,414097104000064;48,822934805000045;0
177728;08;2;26;096;2019;06;08;5;3;3;6;0;1;1;0;0;0;0;475775,927000001070000;5488898,654000001000000;8,665091673000063;49,552205325000045;0
177730;08;2;22;000;2019;06;17;5;3;5;3;1;1;1;0;0;0;0;463683,115870031530000;5478025,483447521900000;8,498908672000027;49,453802162000045;1
177731;08;2;22;000;2019;06;14;5;3;6;7;0;0;0;1;0;0;1;463365,870676580820000;5482966,266196509800000;8,494074016000070;49,498223088000032;0
177732;08;2;22;000;2019;06;15;5;3;0;2;0;1;1;0;0;0;0;462977,010106160310000;5479033,830417327600000;8,489072123000028;49,462829161000059;0
177733;08;2;26;009;2019;06;14;5;3;5;3;0;1;1;0;0;0;0;466541,406726655550000;5472391,334701767200000;8,538820547000057;49,403289082000072;0
177734;08;2;21;000;2019;06;08;5;3;1;5;0;1;1;0;0;0;0;476713,646848505360000;5472867,468029318400000;8,678999771000065;49,408046036000030;0
177737;08;2;15;064;2019;06;19;5;3;0;7;0;1;0;0;0;0;0;478009,700782847590000;5451224,907768460000000;8,698057627000026;49,213419329000033;0
177738;08;2;12;000;2019;06;16;5;3;0;5;0;1;1;0;0;0;0;454300,066303818490000;5429314,478601262000000;8,375003614000036;49,015027494000037;1
177740;08;2;12;000;2019;06;07;5;3;0;1;0;1;0;0;0;0;0;456044,924843274060000;5428559,174285681900000;8,398946847000048;49,008360233000076;0
177746;08;1;19;020;2019;06;16;5;3;5;3;0;1;1;0;0;0;0;520250,908362031910000;5407001,546190643700000;9,275852763000046;48,815668547000030;0
177751;08;1;18;007;2019;06;07;5;3;3;6;0;1;0;0;0;0;0;510232,343955084680000;5427214,444246500700000;9,139889665000055;48,997744223000041;0
177753;08;1;16;078;2019;06;18;5;3;3;6;0;1;1;0;0;0;0;512149,280360301960000;5390686,343524608800000;9,165013901000066;48,669108518000030;1
177756;08;1;11;000;2019;06;19;5;3;0;7;0;1;0;0;0;0;0;517748,595702450720000;5404681,019068460900000;9,241666907000024;48,794869978000065;0
177757;08;1;11;000;2019;06;08;5;2;6;4;0;1;0;1;0;0;0;510738,723895624280000;5400386,690189257300000;9,146107973000028;48,756399053000052;0
177758;08;1;11;000;2019;06;20;5;3;5;3;0;1;1;0;0;0;0;511001,022043414410000;5400517,015363805000000;9,149680196000077;48,757566874000076;1
177762;08;1;11;000;2019;06;17;5;2;5;3;0;1;1;0;0;0;0;511518,046522470190000;5402753,901091804700000;9,156777447000025;48,777680429000043;0
177765;08;2;15;084;2019;06;19;3;3;2;6;0;1;1;0;0;0;0;473040,218828411770000;5447825,837002007300000;8,630052589000059;49,182645767000054;0
177768;08;4;26;013;2019;06;15;3;2;0;1;0;1;0;0;0;0;0;545451,902530666440000;5323860,248912083000000;9,610096058000067;48,066398857000081;0
177770;08;4;25;141;2019;06;14;3;3;0;7;0;1;0;0;0;0;0;569127,833965873350000;5362265,251930944600000;9,934128274000045;48,409749166000040;0
177771;08;1;19;020;2019;06;22;3;2;5;3;2;1;1;0;0;0;0;519954,977837080140000;5407500,378896514000000;9,271845984000038;48,820165522000082;0
177772;08;1;18;046;2019;06;17;3;2;0;7;0;1;0;0;0;0;0;513623,557315231300000;5412247,126591540900000;9,185751679000020;48,863037525000038;0
177774;08;1;17;026;2019;06;22;3;3;9;1;2;1;0;0;0;0;0;549839,980425666090000;5394852,041581481700000;9,677415592000045;48,704710324000075;0
177775;08;1;16;035;2019;06;15;3;3;5;3;0;1;1;0;0;0;0;527591,775161841880000;5392416,373035874200000;9,374868968000044;48,684180371000082;0
177777;08;1;16;076;2019;06;17;3;3;0;1;0;1;0;0;0;0;0;527962,335429433730000;5400599,132614998100000;9,380458150000038;48,757774805000054;0
177779;08;1;11;000;2019;06;14;3;3;6;2;0;0;1;1;0;0;0;512052,244888010430000;5401996,984410129500000;9,164026454000066;48,770861137000054;0
177780;08;1;11;000;2019;06;08;3;3;5;2;0;1;1;0;0;0;0;511832,770000000480000;5403390,181000001700000;9,161079591000032;48,783398449000060;0
177782;08;4;36;010;2019;06;14;2;2;5;3;0;1;1;0;0;0;0;567508,290687700730000;5305855,961580412500000;9,903294068000037;47,902477432000069;0
177784;08;4;36;064;2019;06;08;2;3;2;3;0;1;1;0;0;0;0;545073,544349302540000;5288408,721335550800000;9,601311853000027;47,747474179000051;0
177787;08;4;15;061;2019;06;17;2;3;5;3;0;1;1;0;0;0;0;512731,604000001210000;5371128,030000001200000;9,172323966000022;48,493145775000073;0
177789;08;3;35;021;2019;06;16;2;3;0;1;0;1;0;0;0;0;0;492571,372999999670000;5300694,396999999900000;8,900683818000061;47,859546768000030;0
177790;08;3;35;043;2019;06;13;2;3;5;3;0;1;1;0;0;0;0;512942,693000000900000;5279105,457000002300000;9,172392628000068;47,665212401000076;0
177791;08;3;35;099;2019;06;15;2;3;8;1;0;1;0;0;0;0;0;495232,389041304590000;5298763,100052792600000;8,936281229000031;47,842195347000029;0
177794;08;3;26;074;2019;06;19;2;3;5;3;0;1;0;0;0;0;0;467165,016948190520000;5323583,122592581400000;8,559274606000031;48,064679998000031;0
177799;08;3;16;017;2019;06;21;2;3;0;4;1;0;0;1;0;0;1;408440,257574306800000;5341902,001768542500000;7,767233531000045;48,223730153000076;0
177802;08;3;11;000;2019;06;16;2;3;6;4;0;1;0;1;0;0;0;413309,938236799090000;5315218,860978612700000;7,838206921000051;47,984395213000028;0
177803;08;2;35;079;2019;06;19;2;3;6;7;0;0;1;1;0;0;0;466918,120253438130000;5399952,007909825100000;8,549938925000049;48,751702448000060;0
177805;08;2;26;085;2019;06;11;2;3;6;4;0;0;1;1;0;0;0;492435,466434180740000;5454265,437438301700000;8,896075585000062;49,241117580000036;0
177807;08;2;25;014;2019;06;17;2;3;0;1;0;1;0;0;0;0;0;523465,348245410250000;5484265,927680918900000;9,324143146000040;49,510565498000062;0
177808;08;2;25;074;2019;06;17;2;3;6;4;0;0;1;1;0;0;0;506775,545904813330000;5466551,876886261600000;9,093293380000034;49,351645071000064;0
177811;08;2;21;000;2019;06;08;2;3;5;3;0;1;1;0;0;0;0;477530,702179443090000;5470502,082823276500000;8,690396400000054;49,386800439000069;0
177814;08;2;15;109;2019;06;05;2;3;5;3;0;1;1;0;0;0;0;460622,241837505250000;5432860,651928238600000;8,461117521000062;49,047361832000036;0
177817;08;1;25;013;2019;06;22;2;3;0;1;2;1;0;0;0;0;0;504764,227885153140000;5436222,096374841400000;9,065239258000077;49,078839432000052;0
177821;08;1;15;045;2019;06;07;2;2;0;7;0;1;0;0;0;0;0;498355,606000000610000;5396086,683000000200000;8,977643973000056;48,717806513000028;0
177822;08;1;17;029;2019;06;16;2;3;0;1;0;1;0;0;0;0;0;542298,179566019210000;5390173,652146054400000;9,574435903000051;48,663182202000030;0
177823;08;1;16;033;2019;06;08;2;3;6;7;0;0;1;1;0;0;0;533391,131884718310000;5387824,916421951700000;9,453287623000051;48,642592942000078;0
177825;08;1;11;000;2019;06;17;2;2;6;4;0;0;1;1;0;0;0;515430,037999999710000;5406212,707999998700000;9,210154957000043;48,808710713000039;0
177826;08;1;11;000;2019;06;22;2;2;2;6;2;1;0;0;0;0;0;516407,024281820280000;5405308,289007924500000;9,223425127000041;48,800549664000073;0
177827;08;4;36;085;2019;06;21;1;3;8;6;1;1;1;0;0;0;0;558345,585052344950000;5297394,245704356600000;9,779562907000070;47,827249982000069;0
177828;08;4;26;021;2019;06;14;1;3;5;3;0;1;0;0;0;0;0;558629,983571523800000;5326013,768975390100000;9,787264187000062;48,084697094000035;0
177829;08;4;16;041;2019;06;19;1;3;0;6;0;1;1;0;0;0;0;504283,215362756510000;5373915,515936497600000;9,058002623000050;48,518337469000073;0
177830;08;4;16;041;2019;06;16;1;3;0;7;0;1;0;0;0;0;0;503583,102225003760000;5372214,253434291100000;9,048507196000060;48,503036650000070;0
177832;08;4;15;059;2019;06;19;1;3;7;7;0;1;0;0;0;0;0;515618,969794828440000;5365299,764973664700000;9,211186937000036;48,440647278000029;0
177833;08;3;37;097;2019;06;12;1;2;8;1;0;1;0;0;0;0;0;434661,362999999900000;5290363,744000000900000;8,128071480000074;47,763327862000040;0
177836;08;2;22;000;2019;06;06;1;3;5;3;0;0;1;1;0;0;0;462665,337556475770000;5478900,682076571500000;8,484783692000065;49,461612476000028;1
177837;08;2;12;000;2019;06;06;1;3;0;1;0;1;0;0;0;0;0;457422,332719459200000;5428705,142681712300000;8,417765537000037;49,009769811000069;1
177838;08;2;11;000;2019;06;17;1;3;0;7;0;1;0;0;0;0;0;441074,842146121900000;5408353,244724743100000;8,197178505000068;48,825362894000079;0
177839;08;2;11;000;2019;06;20;1;3;0;7;0;1;0;0;0;0;0;440928,655018425550000;5404020,282659046400000;8,195810469000037;48,786373871000080;0
177840;08;1;36;002;2019;06;18;1;2;2;1;0;1;0;0;0;0;0;570612,777057685890000;5417618,476951841300000;9,963636002000044;48,907480737000071;0
177841;08;1;17;029;2019;06;19;1;2;0;3;0;1;1;0;0;0;0;542084,401529254390000;5390478,433347394700000;9,571563816000037;48,665938361000030;0
177849;08;1;18;011;2019;06;17;1;3;8;7;0;1;1;0;0;0;0;498547,520350578240000;5411401,969375841300000;8,980198974000075;48,855582547000040;0
177850;08;1;18;079;2019;06;19;1;3;5;2;0;1;1;0;0;0;0;507275,439179667270000;5421576,452013870700000;9,099364104000074;48,947068770000044;0
177852;08;1;15;045;2019;06;16;1;2;3;2;0;1;1;0;0;0;0;500500,900844981890000;5394894,435383683100000;9,006808449000062;48,707082940000078;0
177854;08;1;11;000;2019;06;01;1;3;6;4;2;0;1;1;0;0;0;512320,601934419010000;5401231,708708161500000;9,167655755000055;48,763971505000029;1
177855;08;1;11;000;2019;06;19;1;2;6;4;0;0;1;1;0;0;0;518305,495791762140000;5403852,616325324400000;9,249212739000029;48,787401636000027;0
177856;08;1;11;000;2019;06;10;1;3;0;7;0;1;0;0;0;0;0;512070,761025342160000;5402308,427522223400000;9,164287591000061;48,773662500000057;0
177859;08;4;16;036;2019;06;16;7;3;0;7;0;1;0;0;0;0;0;494521,632488721050000;5375115,193354595500000;8,925797065000040;48,529120903000035;0
177860;08;4;15;061;2019;06;01;7;3;0;1;2;1;0;0;0;0;0;515110,220000000670000;5371739,208000002400000;9,204540772000030;48,498591447000081;0
177861;08;3;36;091;2019;06;16;7;3;7;1;0;1;0;0;0;0;0;397262,569000001070000;5271543,667999999600000;7,633541694000030;47,589163165000059;0
177863;08;3;36;050;2019;06;07;7;3;1;5;0;1;1;0;0;0;0;399807,847222504210000;5275337,462479265400000;7,666518350000047;47,623687985000061;0
177864;08;3;35;043;2019;06;15;7;2;0;1;0;1;0;0;0;0;0;511034,674432240430000;5280153,368450967600000;9,147004985000024;47,674676541000053;0
177865;08;3;26;003;2019;06;16;7;3;6;4;0;0;1;1;0;0;0;464841,881312551910000;5319946,046382684300000;8,528392370000063;48,031834098000047;0
177866;08;3;17;065;2019;06;18;7;3;5;2;0;1;1;0;0;0;0;416587,355369168330000;5354357,550456263100000;7,874444742000037;48,336891670000057;0
177867;08;3;11;000;2019;06;17;7;3;0;1;0;1;0;0;0;0;0;411495,832999999630000;5315375,353000000100000;7,813867935000076;47,985554457000035;0
177868;08;3;11;000;2019;06;23;7;3;0;1;2;1;0;0;0;0;0;414491,315758051350000;5316257,152249487100000;7,853829259000065;47,993894088000047;1
177872;08;2;31;000;2019;06;19;7;3;6;6;0;1;0;1;0;0;0;477992,813749171790000;5415440,399189699400000;8,699770408000063;48,891522399000053;0
177878;08;2;21;000;2019;06;13;7;3;1;3;0;1;1;0;0;0;0;477375,395515856330000;5467502,607885502300000;8,688427045000026;49,359814715000027;0
177879;08;2;21;000;2019;06;20;7;2;0;7;0;1;0;0;0;0;0;477657,602744206790000;5473733,095916722000000;8,691963196000074;49,415867613000046;0
177883;08;2;12;000;2019;06;11;7;2;0;7;0;1;0;0;0;0;0;454626,542454008010000;5428653,259195819500000;8,379542173000061;49,009103876000040;0
177884;08;1;18;011;2019;06;10;7;2;6;4;0;0;1;1;0;0;0;498467,534034296870000;5410584,198594352200000;8,979111616000068;48,848225813000056;0
177885;08;1;28;131;2019;06;11;7;3;6;4;0;0;1;1;0;0;0;536171,578206636940000;5514521,562155956400000;9,502450277000037;49,782067722000079;0
177888;08;1;27;086;2019;06;09;7;3;6;4;0;0;1;1;0;0;0;554892,793130566370000;5445635,371916966500000;9,752924917000030;49,161079686000051;0
177889;08;1;19;067;2019;06;07;7;3;0;1;0;1;0;0;0;0;0;538185,989175613040000;5405722,996496360700000;9,520032907000029;48,803323831000057;0
177890;08;1;18;046;2019;06;18;7;3;0;6;0;1;1;0;0;0;0;513262,397334986370000;5412357,317407913500000;9,180831006000062;48,864036605000081;0
177893;08;4;25;071;2019;06;05;7;3;5;3;0;1;1;0;0;0;0;551290,672630718910000;5371073,268055621500000;9,694194503000063;48,490688763000037;0
177895;08;1;11;000;2019;06;15;7;3;6;7;0;1;0;1;0;0;0;518471,323872602540000;5401245,616819853000000;9,251353207000022;48,763944474000027;0
177897;08;1;11;000;2019;06;18;7;3;0;7;0;1;0;0;0;0;0;513093,209000000730000;5402100,898000000000000;9,178196817000071;48,771774903000050;0
177899;08;4;26;070;2019;06;20;6;2;5;3;0;1;1;0;0;0;0;565236,888312394730000;5341502,276986355000000;9,878344248000076;48,223388008000029;0
177901;08;4;21;000;2019;06;07;6;3;6;4;0;0;0;1;1;0;0;571017,343924032520000;5364112,463602151700000;9,959970464000037;48,426155224000070;0
177904;08;4;21;000;2019;06;14;6;3;8;1;0;1;0;0;0;0;0;572277,895073193130000;5360819,925861928600000;9,976440033000074;48,396394685000075;0
177905;08;4;17;079;2019;06;14;6;3;0;1;0;1;0;0;0;0;0;500441,271952687760000;5347115,661361388900000;9,005947466000066;48,277245383000036;0
177906;08;4;16;036;2019;06;11;6;3;2;3;0;1;1;0;0;0;0;495222,458999999800000;5369342,754000002500000;8,935355626000046;48,477195512000037;0
177909;08;3;37;096;2019;06;11;6;3;1;5;0;1;1;0;0;0;0;420245,133805640970000;5266823,043851371900000;7,940016662000062;47,549928893000072;0
177910;08;3;35;043;2019;06;13;6;3;5;3;0;1;1;0;0;0;0;511968,979669485240000;5280139,191718289600000;9,159451453000031;47,674532361000047;0
177911;08;3;35;079;2019;06;09;6;2;6;4;0;0;1;1;0;0;0;501012,060773436910000;5299981,851114202300000;9,013528974000053;47,853177856000059;0
177913;08;3;17;145;2019;06;09;6;3;8;1;0;1;0;0;0;0;0;442239,864288697020000;5349925,758302439000000;8,221161544000040;48,299890109000046;1
177915;08;3;17;057;2019;06;09;6;3;0;7;0;1;0;0;0;0;0;412193,501611010170000;5380787,282118683700000;7,809622670000067;48,574019487000044;0
177918;08;3;11;000;2019;06;08;6;3;1;5;0;1;1;0;0;0;0;412046,274943966420000;5314248,903613435100000;7,821474008000052;47,975497625000060;0
177920;08;2;31;000;2019;06;09;6;2;6;4;0;0;1;1;0;0;0;478851,787641913630000;5416090,866791399200000;8,711454993000075;48,897403702000076;0
177921;08;2;26;098;2019;06;11;6;3;5;3;0;1;1;0;0;0;0;476628,973000002090000;5459597,421000002000000;8,678611042000057;49,288679659000081;0
177922;08;2;26;084;2019;06;06;6;3;5;5;0;1;1;0;0;0;0;469786,641130741690000;5470025,089979110300000;8,583730107000065;49,382175023000059;0
177923;08;2;22;000;2019;06;13;6;3;6;4;0;0;1;1;0;0;0;463070,108945719900000;5477996,134428940700000;8,490453640000055;49,453501228000050;0
177925;08;2;22;000;2019;06;15;6;2;6;2;0;0;1;1;0;0;0;461905,160281790420000;5481075,336229823500000;8,474084377000054;49,481125199000076;0
177926;08;2;21;000;2019;06;11;6;3;2;6;0;1;1;0;0;0;0;477551,000047056940000;5473452,097132980800000;8,690509370000029;49,413336150000077;0
177929;08;2;12;000;2019;06;00;6;3;0;7;2;1;0;0;0;0;0;457739,504408859650000;5428593,674029799200000;8,422114119000071;49,008788937000077;0
177932;08;1;17;051;2019;06;20;6;3;5;3;1;1;1;0;0;0;0;543372,379301182930000;5395016,888251621300000;9,589531720000025;48,706676515000026;1
177933;08;1;17;051;2019;06;14;6;3;5;2;0;1;1;0;0;0;0;542866,355251721110000;5395067,721740433900000;9,582659327000044;48,707168780000075;0
177935;08;1;16;077;2019;06;18;6;3;4;6;0;1;1;0;0;0;0;515848,430742018860000;5388557,847031798200000;9,215174644000058;48,649877453000045;0
177937;08;1;16;056;2019;06;19;6;3;3;1;0;1;0;0;0;0;0;531140,580632382070000;5394725,803026724600000;9,423256775000027;48,704788685000040;0
177938;08;1;16;077;2019;06;16;6;3;4;7;0;1;0;0;0;0;0;516191,050726898010000;5391508,473690670000000;9,219941836000032;48,676412739000057;0
177939;08;1;15;003;2019;06;19;6;3;3;6;0;1;0;0;0;0;1;499780,758023474370000;5392216,067732404900000;8,997021395000047;48,682988254000065;0
177940;08;1;11;000;2019;06;09;6;3;5;3;0;1;1;0;0;0;0;512191,566520537250000;5402061,763028550900000;9,165924480000058;48,771441167000035;0
177943;08;4;37;078;2019;06;17;5;3;0;1;0;1;0;0;0;0;0;509523,275196097790000;5316543,461410731100000;9,127670775000070;48,002117504000068;0
177944;08;4;35;018;2019;06;17;5;3;0;7;0;1;0;0;0;0;0;524661,076989434660000;5279818,685932792700000;9,328516091000040;47,671289045000037;0
177945;08;4;35;016;2019;06;15;5;3;0;1;0;1;0;0;0;0;0;536637,464700867420000;5279273,431016217900000;9,488005680000072;47,665815491000046;0
177946;08;4;26;087;2019;06;10;5;3;5;3;0;1;1;0;0;0;0;570413,160528778100000;5325082,197392191700000;9,945310807000055;48,075124020000032;0
177953;08;4;35;034;2019;06;15;5;2;5;3;0;1;1;0;0;0;0;531815,016000001690000;5284385,835000002800000;9,424146100000030;47,712069208000059;0
177954;08;4;35;057;2019;06;10;5;2;0;1;0;1;0;0;0;0;0;544564,707555058410000;5279999,598882190900000;9,593664157000035;47,671851321000076;0
177956;08;3;17;146;2019;06;18;5;3;5;3;0;1;1;0;0;0;0;430703,784611660060000;5355114,606701869500000;8,064775667000049;48,345407817000080;0
177958;08;3;11;000;2019;06;13;5;3;5;3;0;1;0;0;0;0;0;411505,679122186270000;5318889,526663264300000;7,813274979000028;48,017166703000044;0
177959;08;3;11;000;2019;06;17;5;3;5;2;0;1;1;0;0;0;0;414769,527278547180000;5317611,991287170000000;7,857288535000066;48,006118547000028;0
177962;08;2;12;000;2019;06;16;5;2;6;1;0;1;1;1;0;0;0;456705,212203022090000;5427896,280433390300000;8,408045964000053;49,002444096000033;0
177963;08;2;12;000;2019;06;19;5;3;6;3;0;1;0;1;0;0;0;456358,354643128810000;5427960,709813376900000;8,403296850000061;49,002999219000060;0
177964;08;2;12;000;2019;06;16;5;3;6;4;0;0;1;1;0;0;0;456114,524094099180000;5428518,545834163200000;8,399902903000054;49,007999729000062;0
177967;08;2;22;000;2019;06;14;5;3;5;3;0;1;1;0;0;0;0;462069,742072533820000;5479289,635034039600000;8,476527596000040;49,465074017000063;0
177969;08;2;22;000;2019;06;19;5;2;0;7;0;1;0;0;0;0;0;462854,375172759410000;5484425,801723754000000;8,486873165000077;49,511319723000042;0
177970;08;2;21;000;2019;06;20;5;2;5;3;0;1;1;0;0;0;0;476925,208272023130000;5469786,428769748700000;8,682094988000074;49,380340577000027;0
177971;08;2;21;000;2019;06;15;5;3;5;2;0;1;0;0;1;0;0;477115,509000000540000;5468413,036000002200000;8,684795753000060;49,367994233000047;0
177972;08;2;16;043;2019;06;08;5;3;5;3;0;1;1;0;0;0;0;442974,480676868000000;5411886,384725429100000;8,222565719000045;48,857320942000058;0
177973;08;2;16;012;2019;06;11;5;3;0;7;0;1;0;0;0;0;0;441732,017865475270000;5420295,596797501700000;8,204429357000038;48,932845632000067;0
177975;08;2;15;046;2019;06;18;5;3;0;1;0;1;0;0;0;0;0;451391,610999999570000;5413124,061000000700000;8,337161516000037;48,869170730000064;0
177976;08;2;12;000;2019;06;03;5;3;0;7;2;1;0;0;0;0;0;457316,529211703690000;5428565,303934581600000;8,416333493000025;49,008504633000030;1
177978;08;1;36;019;2019;06;11;5;3;0;1;0;1;0;0;0;0;0;582722,520000000480000;5423990,299000000600000;10,130156770000042;48,963289621000058;0
177979;08;1;36;033;2019;06;11;5;3;0;7;0;0;0;1;0;1;0;580768,974313034680000;5416023,844236489400000;10,101894759000061;48,891897195000070;0
177980;08;1;28;014;2019;06;20;5;2;6;4;0;0;1;1;0;0;0;546067,078437975610000;5481187,798181766600000;9,635982383000055;49,481584003000080;0
177984;08;1;18;048;2019;06;06;5;3;5;3;0;1;1;0;0;0;0;513963,388896954250000;5415597,333819275700000;9,190499527000043;48,893167621000032;0
177986;08;4;25;071;2019;06;19;5;3;5;3;0;1;1;0;0;0;0;551068,867659892890000;5371849,169703763000000;9,691287591000048;48,497686649000059;0
177988;08;1;16;022;2019;06;12;5;2;0;7;0;1;1;0;0;0;0;521938,232942481530000;5381778,562761914000000;9,297496488000036;48,588706263000063;0
177989;08;1;16;078;2019;06;15;5;3;2;6;0;1;0;0;0;0;0;511107,923644313590000;5391910,428516151400000;9,150902928000051;48,680139895000082;0
177990;08;1;16;035;2019;06;15;5;3;5;3;0;1;1;0;0;0;0;526004,519199416970000;5392172,145335551400000;9,353289174000054;48,682051463000050;0
177991;08;1;16;041;2019;06;18;5;2;4;6;0;1;1;0;0;0;0;519932,112869836390000;5384783,800721792500000;9,270436838000023;48,615808871000070;0
177992;08;1;15;048;2019;06;16;5;3;5;3;0;1;1;0;0;0;0;510938,890000000600000;5386935,684000000400000;9,148475102000077;48,635389466000049;0
177993;08;1;15;003;2019;06;11;5;3;6;4;0;0;1;1;0;0;0;500899,381664501500000;5391120,045938691100000;9,012216547000037;48,673127699000077;0
177996;08;1;11;000;2019;06;18;5;3;5;3;0;1;1;0;0;0;0;511592,220448208040000;5404397,079498341300000;9,157833406000066;48,792460952000056;0
178002;08;3;16;017;2019;06;05;4;3;5;3;0;1;1;0;0;0;0;408672,054769106210000;5341788,482590688400000;7,770378176000065;48,222742492000066;1
178004;08;2;15;082;2019;06;16;4;2;6;1;0;0;1;1;0;0;0;489542,632000001150000;5438963,190999997800000;8,856730618000029;49,103426412000033;0
178006;08;2;26;003;2019;06;19;4;3;5;3;0;1;0;0;0;0;1;464041,668136669320000;5461028,256174093100000;8,505392317000030;49,300938714000040;0
178007;08;2;26;038;2019;06;10;4;3;5;3;0;1;1;0;0;0;0;472602,568351375870000;5479962,755209367700000;8,621839701000056;49,471695038000064;1
178009;08;2;21;000;2019;06;19;4;3;0;7;0;1;0;0;0;0;0;478280,860107524320000;5468704,371556958200000;8,700830819000032;49,370657422000079;0
178010;08;2;16;033;2019;06;20;4;3;0;7;0;1;0;0;0;0;0;447418,332081420350000;5413258,168488076000000;8,282967731000042;48,870052871000041;0
178011;08;2;16;008;2019;06;23;4;3;0;1;2;1;0;0;0;0;0;440397,084463113920000;5392824,682701291500000;8,190193701000055;48,685617287000071;0