OBJECTID;ULAND;UREGBEZ;UKREIS;UGEMEINDE;UJAHR;UMONAT;USTUNDE;UWOCHENTAG;UKATEGORIE;UART;UTYP1;ULICHTVERH;IstRad;IstPKW;IstFuss;IstKrad;IstGkfz;IstSonstige;LINREFX;LINREFY;XGCSWGS84;YGCSWGS84;STRZUSTAND
178012;08;2;16;043;2019;06;20;4;3;1;5;0;1;1;0;0;0;0;442453,879539522340000;5411952,749547461000000;8,215459678000059;48,857869821000065;0
178013;08;2;16;043;2019;06;12;4;3;0;7;0;1;0;0;0;0;0;441891,581245318060000;5411191,344488181200000;8,207902552000064;48,850968581000075;0
178015;08;2;15;017;2019;06;16;4;3;3;6;0;1;1;0;0;0;0;455497,988072528500000;5422083,600325992300000;8,392177042000071;48,950072328000033;0
178018;08;1;25;086;2019;06;18;4;3;6;4;0;0;1;1;0;0;0;505372,887503191830000;5442697,667957825600000;9,073660148000045;49,137085036000030;0
178019;08;1;21;000;2019;06;08;4;3;1;2;0;1;1;0;0;0;0;516030,209997116590000;5442759,895803967500000;9,219769518000021;49,137459146000026;1
178024;08;1;27;076;2019;06;07;2;2;5;2;0;1;1;0;0;0;0;557879,710134550000000;5440041,726892538400000;9,793087162000063;49,110493041000041;0
178025;08;1;21;000;2019;06;07;2;2;5;3;0;1;1;0;0;0;0;517163,435743385930000;5443302,030482692600000;9,235328668000022;49,142305205000071;0
178026;08;1;25;108;2019;06;12;2;2;5;3;0;1;0;0;0;1;0;494444,803648246450000;5433817,917538680100000;8,923962582000058;49,057206007000048;0
178027;08;1;25;046;2019;06;05;2;3;5;3;0;1;1;0;0;0;0;517875,724603145380000;5433701,299125302600000;9,244669925000039;49,055922671000076;0
178028;08;1;21;000;2019;06;09;2;3;6;4;0;0;1;1;0;0;0;516500,981999999840000;5443065,821000000500000;9,226236138000047;49,140198579000071;0
178029;08;1;19;079;2019;06;18;2;3;2;7;0;1;1;0;0;0;0;522611,660753347910000;5408136,426524898000000;9,308072437000021;48,825796232000073;0
178032;08;1;18;048;2019;06;12;2;3;5;3;0;1;1;0;0;0;0;511899,568252671510000;5417092,389792656500000;9,162386954000056;48,906659825000077;0
178033;08;1;18;048;2019;06;11;2;3;5;3;0;1;1;0;0;0;0;512792,543285848570000;5415424,421644311400000;9,174520598000072;48,891637427000035;0
178034;08;1;18;048;2019;06;08;2;3;6;7;0;0;1;1;0;0;0;514412,414298300630000;5414481,140839520800000;9,196586082000067;48,883116358000052;0
178035;08;1;18;079;2019;06;15;2;3;3;6;0;1;1;0;0;0;0;509636,875424482860000;5421573,078269626900000;9,131615195000052;48,947006131000080;0
178036;08;1;17;049;2019;06;09;2;3;3;6;0;1;1;0;0;0;0;556047,417305500250000;5392586,767535466700000;9,761471177000033;48,683806584000081;0
178038;08;1;16;019;2019;06;11;2;3;6;4;0;0;1;1;0;0;0;523846,500275336210000;5397783,554275795800000;9,324295721000055;48,732617488000074;0
178039;08;1;16;033;2019;06;12;2;3;5;2;0;1;0;0;1;0;0;533430,751032858160000;5388144,872947607200000;9,453851264000036;48,645469119000040;0
178040;08;2;16;043;2019;06;08;2;3;5;2;0;1;1;0;0;0;0;441217,967869473620000;5412486,037244984900000;8,198535309000022;48,862550846000033;0
178042;08;1;16;033;2019;06;18;2;3;3;2;0;1;1;0;0;0;0;533130,107125876470000;5388217,338715000100000;9,449775693000049;48,646137022000062;0
178044;08;2;15;017;2019;06;06;2;3;5;3;0;1;1;0;0;0;0;455120,460000000890000;5420259,703999999900000;8,387221842000031;48,933638745000053;0
178045;08;1;11;000;2019;06;16;2;2;0;7;0;1;1;0;0;0;0;512538,534636945460000;5401648,999997848600000;9,170634034000045;48,767721081000047;0
178048;08;1;11;000;2019;06;07;2;3;6;4;0;0;1;1;0;0;0;508259,651210519490000;5398251,508008098200000;9,112335684000072;48,737228788000039;0
178049;08;4;36;009;2019;06;17;1;3;0;7;0;1;0;0;0;0;0;556175,540844818580000;5306626,378613898500000;9,751771542000029;47,910501184000054;0
178050;08;4;36;014;2019;06;15;1;3;8;1;0;1;0;0;0;0;0;557331,506327644920000;5301512,824189482300000;9,766560716000072;47,864394488000073;0
178051;08;4;35;059;2019;06;02;1;3;6;7;2;0;1;1;0;0;0;514081,293551782150000;5289129,058871315800000;9,187882218000027;47,755376925000064;0
178054;08;4;21;000;2019;06;12;1;3;5;1;0;0;1;1;0;0;0;573770,040531422010000;5361185,764989385400000;9,996659353000041;48,399512655000080;0
178055;08;4;16;041;2019;06;10;1;3;0;7;0;1;0;0;0;0;0;504413,530987466690000;5372067,624722886800000;9,059747789000028;48,501712234000081;0
178056;08;3;35;021;2019;06;15;1;3;0;6;0;1;0;0;0;0;1;492126,409090736880000;5301035,892708836100000;8,894728714000053;47,862614039000050;0
178057;08;3;35;075;2019;06;17;1;3;0;7;0;1;0;0;0;0;0;487964,109230255710000;5290906,738971816400000;8,839359585000068;47,771413076000044;0
178058;08;3;35;066;2019;06;17;1;3;0;7;0;1;0;0;0;0;0;505945,448670224290000;5281659,472836947100000;9,079226444000028;47,688294818000031;0
178059;08;3;26;074;2019;06;15;1;3;2;6;0;1;0;0;0;0;0;467793,265000000600000;5323290,026000000500000;8,567729051000072;48,062075092000043;0
178062;08;3;17;153;2019;06;00;1;3;0;1;2;1;0;0;0;0;0;421466,132000001150000;5391786,475999999800000;7,933222886000067;48,674184194000077;0
178063;08;3;17;089;2019;06;20;1;3;0;7;0;1;0;0;0;0;0;431864,395317844120000;5375641,391565972900000;8,077098486000068;48,530179382000028;0
178064;08;3;16;011;2019;06;14;1;2;9;1;0;1;0;0;0;0;0;415368,460548192260000;5327078,688622366600000;7,863444648000041;48,091354307000074;0
178066;08;3;11;000;2019;06;00;1;3;1;5;2;1;1;0;0;0;0;411044,889521854000000;5315573,995360659400000;7,807784591000029;47,987278737000054;0
178068;08;3;11;000;2019;06;16;1;3;1;5;0;1;1;0;0;0;0;414093,363445317370000;5316107,285061568000000;7,848526159000073;47,992492633000040;0
178069;08;2;12;000;2019;06;10;1;3;5;3;0;1;1;0;0;0;0;454181,751297426410000;5432758,518728263700000;8,372996451000063;49,045997963000048;0
178070;08;2;35;085;2019;06;11;1;2;5;3;0;1;0;0;0;0;0;480798,018855621110000;5395881,855614896900000;8,738954275000026;48,715670336000073;0
178072;08;2;26;010;2019;06;16;1;3;4;6;0;1;0;0;0;0;0;483925,285681281240000;5458832,352211451200000;8,778976797000041;49,282033284000079;0
178074;08;2;16;041;2019;06;18;1;2;0;1;0;1;0;0;0;0;0;434818,491000001320000;5392345,392000000900000;8,114483715000063;48,680748378000033;0
178076;08;2;15;017;2019;06;07;1;3;5;3;0;1;1;0;0;0;0;455113,586671289060000;5420272,146304540300000;8,387126630000068;48,933750167000028;0
178077;08;2;12;000;2019;06;17;1;3;0;6;0;1;1;0;0;0;0;461394,787672256120000;5428253,218928987200000;8,472127882000052;49,005965967000066;0
178078;08;1;36;042;2019;06;16;1;3;0;1;0;1;0;0;0;0;0;552832,767806598920000;5406462,673055833200000;9,719579952000061;48,808904980000079;0
178080;08;1;21;000;2019;06;23;1;3;0;1;2;1;0;0;0;0;0;516190,652879235330000;5443219,854599120100000;9,221987603000059;49,141592419000062;0
178081;08;1;19;091;2019;06;16;1;2;0;7;0;1;0;0;0;0;0;525804,259000000540000;5406855,918000001500000;9,351488618000076;48,814152681000053;0
178083;08;1;19;067;2019;06;13;1;3;5;3;0;1;1;0;0;0;0;537792,527365552260000;5404989,590370280700000;9,514607310000031;48,796750476000057;0
178084;08;1;18;067;2019;06;17;1;3;0;3;0;1;1;0;0;0;0;505750,971815673630000;5413212,966543277700000;9,078425922000065;48,871849001000044;0
178086;08;1;18;051;2019;06;18;1;3;5;3;0;1;0;0;0;0;0;508887,452948492020000;5415197,555244868600000;9,121241131000033;48,889664907000054;0
178087;08;1;17;012;2019;06;16;1;3;0;1;0;1;0;0;0;0;0;543312,470909284430000;5386535,277878779900000;9,587829343000067;48,630382981000025;0
178089;08;1;16;047;2019;06;21;1;3;0;7;0;1;0;0;0;0;1;520157,599128778090000;5392193,687136845700000;9,273856901000045;48,682461460000070;0
178090;08;1;15;021;2019;06;09;1;2;4;6;0;1;0;0;0;0;0;489757,170825512150000;5382534,498892614600000;8,861081272000035;48,595807347000061;0
178092;08;1;11;000;2019;06;19;1;3;2;6;0;1;1;0;0;0;0;511982,366940516980000;5405081,285122407600000;9,163165367000033;48,798608601000069;0
178093;08;4;35;052;2019;06;11;7;3;1;1;0;1;0;0;0;0;1;525255,825771049600000;5288813,871498746800000;9,336960062000060;47,752200142000049;0
178094;08;4;35;052;2019;06;18;7;3;9;1;0;1;0;0;0;0;0;521980,049951568250000;5289910,617448970700000;9,293311161000077;47,762188051000066;0
178096;08;4;15;061;2019;06;02;7;3;1;5;2;1;0;0;0;1;0;511865,035521292130000;5371827,337163565700000;9,160614766000037;48,499453964000054;1
178097;08;3;35;043;2019;06;09;7;3;0;1;0;1;0;0;0;0;0;512954,905208914540000;5279138,717134952500000;9,172556276000023;47,665511421000076;0
178100;08;3;17;114;2019;06;10;7;2;0;7;0;1;0;0;0;0;0;405545,642382892780000;5346978,639084730300000;7,727137355000025;48,268967938000060;0
178104;08;2;12;000;2019;06;08;7;3;1;7;0;1;1;0;0;0;0;454985,321755217390000;5429021,811241963900000;8,384407120000049;49,012445307000064;0
178109;08;2;21;000;2019;06;13;7;3;0;7;0;1;0;0;0;0;0;476347,697549725880000;5472205,703388078100000;8,673994692000065;49,402079458000060;0
178110;08;2;12;000;2019;06;15;7;3;0;7;0;1;0;0;0;0;0;452968,388298161330000;5427411,263138808300000;8,357013117000065;48,997807919000081;0
178111;08;2;12;000;2019;06;04;7;3;1;5;1;1;1;0;0;0;0;455971,971780935300000;5428017,610593656100000;8,398008052000023;49,003483607000078;0
178112;08;2;12;000;2019;06;14;7;3;0;1;0;1;0;0;0;0;0;455523,853386064060000;5430924,481739848900000;8,391562712000052;49,029599026000028;1
178113;08;1;36;065;2019;06;13;7;3;3;6;0;1;0;0;0;0;1;559380,529259516860000;5404794,209508018600000;9,808510133000027;48,793305938000060;0
178114;08;1;36;071;2019;06;04;7;3;0;1;1;1;0;0;0;0;0;600083,592070214450000;5425918,019377008100000;10,367753724000067;48,978058671000042;0
178115;08;1;35;019;2019;06;20;7;3;0;1;0;1;0;0;0;0;0;584908,325436168350000;5392373,133433753600000;10,153468408000037;48,678626482000027;0
178116;08;1;35;019;2019;06;11;7;3;5;3;0;1;1;0;0;0;0;584036,218099853960000;5390364,960394585500000;10,141215410000029;48,660682280000060;0
178117;08;4;25;072;2019;06;17;7;3;0;1;0;1;0;0;0;0;0;584144,055703638120000;5372753,767681200100000;10,139114182000071;48,502264113000081;1
178118;08;1;27;014;2019;06;10;7;2;5;3;0;1;1;0;0;0;0;579033,149539790120000;5442672,026688890500000;10,083406870000033;49,131794652000053;0
178122;08;1;36;042;2019;06;11;7;2;9;1;0;0;0;1;1;0;0;550510,119108780290000;5405132,336089026200000;9,687784361000070;48,797131357000069;0
178123;08;1;18;048;2019;06;15;7;3;6;4;0;0;1;1;0;0;0;514509,073074215090000;5415802,702616507200000;9,197951427000021;48,895002525000052;1
178124;08;1;16;033;2019;06;13;7;3;2;7;0;1;1;0;0;0;0;532548,864299564620000;5388754,571191959100000;9,441927192000037;48,651000453000051;0
178126;08;1;15;003;2019;06;19;7;3;0;7;0;0;1;1;0;0;0;500994,656048868780000;5391146,889034569300000;9,013510750000023;48,673369039000079;0
178127;08;1;11;000;2019;06;10;7;3;5;2;0;1;0;0;1;0;0;520119,628410867420000;5400567,240782417400000;9,273749506000058;48,757790779000061;0
178129;08;4;35;016;2019;06;22;6;3;0;7;2;1;0;0;0;0;0;536825,148170380850000;5278968,073441805300000;9,490479764000043;47,663057412000057;0
178130;08;4;37;086;2019;06;12;6;3;4;6;0;1;0;0;0;0;1;529333,042529695670000;5308136,388470839700000;9,392666183000074;47,925876676000030;0
178131;08;4;26;097;2019;06;21;6;2;0;1;2;1;0;0;0;0;0;535405,501713644710000;5333448,831444248600000;9,476045846000034;48,153301359000068;0
178132;08;4;16;041;2019;06;21;6;3;0;1;1;1;0;0;0;0;0;503738,614329553210000;5374542,429967057000000;9,050633347000030;48,523980896000069;0
178134;08;3;37;097;2019;06;09;6;3;6;1;0;0;1;1;0;0;0;434683,504324690440000;5290028,497451655600000;8,128417298000045;47,760314054000048;0
178136;08;3;35;075;2019;06;16;6;2;5;2;0;1;1;0;0;0;0;487593,228318484500000;5290402,997751537700000;8,834423925000067;47,766873623000038;0
178138;08;3;17;057;2019;06;12;6;3;5;3;0;1;1;0;0;0;0;412279,204327059910000;5380843,121295787400000;7,810772486000076;48,574533728000063;0
178139;08;3;15;074;2019;06;16;6;3;5;2;0;1;1;0;0;0;0;397929,559448429380000;5295890,443594818900000;7,636712230000057;47,808270706000030;0
178142;08;2;12;000;2019;06;09;6;3;5;3;0;1;1;0;0;0;0;451672,747670544310000;5430917,471044451000000;8,338883637000038;49,029246179000040;0
178143;08;2;31;000;2019;06;15;6;3;1;7;0;1;1;0;0;0;0;478452,927000002000000;5415295,198000000800000;8,706055001000038;48,890232388000072;0
178148;08;2;15;066;2019;06;15;6;3;0;1;0;1;0;0;0;0;0;461646,563247885560000;5449811,713752595700000;8,473522983000066;49,199901976000035;0
178149;08;2;15;017;2019;06;13;6;3;3;6;0;1;0;0;0;0;0;456763,672313340940000;5421318,101329553900000;8,409544445000051;48,943276287000060;0
178150;08;2;12;000;2019;06;16;6;3;0;1;0;1;0;0;0;0;0;461210,116081031040000;5427724,799867343200000;8,469653347000076;49,001201139000045;0
178151;08;2;11;000;2019;06;05;6;3;0;7;1;1;0;0;0;0;0;442617,283630987630000;5406664,846196817200000;8,218427471000041;48,810320066000031;0
178152;08;1;36;021;2019;06;18;6;3;4;7;0;1;0;0;0;0;1;575613,396472434510000;5407024,114009531200000;10,029910046000055;48,811600671000065;0
178155;08;1;21;000;2019;06;18;6;3;0;7;0;1;0;0;0;0;0;516248,935411155220000;5441459,535762269000000;9,222715752000056;49,125756216000070;0
178156;08;1;18;046;2019;06;15;6;2;4;3;0;1;1;0;0;0;0;513243,115526045670000;5414278,712224660400000;9,180630314000041;48,881321446000072;0
178161;08;4;37;076;2019;06;18;5;2;7;1;0;1;0;0;0;0;0;523453,019000979140000;5322517,864192267900000;9,314740539000070;48,055509918000041;0
178162;08;4;25;081;2019;06;17;5;3;0;1;0;1;0;0;0;0;0;548428,309105889870000;5343219,707060938700000;9,652249074000054;48,240344529000026;0
178163;08;4;16;041;2019;06;12;5;3;1;6;0;1;1;0;0;0;1;503446,189123595130000;5374170,924831686500000;9,046669862000044;48,520640375000028;0
178164;08;3;36;008;2019;06;00;5;2;0;1;2;1;0;0;0;0;0;396703,687247852790000;5276736,324097951900000;7,624886331000027;47,635783392000064;0
178165;08;3;36;069;2019;06;18;5;3;1;5;0;1;1;0;0;0;0;407618,307165929120000;5269499,439623437800000;7,771673903000021;47,572331711000061;1
178166;08;3;35;043;2019;06;11;5;2;0;1;0;1;0;0;0;0;0;514827,251003555020000;5281718,799825038800000;9,197582959000044;47,688685866000071;0
178167;08;3;17;113;2019;06;16;5;3;0;1;0;1;0;0;0;0;0;409202,954949393870000;5344739,827900113500000;7,776891757000044;48,249365363000038;0
178168;08;3;15;108;2019;06;11;5;3;0;1;0;1;0;0;0;0;0;404300,106000001540000;5304532,714000001500000;7,719864983000036;47,886988360000032;0
178170;08;3;11;000;2019;06;02;5;3;1;6;2;1;1;0;0;0;0;414378,150440844710000;5317286,271498544100000;7,852107330000024;48,003136265000080;0
178174;08;2;31;000;2019;06;19;5;3;6;4;0;0;1;1;0;0;0;478651,210478762160000;5415873,236428836400000;8,708729741000070;48,895439093000050;0
178177;08;2;26;009;2019;06;19;5;3;0;7;0;1;0;0;0;0;0;466198,131824005400000;5471218,390093673000000;8,534188945000039;49,392719834000047;0
178178;08;2;12;000;2019;06;01;5;3;0;3;2;1;1;0;0;0;0;456371,510284484360000;5427543,189725056300000;8,403521566000052;48,999244503000057;1
178179;08;2;12;000;2019;06;03;5;2;0;7;2;1;0;0;0;0;0;457288,024216952730000;5428240,901524979600000;8,415977857000030;49,005584617000068;0
178182;08;1;19;087;2019;06;12;5;2;8;6;0;1;1;0;0;0;0;526595,131988838320000;5428796,045282360200000;9,363690928000040;49,011483337000072;1
178183;08;1;18;007;2019;06;10;5;2;1;5;0;1;1;0;0;0;0;510062,796356584880000;5427059,207417985400000;9,137567887000046;48,996350563000078;0
178184;08;1;16;019;2019;06;18;5;2;6;3;0;0;1;1;0;0;0;524064,833145785150000;5398125,093474110600000;9,327284788000043;48,735681542000066;0
178185;08;1;15;004;2019;06;09;5;3;0;1;0;1;0;0;0;0;0;487692,938242591920000;5374354,265274554500000;8,833327095000072;48,522178579000069;0
178191;08;4;16;036;2019;06;08;4;3;0;7;0;1;0;0;0;0;0;495843,793472188520000;5369835,778817145200000;8,943757926000046;48,481635389000076;0
178192;08;4;15;061;2019;06;17;4;3;0;7;0;1;0;0;0;0;0;515325,264999999660000;5371148,280000004900000;9,207430039000030;48,493270043000052;1
178193;08;4;15;059;2019;06;16;4;3;5;3;0;1;1;0;0;0;0;516782,332997004500000;5368085,422565087700000;9,227028556000050;48,465678238000066;0
178194;08;3;35;063;2019;06;12;4;3;3;6;0;1;0;0;0;0;0;498220,967583691700000;5288870,997651504400000;8,976263928000037;47,753206325000065;0
178196;08;3;17;096;2019;06;17;4;3;0;7;0;1;0;0;0;0;0;421538,078297287230000;5368825,914266981200000;7,938531985000054;48,467669012000044;0
178197;08;3;17;057;2019;06;16;4;3;0;7;0;1;0;0;0;0;0;412579,762577230110000;5379633,838070605000000;7,815100408000035;48,563698998000064;0
178202;08;3;11;000;2019;06;07;4;2;0;1;0;1;0;0;0;0;0;413303,767326652070000;5318020,909926049400000;7,837558124000054;48,009599756000057;0
178203;08;3;11;000;2019;06;10;4;3;5;3;0;1;0;0;0;0;1;412033,067950416360000;5317257,399785744000000;7,820680617000051;48,002558126000054;0
178204;08;3;36;069;2019;06;12;4;2;6;4;0;0;0;1;0;1;0;410178,270055070520000;5270731,158545225900000;7,805451932000040;47,583771548000072;0
178205;08;3;11;000;2019;06;11;4;3;6;5;0;1;1;1;0;0;0;412120,962324882860000;5317133,814697654900000;7,821884022000063;48,001458534000051;0
178206;08;3;11;000;2019;06;11;4;2;6;3;0;0;1;1;0;0;0;409689,221320456830000;5317128,428607367000000;7,789292407000062;48,001071157000069;0
178207;08;3;15;084;2019;06;07;4;3;5;3;0;1;1;0;0;0;0;421903,613800641150000;5310548,238537017300000;7,954204216000051;47,943486542000073;0
178208;08;2;12;000;2019;06;22;4;2;0;1;2;1;0;0;0;0;0;454305,296459189620000;5429332,176865339300000;8,375073145000044;49,015187079000043;0
178210;08;2;31;000;2019;06;16;4;3;0;7;0;1;1;0;0;0;0;477874,683475088330000;5415202,864692373200000;8,698171720000062;48,889381412000034;0
178211;08;2;25;033;2019;06;17;4;3;5;1;0;1;1;0;0;0;0;510921,636050831530000;5461153,339567737700000;9,150233445000026;49,303024663000031;0
178212;08;2;25;058;2019;06;16;4;2;0;1;0;1;0;0;0;0;0;511329,713999998760000;5468908,368000000700000;9,156067189000055;49,372774130000039;0
178213;08;2;22;000;2019;06;15;4;3;1;5;0;1;1;0;0;0;0;461287,964220488440000;5482139,020306265000000;8,465459956000075;49,490653416000043;0
178214;08;2;21;000;2019;06;16;4;3;1;5;0;1;1;0;0;0;0;476782,945157206620000;5475328,412541579500000;8,679811044000076;49,430184437000037;0
178215;08;2;21;000;2019;06;07;4;3;5;3;0;1;1;0;0;0;0;476161,222495470200000;5471921,808753693500000;8,671441543000071;49,399518595000075;0
178216;08;2;15;106;2019;06;16;4;3;3;2;0;1;1;0;0;0;0;466863,156000001360000;5454428,737999999900000;8,544747190000066;49,241736248000052;0
178217;08;2;15;009;2019;06;20;4;3;5;7;0;1;1;0;0;0;0;473812,028166536240000;5438884,982966894300000;8,641224340000065;49,102254289000030;0
178221;08;4;21;000;2019;06;12;4;2;3;2;0;1;0;0;0;0;1;570744,098555817270000;5361230,250534761700000;9,955791347000059;48,400259652000045;0
178223;08;1;19;067;2019;06;11;4;2;0;1;0;1;0;0;0;0;0;538823,082339912650000;5406029,201066117700000;9,528737684000021;48,806038839000053;0
178224;08;1;19;075;2019;06;11;4;2;1;1;0;1;0;0;0;0;1;536104,487173023630000;5427622,800850596300000;9,493623535000040;49,000446544000056;0
178225;08;1;18;048;2019;06;09;4;3;6;4;0;0;1;1;0;0;0;515725,984000002030000;5417491,207000002300000;9,214619002000063;48,910162120000052;0
178226;08;1;18;048;2019;06;09;4;3;0;7;0;1;0;0;0;0;0;512337,985653702170000;5417176,566229555800000;9,168372316000045;48,907408474000079;0
178227;08;1;18;071;2019;06;17;4;2;0;1;0;1;0;0;0;0;0;510673,251399355010000;5419940,841581063300000;9,145726656000022;48,932306031000053;1
178228;08;1;18;003;2019;06;19;4;3;0;7;0;1;0;0;0;0;0;511241,776579442430000;5417668,109806554400000;9,153426318000072;48,911851135000063;0
178230;08;1;17;026;2019;06;10;4;3;0;3;0;1;0;0;0;1;0;548341,491567511110000;5394601,090394688800000;9,657020449000072;48,702570839000032;0
178231;08;1;16;020;2019;06;11;4;3;0;1;0;1;0;0;0;0;0;525839,087437095120000;5382149,582573728600000;9,350416697000071;48,591895186000045;0
178233;08;1;16;077;2019;06;16;4;3;2;6;0;1;0;0;0;0;0;515745,952999999750000;5390625,331000004000000;9,213861975000043;48,668479312000045;0
178235;08;1;15;041;2019;06;11;4;3;5;3;0;1;1;0;0;0;0;495293,161910470580000;5401543,075116546800000;8,935946807000050;48,766876698000033;0
178240;08;1;11;000;2019;06;15;4;3;3;7;0;1;1;0;0;0;0;516163,334562201980000;5400378,140689775300000;9,219912849000025;48,756204939000042;0
178241;08;4;36;008;2019;06;17;3;3;5;3;0;1;1;0;0;0;0;547550,457869680600000;5311478,034038391000000;9,636889814000028;47,954847850000078;0
178245;08;4;16;041;2019;06;10;3;3;0;1;0;1;0;0;0;0;0;502651,082477712070000;5376388,598119745000000;9,035916275000034;48,540595204000056;0
178246;08;4;15;014;2019;06;10;3;3;0;7;0;1;0;0;0;0;0;525992,229850810950000;5374738,202516924600000;9,352030572000047;48,525215044000049;0
178247;08;4;16;041;2019;06;17;3;3;5;3;0;1;0;0;0;0;0;501683,260337086390000;5376736,843550240600000;9,022805845000050;48,543731480000076;0
178248;08;4;15;061;2019;06;16;3;3;5;3;0;1;1;0;0;0;0;515183,462533275600000;5371213,289601212400000;9,205513095000072;48,493858335000027;0
178249;08;4;15;061;2019;06;17;3;3;5;3;0;1;1;0;0;0;0;516001,906000001360000;5374145,209000002600000;9,216703338000059;48,520214525000029;0
178250;08;4;15;061;2019;06;17;3;3;0;6;0;1;1;0;0;0;0;515899,291038992810000;5370550,144431227800000;9,215176753000037;48,487874742000031;0
178251;08;3;36;091;2019;06;19;3;3;5;3;0;1;1;0;0;0;0;396274,689294494690000;5274331,717083076000000;7,619746699000075;47,614084974000036;0
178252;08;3;35;043;2019;06;11;3;3;5;3;0;1;1;0;0;0;0;511368,600036452520000;5280116,823512842900000;9,151452607000067;47,674341936000076;0
178253;08;3;35;043;2019;06;19;3;3;0;1;0;1;0;0;0;0;0;513913,926588295960000;5280041,884761290600000;9,185358919000066;47,673617895000064;0
178254;08;4;36;049;2019;06;10;3;2;6;6;0;1;0;1;0;0;0;578327,261688364670000;5283264,335421428100000;10,043954044000031;47,698013258000060;0
178255;08;3;27;050;2019;06;09;3;2;6;4;0;0;1;1;0;0;0;487447,605961895550000;5314284,183488482600000;8,831786535000049;47,981738107000069;0
178256;08;3;17;100;2019;06;09;3;2;5;3;0;1;1;0;0;0;0;423942,283999999990000;5367001,555000003400000;7,971383238000044;48,451554229000067;0
178257;08;3;17;065;2019;06;08;3;2;6;4;0;0;1;1;0;0;0;414518,151195633230000;5354625,477398190600000;7,846474710000052;48,339025054000047;0
178258;08;3;16;011;2019;06;16;3;3;0;1;0;1;0;0;0;0;0;413568,948637888770000;5330752,451650844900000;7,838538844000027;48,124158888000068;0
178262;08;3;11;000;2019;06;13;3;3;0;1;0;1;0;0;0;0;0;411622,254000000660000;5316040,883000003200000;7,815424847000031;47,991558567000027;0
178263;08;3;11;000;2019;06;10;3;3;0;1;0;1;0;0;0;0;0;410458,374437117950000;5315030,826688371600000;7,800038903000029;47,982310960000063;0
178264;08;3;36;057;2019;06;17;3;3;1;7;0;1;1;0;0;0;0;408547,879955704320000;5277522,145994637200000;7,782356658000026;47,644633830000032;0
178265;08;2;12;000;2019;06;08;3;2;5;2;0;1;0;0;0;0;1;457220,409315246160000;5428635,873782046100000;8,415011756000070;49,009132763000082;0
178267;08;2;31;000;2019;06;20;3;3;6;4;1;0;1;1;0;0;0;477042,960584834220000;5415507,858739791400000;8,686808593000023;48,892094778000057;0
178270;08;2;25;109;2019;06;11;3;2;0;1;0;1;0;0;0;0;0;526436,871428018440000;5491659,299661899000000;9,365686008000068;49,576943512000071;0
178272;08;2;22;000;2019;06;20;3;3;5;5;0;1;1;0;0;0;0;461938,717554121280000;5484090,772286316400000;8,474257190000060;49,508249533000026;0
178274;08;2;22;000;2019;06;07;3;1;3;2;0;1;0;0;0;1;0;468284,442868934010000;5477721,473372938100000;8,562418889000071;49,451325328000053;0
178275;08;2;26;012;2019;06;01;3;3;5;3;2;1;1;0;0;0;0;476666,832611274910000;5477689,321139346800000;8,678070763000051;49,451415856000040;0
178276;08;2;21;000;2019;06;10;3;3;8;2;0;1;0;0;0;0;0;478579,713594202880000;5472957,431520752600000;8,704718101000026;49,408923794000032;0
178279;08;2;21;000;2019;06;20;6;2;0;7;0;1;0;0;0;0;0;474602,684381691740000;5475256,620393570500000;8,649747992000073;49,429451525000047;0
178280;08;2;12;000;2019;06;14;6;3;7;1;0;1;0;0;0;0;0;454339,268495926630000;5428557,655933367100000;8,375624852000044;49,008222729000067;0
178281;08;2;12;000;2019;06;12;6;3;1;5;0;1;1;0;0;0;0;456352,502889398490000;5427216,547459095700000;8,403296815000033;48,996304969000050;0
178282;08;2;12;000;2019;06;09;6;3;1;5;0;1;1;0;0;0;0;455966,662791902200000;5427927,718187049000000;8,397945214000060;49,002674636000052;0
178283;08;2;12;000;2019;06;07;6;3;5;3;0;1;0;0;0;0;0;455028,771650389770000;5428501,854831982400000;8,385058882000067;49,007771425000044;0
178284;08;2;11;000;2019;06;17;6;3;0;7;0;1;0;0;0;0;0;440505,362303185280000;5404784,173410691300000;8,189937811000050;48,793204754000044;0
178285;08;2;16;049;2019;06;07;6;2;5;3;0;1;0;0;1;0;0;439048,793486800980000;5401973,464362898800000;8,170524451000063;48,767781304000039;0
178286;08;1;36;088;2019;06;06;6;3;5;3;0;1;1;0;0;0;0;578240,340000000780000;5409281,459000000700000;10,066115163000063;48,831578788000058;0
178290;08;1;28;115;2019;06;08;6;3;5;2;0;1;1;0;0;0;0;548448,911223086530000;5497315,061988500900000;9,670846442000027;49,626449329000081;0
178292;08;1;27;025;2019;06;23;6;3;0;1;2;0;1;1;0;0;0;556330,919435394930000;5427969,871050959500000;9,770187662000069;49,002053997000075;0
178300;08;2;22;000;2019;06;08;6;3;5;2;0;1;1;0;0;0;0;461930,626999999400000;5481456,615999998500000;8,474399233000042;49,484556210000051;0