OBJECTID;ULAND;UREGBEZ;UKREIS;UGEMEINDE;UJAHR;UMONAT;USTUNDE;UWOCHENTAG;UKATEGORIE;UART;UTYP1;ULICHTVERH;IstRad;IstPKW;IstFuss;IstKrad;IstGkfz;IstSonstige;LINREFX;LINREFY;XGCSWGS84;YGCSWGS84;STRZUSTAND
178302;08;2;26;102;2019;06;17;6;2;5;3;0;1;1;0;0;0;0;483270,857382363640000;5453819,297148719400000;8,770188123000025;49,236922601000060;0
178304;08;1;19;020;2019;06;17;6;3;1;5;0;1;1;0;0;0;0;519874,336275409910000;5407305,901516085500000;9,270737997000026;48,818418628000074;0
178307;08;1;18;079;2019;06;18;6;3;5;3;0;1;0;0;0;0;1;509026,409013940020000;5422420,421743840000000;9,123296579000055;48,954637767000065;0
178311;08;1;17;049;2019;06;20;6;2;3;6;0;1;1;0;0;0;0;555312,388367133220000;5392788,548933006800000;9,751512839000043;48,685687246000043;0
178312;08;4;21;000;2019;06;17;6;3;1;6;0;1;1;0;0;0;0;573621,372907120730000;5361187,241935199100000;9,994651375000046;48,399543320000078;0
178313;08;1;17;025;2019;06;15;6;3;5;3;0;1;1;0;0;0;0;557987,813507258890000;5389379,353470478200000;9,787381560000029;48,654777727000067;0
178317;08;1;16;019;2019;06;21;6;3;0;7;2;1;0;0;0;0;0;522223,993540644650000;5398538,599156959000000;9,302271816000030;48,739469784000050;0
178319;08;1;15;045;2019;06;13;6;3;6;2;0;0;1;1;0;0;0;500491,093265643340000;5394078,000346008700000;9,006674170000053;48,699738232000072;0
178320;08;1;11;000;2019;06;16;6;3;5;3;0;1;1;0;0;0;0;515566,084038636650000;5406272,260596204500000;9,212010130000067;48,809243046000063;0
178321;08;1;11;000;2019;06;17;6;3;5;3;0;1;1;0;0;0;0;508008,544183146210000;5398096,652537116800000;9,108917490000067;48,735838985000044;0
178322;08;1;11;000;2019;06;06;6;2;5;2;0;1;1;0;0;0;0;511539,563154931180000;5409604,521450147000000;9,157262917000026;48,839307409000071;0
178324;08;1;11;000;2019;06;16;6;3;4;3;0;1;1;0;0;0;0;507492,290455556470000;5398601,922656079800000;9,101905556000077;48,740390823000041;0
178325;08;1;11;000;2019;06;15;6;3;3;6;0;1;1;0;0;0;0;511273,435146024450000;5398765,403501354200000;9,153338689000066;48,741804541000079;0
178326;08;1;11;000;2019;06;14;6;3;6;7;0;1;0;1;0;0;0;513327,977886511940000;5403225,204998422400000;9,181428418000053;48,781884096000056;0
178327;08;1;11;000;2019;06;11;6;3;5;3;0;1;0;0;0;0;1;509357,515339581300000;5403411,504683824300000;9,127384514000028;48,783632440000076;0
178329;08;4;36;081;2019;06;16;5;3;5;3;0;1;1;0;0;0;0;562044,144130658360000;5281872,690355006600000;9,826759389000074;47,687262118000035;0
178330;08;4;35;035;2019;06;15;5;3;5;3;0;1;1;0;0;0;0;542028,101400896910000;5282437,970624567900000;9,560109531000023;47,693959832000075;0
178331;08;4;26;021;2019;06;07;5;2;5;3;0;1;1;0;0;0;0;559428,138194768690000;5327980,601532192900000;9,798254305000057;48,102317126000059;0
178332;08;4;15;061;2019;06;02;5;3;3;1;2;1;1;0;0;0;0;515248,830370867620000;5372647,535066979000000;9,206450253000071;48,506759715000044;0
178334;08;3;36;050;2019;06;20;5;2;1;5;0;1;1;0;0;0;0;401471,632972532880000;5276538,441203054000000;7,688385737000033;47,634746510000070;0
178335;08;3;35;079;2019;06;07;5;3;6;4;0;0;1;1;0;0;0;500547,458047364840000;5299915,064766803800000;9,007318197000075;47,852577515000064;0
178336;08;4;36;064;2019;06;06;5;3;4;2;0;1;0;0;0;0;1;545467,258398178030000;5292601,569200636800000;9,607002716000068;47,785169803000031;0
178337;08;3;26;012;2019;06;17;5;3;2;6;0;1;1;0;0;0;0;462898,978000000120000;5311707,168000001500000;8,503043721000040;47,957600158000048;0
178338;08;3;17;065;2019;06;08;5;3;2;6;0;1;0;0;0;1;0;415315,326571528800000;5354079,945672344400000;7,857339541000044;48,334225432000039;0
178339;08;3;17;057;2019;06;17;5;2;0;7;0;1;0;0;0;0;0;412885,475402136330000;5380291,984764475400000;7,819105309000065;48,569661185000029;0
178340;08;3;17;057;2019;06;18;5;2;5;3;0;1;1;0;0;0;0;412484,643248714510000;5380897,692592464400000;7,813545504000047;48,575053289000039;0
178343;08;3;11;000;2019;06;07;5;2;1;7;0;1;0;0;0;0;0;415195,804993438530000;5315886,112918313600000;7,863343711000027;47,990650256000038;0
178344;08;3;11;000;2019;06;12;5;3;2;3;0;1;0;0;0;0;0;410212,562001487240000;5317072,232688635600000;7,796318472000053;48,000639386000046;0
178345;08;3;11;000;2019;06;20;5;3;0;7;0;1;1;0;0;0;0;402782,509405643680000;5313477,487087426700000;7,697551379000061;47,967218313000046;0
178348;08;3;11;000;2019;06;13;5;3;5;2;0;1;0;0;0;0;0;413416,622051027600000;5316632,036382727300000;7,839351316000034;47,997121676000063;0
178349;08;3;15;028;2019;06;07;5;3;0;3;0;1;1;0;0;0;0;408282,035431497730000;5312301,591766739300000;7,771462790000044;47,957452698000054;0
178350;08;3;36;091;2019;06;13;5;3;5;2;0;1;1;0;0;0;0;395115,404228283090000;5271855,003931704900000;7,604917550000039;47,591619969000078;0
178351;08;2;12;000;2019;06;10;5;3;5;3;0;1;1;0;0;0;0;458868,657876285720000;5429080,548023244400000;8,437504462000049;49,013244744000076;0
178352;08;2;12;000;2019;06;08;5;3;5;3;0;1;1;0;0;0;0;461408,939520587210000;5427975,361405126800000;8,472347788000036;49,003467460000081;0
178353;08;2;12;000;2019;06;14;5;3;1;5;0;1;0;0;0;0;1;455628,986340746280000;5428754,616725741000000;8,393238166000060;49,010088490000044;0
178354;08;2;12;000;2019;06;19;5;3;5;3;0;1;0;0;0;0;0;456498,442177387890000;5428756,689231392000000;8,405126844000051;49,010169039000061;0
178355;08;2;35;046;2019;06;17;5;3;6;7;0;0;0;1;0;0;1;479656,937385722990000;5377489,355068855000000;8,724344580000036;48,550173597000025;0
178356;08;2;26;041;2019;06;20;5;3;6;3;0;0;1;1;0;0;0;477098,611453688700000;5465653,175509134300000;8,684721729000046;49,343168865000052;0
178358;08;2;26;013;2019;06;19;5;3;0;1;0;1;0;0;0;0;0;498724,887757057320000;5478655,491376278900000;8,982403936000026;49,460553159000028;0
178360;08;2;22;000;2019;06;18;5;3;3;5;0;1;1;0;0;0;0;461232,147393057120000;5481779,958759428900000;8,464724481000076;49,487420288000067;0
178361;08;2;21;000;2019;06;12;5;3;4;3;0;1;0;1;0;0;0;477532,798424866050000;5470061,505057437300000;8,690450180000028;49,382837571000039;0
178362;08;2;21;000;2019;06;20;5;2;0;7;0;1;0;0;0;0;0;474982,403726344000000;5473566,129163395600000;8,655091157000072;49,414261648000036;0
178364;08;2;16;028;2019;06;09;5;2;0;7;0;1;0;0;0;0;0;428067,685999999750000;5397406,248000003400000;8,021902924000074;48,725528223000026;0
178365;08;2;15;039;2019;06;13;5;3;1;5;0;1;1;0;0;0;0;472955,881498187780000;5452154,564978469200000;8,628603846000033;49,221579443000053;0
178366;08;2;15;105;2019;06;18;5;3;0;1;0;1;0;0;0;0;0;457602,442427231930000;5441354,391162194300000;8,418903032000060;49,123562834000040;0
178367;08;2;12;000;2019;06;16;5;3;1;7;0;1;1;0;0;0;0;455220,097123429180000;5427481,258371174300000;8,387787473000060;48,998604973000056;0
178368;08;2;12;000;2019;06;12;5;3;1;5;0;1;1;0;0;0;0;455065,162978495470000;5430306,518104199300000;8,385356636000040;49,024007155000049;0
178369;08;1;18;074;2019;06;21;5;2;0;1;1;1;0;0;0;0;0;510681,952880813740000;5428619,487273694900000;9,146073355000056;49,010375786000054;0
178370;08;1;36;088;2019;06;10;5;2;6;4;0;0;0;1;0;1;0;582871,220370365310000;5407285,453891890100000;10,128800544000057;48,813025679000077;0
178372;08;1;35;020;2019;06;16;5;3;5;3;0;1;1;0;0;0;0;585976,279909269880000;5386588,915490847100000;10,166772132000062;48,626455375000035;0
178374;08;1;25;006;2019;06;08;5;3;6;4;0;0;1;1;0;0;0;504302,913676125000000;5450765,302634634100000;9,059077538000054;49,209664581000027;0
178376;08;1;18;048;2019;06;21;5;3;0;7;1;0;0;1;0;0;1;515311,560915810060000;5415263,960370125200000;9,208879734000050;48,890136835000078;0
178377;08;1;18;046;2019;06;08;5;3;5;3;0;1;1;0;0;0;0;513575,805405242370000;5411313,333768764500000;9,185069634000058;48,854638367000064;0
178380;08;1;17;024;2019;06;22;5;3;0;1;2;1;0;0;0;0;0;560885,134219884870000;5385863,888733385100000;9,826201754000067;48,622879638000029;0
178381;08;1;17;051;2019;06;15;5;2;6;4;0;0;1;1;0;0;0;543199,677127175960000;5395340,943871775600000;9,587218342000028;48,709603577000053;0
178385;08;1;16;077;2019;06;11;5;3;5;3;0;1;1;0;0;0;0;517542,636226157660000;5391270,100867092600000;9,238291718000028;48,674231810000038;0
178386;08;1;16;019;2019;06;22;5;2;0;7;2;1;0;0;0;0;0;522748,442222877410000;5396421,839915810200000;9,309288003000063;48,720408680000048;0
178390;08;4;37;076;2019;06;16;4;3;0;7;0;1;0;0;0;0;0;524651,468718121760000;5321521,530387707100000;9,330766107000045;48,046500765000076;0
178392;08;4;36;064;2019;06;14;4;3;0;2;0;1;1;0;0;0;0;546261,231929862870000;5292734,267992341900000;9,617616033000047;47,786307153000052;0
178393;08;4;35;066;2019;06;10;4;3;0;1;0;1;0;0;0;0;0;516616,033267785800000;5287951,779254572500000;9,221657219000065;47,744723990000068;0
178394;08;4;35;024;2019;06;19;4;3;0;3;0;1;0;0;1;0;0;527352,645999999720000;5279167,080000000100000;9,364329610000027;47,665317945000027;0
178395;08;4;35;057;2019;06;07;4;3;0;1;0;1;0;0;0;0;1;545425,069897638630000;5278349,086179232200000;9,604953127000044;47,656941435000078;0
178397;08;4;21;000;2019;06;19;4;3;1;1;0;1;1;0;0;0;0;572024,809815515760000;5361979,615063697100000;9,973220481000055;48,406855350000058;0
178400;08;4;16;009;2019;06;20;4;3;0;7;0;1;0;0;0;0;0;507738,273143676110000;5383993,099637724500000;9,104977857000051;48,608965213000033;0
178401;08;4;15;061;2019;06;15;4;3;5;3;0;1;0;0;1;0;0;516033,463000001390000;5374133,264000000400000;9,217130232000045;48,520106259000045;0
178403;08;3;37;126;2019;06;18;4;2;8;1;0;1;0;0;0;0;0;441745,248495197850000;5273428,384816171600000;8,224855636000029;47,611642131000053;0
178404;08;3;37;065;2019;06;21;4;3;0;1;1;1;0;0;0;0;0;448500,308131805620000;5274877,513432353700000;8,314561772000047;47,625252264000039;0
178406;08;3;27;049;2019;06;15;4;3;5;3;0;1;1;0;0;0;0;472682,495362717660000;5324809,509816693100000;8,633252476000052;48,075973859000044;0
178407;08;3;27;050;2019;06;17;4;2;6;4;0;0;1;1;0;0;0;486608,298442392610000;5313645,815468611200000;8,820559012000047;47,975977576000048;0
178408;08;3;26;012;2019;06;16;4;3;0;7;0;1;0;0;0;1;0;463103,528639608060000;5312460,389637811100000;8,505718864000073;47,964388649000057;0
178409;08;3;25;014;2019;06;14;4;3;5;3;0;1;1;0;0;0;0;462049,682503357530000;5340096,190454520300000;8,489145210000061;48,212957803000052;0
178411;08;3;17;065;2019;06;08;4;3;6;4;0;1;0;0;0;0;1;416899,131497303020000;5354391,014885149900000;7,878644352000038;48,337233766000054;0
178412;08;3;17;001;2019;06;12;4;3;5;3;0;1;1;0;0;0;0;431093,710000000890000;5387304,273000001900000;8,064727234000031;48,635003709000046;0
178414;08;3;11;000;2019;06;08;4;3;5;3;0;1;0;0;0;0;0;411500,522000000810000;5318887,524000000200000;7,813206250000064;48,017147975000057;0
178415;08;3;11;000;2019;06;11;4;3;0;1;0;1;0;0;0;0;0;413369,791680076160000;5316655,922206429800000;7,838718867000068;47,997330193000039;0
178416;08;2;12;000;2019;06;19;4;3;5;3;0;1;1;0;0;0;0;452697,086296550000000;5427835,128541998600000;8,353254927000023;49,001599878000036;0
178417;08;2;12;000;2019;06;09;4;3;6;7;0;0;1;1;0;0;0;461205,177000002000000;5422259,513999998600000;8,470107182000049;48,952039120000052;0
178418;08;2;26;096;2019;06;19;4;3;5;3;0;1;1;0;0;0;0;473871,733583521100000;5488116,144027225700000;8,638817799000037;49,545087796000075;0
178420;08;2;21;000;2019;06;08;4;3;5;3;0;1;1;0;0;0;0;476398,705555262040000;5472975,060659857500000;8,674652012000024;49,409001681000063;0
178425;08;2;15;109;2019;06;12;4;3;5;3;0;1;1;0;0;0;0;461595,637455778200000;5434799,389423042500000;8,474253902000044;49,064862495000057;0
178426;08;1;15;045;2019;06;14;4;3;6;4;0;0;1;1;0;0;0;501282,813000001010000;5395536,178000001200000;9,017438514000048;48,712854984000046;0
178428;08;1;36;065;2019;06;12;4;3;0;5;0;1;1;0;0;0;0;562286,511968762610000;5407467,530643530200000;9,848478414000056;48,817067974000054;0
178429;08;1;36;028;2019;06;08;4;2;6;7;0;0;1;1;0;0;0;568412,427618798800000;5404815,412755601100000;9,931473828000037;48,792568521000078;0
178436;08;1;19;079;2019;06;14;4;3;5;2;0;1;1;0;0;0;0;524614,493751070460000;5409346,455941097800000;9,335432209000032;48,836605177000081;0
178437;08;1;19;020;2019;06;08;4;3;5;2;0;1;1;0;0;0;0;519960,499490026380000;5407497,748082133000000;9,271921076000069;48,820141679000074;0
178439;08;1;18;048;2019;06;16;4;3;0;7;0;1;1;0;0;0;0;511320,670013001190000;5415025,889813305800000;9,154429799000070;48,888080972000068;0
178440;08;1;18;080;2019;06;18;4;3;6;4;0;0;1;1;0;0;0;506704,720922679640000;5411304,586010983200000;9,091400902000032;48,854671974000041;0
178441;08;1;18;010;2019;06;10;4;2;5;3;0;1;1;0;0;0;0;506619,951509986070000;5432250,224338714000000;9,090585741000041;49,043093259000045;0
178442;08;1;17;044;2019;06;14;4;3;0;1;0;1;0;0;0;0;0;538548,367000001480000;5391429,509999999800000;9,523630456000035;48,674722279000036;0
178444;08;1;16;019;2019;06;19;4;3;4;2;0;1;1;0;0;0;0;520169,938068832270000;5398615,303217301100000;9,274338411000031;48,740229702000079;0
178445;08;1;16;019;2019;06;08;4;3;5;3;0;1;1;0;0;0;0;523199,506392130630000;5396390,537050709100000;9,315418819000058;48,720110458000079;0
178448;08;1;11;000;2019;06;08;4;3;2;6;0;1;1;0;0;0;0;511658,696000001390000;5407088,866000002300000;9,158814939000024;48,816674720000037;0
178449;08;1;11;000;2019;06;12;4;3;6;7;0;0;1;1;0;0;0;514057,713293122130000;5403244,948517378400000;9,191362632000050;48,782045643000060;0
178450;08;1;11;000;2019;06;14;4;3;6;7;0;0;1;1;0;0;0;518180,747052262540000;5402894,463595114600000;9,247472033000065;48,778785876000029;0
178452;08;4;36;049;2019;06;14;3;3;5;3;0;1;1;0;0;0;0;578247,398326550610000;5283198,790114820000000;10,042878040000062;47,697433280000041;0
178453;08;4;35;024;2019;06;17;3;3;0;1;0;1;0;0;0;0;0;526790,541049223390000;5279143,960855880800000;9,356841262000046;47,665133459000060;0
178458;08;4;26;021;2019;06;08;3;2;5;3;0;1;1;0;0;0;0;558619,223835389130000;5327879,143744329000000;9,787375887000053;48,101479351000080;0
178461;08;4;16;036;2019;06;18;3;3;3;6;0;1;1;0;0;0;0;495039,444447012620000;5368801,399504032000000;8,932885702000021;48,472323834000065;0
178463;08;3;36;069;2019;06;07;3;3;3;2;0;1;1;0;0;0;0;408645,204020483420000;5267955,355416234600000;7,785645679000027;47,558586756000068;0
178465;08;3;35;075;2019;06;16;3;2;5;7;0;1;1;0;0;0;0;487841,538053791040000;5290575,584167724500000;8,837732929000026;47,768431205000070;0
178466;08;3;35;043;2019;06;08;3;3;5;3;0;1;0;0;0;0;0;512997,315288709480000;5279262,907818162800000;9,173124861000076;47,666627997000035;0
178467;08;3;27;054;2019;06;11;3;2;0;1;0;1;0;0;0;0;0;483233,156493090090000;5316550,680893501300000;8,775220943000022;48,002033491000077;0
178470;08;3;17;122;2019;06;05;3;2;5;3;0;1;1;0;0;0;0;417803,980354157280000;5367801,946314465300000;7,888226302000021;48,457981721000067;0
178471;08;3;16;009;2019;06;11;3;3;3;7;0;1;0;0;0;0;0;417651,531324329790000;5324386,505474632600000;7,894618006000030;48,067436214000054;0
178472;08;3;16;011;2019;06;17;3;3;5;3;0;1;1;0;0;0;0;414952,050292490050000;5329748,771004697300000;7,857321368000044;48,115316883000048;0
178473;08;3;11;000;2019;06;10;3;3;5;3;0;1;0;0;0;0;0;414741,159962687640000;5315428,592169096700000;7,857342079000034;47,986474213000065;0
178474;08;3;11;000;2019;06;07;3;3;5;2;0;1;1;0;0;0;0;412515,483000001870000;5315216,218000000300000;7,827562717000035;47,984263269000053;0
178475;08;3;11;000;2019;06;20;3;2;0;1;0;1;0;0;0;0;0;412058,325645430010000;5314762,815479755400000;7,821530235000068;47,980122081000047;0
178476;08;3;11;000;2019;06;11;3;2;1;7;0;1;1;0;0;0;0;414916,888000000270000;5317763,623000001500000;7,859233759000063;48,007502167000041;0
178478;08;2;26;096;2019;06;11;3;3;5;3;0;1;1;0;0;0;0;475616,000721821560000;5485909,266028000000000;8,663065580000023;49,525310504000061;0
178480;08;2;26;084;2019;06;10;3;1;6;2;0;0;1;1;0;0;0;468917,711499402300000;5470308,212519597300000;8,571736490000035;49,384677920000058;0
178481;08;2;22;000;2019;06;08;3;3;5;3;0;1;1;0;0;0;0;462249,730786150320000;5481119,633669594300000;8,478836884000032;49,481545160000053;0
178483;08;2;26;107;2019;06;07;3;3;4;2;0;1;1;0;0;0;0;475585,439000000250000;5484295,324000001000000;8,662743136000074;49,510792430000038;0
178485;08;2;21;000;2019;06;09;3;3;1;7;0;1;1;0;0;0;0;473910,964704570360000;5472668,906208001100000;8,640378860000055;49,406146307000029;0
178486;08;2;21;000;2019;06;10;3;3;5;2;0;1;1;0;0;0;0;477353,350000000560000;5474687,989000001900000;8,687714001000074;49,424445459000026;0
178488;08;2;12;000;2019;06;14;3;3;1;5;0;1;1;0;0;0;0;452914,332254672420000;5430538,151139872100000;8,355911405000029;49,025930248000066;0
178489;08;2;12;000;2019;06;07;3;3;5;3;0;1;0;0;0;0;1;453239,177890921940000;5429296,640507284600000;8,360497800000076;49,014787546000036;0
178490;08;1;28;007;2019;06;11;3;3;5;3;0;1;1;0;0;0;0;556339,188000000080000;5482268,787000004200000;9,777936270000055;49,490439900000069;0
178491;08;1;26;047;2019;06;17;3;3;6;7;0;0;1;1;0;0;0;547123,711774841880000;5453104,060906097300000;9,647245682000062;49,228904194000052;0
178492;08;1;25;005;2019;06;07;3;3;1;6;0;1;0;0;0;0;1;514059,385095705280000;5453597,975085461500000;9,193129314000032;49,234998902000029;0
178493;08;1;25;065;2019;06;16;3;3;5;3;0;1;1;0;0;0;0;516323,128908423710000;5449029,052696023100000;9,224039595000022;49,193844306000074;0
178495;08;1;19;020;2019;06;07;3;3;0;5;0;1;1;0;0;0;0;520368,934471536430000;5406129,227597344700000;9,277417169000046;48,807817480000040;0
178497;08;1;17;019;2019;06;16;3;3;8;1;0;1;1;0;0;0;0;552687,097563093530000;5393542,345591966100000;9,715942902000052;48,692695094000044;0
178501;08;1;15;041;2019;06;17;3;3;5;3;0;1;1;0;0;0;0;494924,757869740020000;5402321,011705152700000;8,930923771000039;48,773872097000037;0
178504;08;1;11;000;2019;06;06;3;3;1;5;0;1;1;0;0;0;0;519168,697583709840000;5402300,206277672200000;9,260891938000043;48,773410354000077;0
178505;08;1;11;000;2019;06;09;3;3;6;4;0;0;1;1;0;0;0;515945,125000000000000;5406068,785000002000000;9,217164727000068;48,807402999000033;0
178507;08;1;11;000;2019;06;20;3;3;2;6;0;1;1;0;0;0;0;516177,587121431720000;5405405,490077398700000;9,220304585000065;48,801430085000050;0
178509;08;4;36;055;2019;06;19;2;3;5;3;0;1;1;0;0;0;0;577585,856462777590000;5297942,533507412300000;10,036694789000023;47,830149082000048;0
178510;08;4;35;066;2019;06;19;2;3;0;1;0;1;0;0;0;0;0;517981,107935703360000;5286130,577951278500000;9,239791855000021;47,728301075000047;0
178512;08;4;26;045;2019;06;18;2;3;7;1;0;1;0;0;0;0;0;534507,821810269730000;5324828,473771948400000;9,463278772000024;48,075795836000054;0
178513;08;4;26;021;2019;06;21;2;3;5;3;0;1;1;0;0;0;0;558818,583397483450000;5327201,677606826600000;9,789960053000073;48,095366369000033;0
178515;08;4;21;000;2019;06;17;2;3;4;3;0;1;1;0;0;0;0;572775,511162235400000;5360157,898435486500000;9,983046833000060;48,390382344000045;0
178519;08;4;16;036;2019;06;12;2;3;4;1;0;1;1;0;0;0;0;495670,865999999460000;5370297,094000004200000;8,941413081000064;48,485784408000029;0
178521;08;3;36;105;2019;06;17;2;3;3;6;0;1;1;0;0;0;0;400824,941650751050000;5267065,381047926800000;7,681921110000076;47,549433414000077;0
178523;08;3;35;043;2019;06;10;2;3;0;1;0;1;0;0;0;0;0;513355,253880160860000;5278143,388472113800000;9,177858380000032;47,656547631000080;0
178524;08;3;35;043;2019;06;09;2;3;0;1;0;1;0;0;0;0;0;513358,718895590860000;5278213,453015321900000;9,177906666000069;47,657177978000050;0
178525;08;3;27;050;2019;06;19;2;3;6;4;0;0;1;1;0;0;0;485431,371842070480000;5314283,580723373200000;8,804767341000058;47,981689939000034;0
178527;08;3;26;055;2019;06;20;2;3;6;7;0;0;1;1;0;0;0;441345,551579240710000;5331990,883988479200000;8,211585205000063;48,138465925000048;0
178529;08;3;16;017;2019;06;15;2;3;5;3;0;1;1;0;0;0;0;408284,287829209120000;5341655,670707030200000;7,765187349000030;48,221491935000074;0
178530;08;3;15;076;2019;06;16;2;3;1;3;0;1;0;0;0;0;1;393575,658190399410000;5299804,014036078000000;7,577616588000069;47,842766803000075;0
178531;08;3;11;000;2019;06;21;2;3;0;7;1;1;0;0;0;0;0;404890,812315579500000;5318350,348737681300000;7,724709993000033;48,011366360000068;0
178532;08;3;11;000;2019;06;19;2;3;0;1;0;1;0;0;0;0;0;414110,108924240810000;5316099,576028768000000;7,848752107000053;47,992425537000031;0
178534;08;3;15;098;2019;06;09;2;3;5;3;0;1;1;0;0;0;0;407988,993041700680000;5312680,334201548200000;7,767457463000028;47,960817501000065;0
178536;08;2;26;098;2019;06;01;2;2;5;3;2;1;1;0;0;0;0;476979,825627933260000;5459897,920387938600000;8,683418440000025;49,291395976000047;0
178537;08;2;26;095;2019;06;06;2;3;5;3;0;1;1;0;0;0;0;473849,844386946410000;5461810,546736277600000;8,640249465000068;49,308474051000076;0
178539;08;2;21;000;2019;06;09;2;2;5;2;0;1;0;0;0;0;1;476553,460609674450000;5472852,989907335500000;8,676792510000041;49,407909657000062;0
178541;08;1;19;079;2019;07;08;4;3;0;1;0;1;0;0;0;0;0;522837,788945437410000;5407319,372748436400000;9,311107777000075;48,818437936000066;0
178543;08;1;19;091;2019;07;19;4;3;0;7;0;1;0;0;0;0;0;528123,747092633510000;5407204,985295066600000;9,383106376000058;48,817192125000076;0
178544;08;1;19;008;2019;07;16;4;3;6;1;0;0;0;1;1;0;0;531547,808638159190000;5423203,387896474500000;9,430983315000049;48,960941897000055;0
178548;08;1;18;019;2019;07;15;4;3;5;3;0;1;1;0;0;0;0;505289,130421649660000;5404974,821271617000000;9,072021492000033;48,797743841000056;0
178549;08;1;17;026;2019;07;22;4;3;4;2;2;1;1;0;0;0;0;548310,846397543330000;5397023,850008579000000;9,656887640000036;48,724367085000040;0
178550;08;1;17;024;2019;07;16;4;3;0;1;0;1;0;0;0;0;0;560310,603772040460000;5386241,584755653500000;9,818461237000065;48,626332783000066;0
178554;08;1;16;077;2019;07;09;4;2;5;3;0;1;0;0;0;0;1;518122,150547666480000;5388868,223055733400000;9,246058317000063;48,652607818000035;0
178557;08;1;28;058;2019;07;08;4;3;5;3;0;1;1;0;0;0;0;559086,942404269240000;5482852,714391404800000;9,815960841000049;49,495430352000028;0
178563;08;1;25;102;2019;07;16;4;3;5;3;0;1;1;0;0;0;0;521329,920000000860000;5444742,311000002500000;9,292531088000033;49,155130353000061;0
178565;08;1;25;047;2019;07;15;4;3;1;2;0;1;1;0;0;0;0;495141,192530536090000;5448745,713453626300000;8,933314665000069;49,191493622000053;0
178566;08;1;11;000;2019;07;11;4;2;5;3;0;1;1;0;0;0;0;516415,351847874930000;5405913,134018084000000;9,223562710000067;48,805990543000064;0
178568;08;4;36;064;2019;07;10;3;3;5;2;0;1;1;0;0;0;0;546285,878804055040000;5292770,904794702300000;9,617948972000022;47,786635003000072;0
178569;08;4;36;064;2019;07;12;3;3;5;3;0;1;0;0;0;0;0;545767,208000693470000;5292164,484214408300000;9,610960824000074;47,781216097000026;0
178571;08;4;21;000;2019;07;18;3;3;5;3;0;1;1;0;0;0;0;569705,696256757710000;5361253,042785486200000;9,941767737000021;48,400580354000056;0
178572;08;4;21;000;2019;07;17;3;3;5;7;0;1;1;0;0;0;0;571754,173232241530000;5360424,634435767300000;9,969298308000077;48,392898751000075;0
178573;08;4;25;014;2019;07;15;3;3;5;3;0;1;1;0;0;0;0;572719,504069346000000;5371034,187840301500000;9,984178599000074;48,488222878000045;0
178574;08;4;16;018;2019;07;16;3;3;5;3;0;1;1;0;0;0;0;492255,484000001100000;5362224,586000001100000;8,895341529000064;48,413127562000057;0
178576;08;4;16;025;2019;07;08;3;3;6;4;0;1;0;1;0;0;0;502444,449000000020000;5360154,773000000000000;9,033021964000056;48,394549239000071;0
178577;08;4;15;061;2019;07;07;3;3;2;6;0;1;1;0;0;0;0;516091,341000000950000;5370600,923000002300000;9,217777843000022;48,488326675000053;0
178582;08;3;36;081;2019;07;16;3;3;3;6;0;1;0;0;0;0;0;410176,881303158590000;5277668,479012485600000;7,804011098000046;47,646178333000080;0
178583;08;3;35;043;2019;07;13;3;2;8;1;0;1;0;0;0;0;0;511174,529038154520000;5281238,050781229500000;9,148895901000060;47,684433743000056;0
178584;08;3;27;050;2019;07;07;3;3;5;3;0;1;1;0;0;0;0;488494,120281149630000;5313910,559250785000000;8,845820731000060;47,978396221000025;0
178586;08;3;25;049;2019;07;10;3;3;0;1;0;1;0;0;0;0;0;472483,438832468350000;5334554,561992149800000;8,629951007000045;48,163639694000040;0
178587;08;3;17;009;2019;07;15;3;3;5;3;0;1;1;0;0;0;0;425238,800515395590000;5362890,324134510000000;7,989648196000076;48,414728651000075;0
178588;08;3;16;011;2019;07;09;3;3;5;3;0;1;1;0;0;0;0;414841,648506955240000;5329088,822962103400000;7,855970142000047;48,109365752000031;0
178589;08;3;11;000;2019;07;21;3;3;0;7;0;1;0;0;0;0;0;412911,032741922890000;5316260,240578800400000;7,832650803000036;47,993708581000078;0
178590;08;3;11;000;2019;07;21;3;3;5;3;1;1;0;0;1;0;0;413272,734094051640000;5316943,292308857700000;7,837359999000057;47,999902025000040;0
178591;08;3;15;013;2019;07;16;3;3;1;6;0;1;1;0;0;0;0;404474,239000001920000;5324870,888000000300000;7,717670751000071;48,069955624000045;0
178592;08;3;11;000;2019;07;20;3;2;5;3;0;1;1;0;0;0;0;403153,819034010170000;5317482,922981368400000;7,701621196000076;48,003303099000050;0
178593;08;3;11;000;2019;07;09;3;3;4;2;0;1;1;0;0;0;0;414733,740909472110000;5315682,554689344000000;7,857192230000067;47,988757722000059;0
178594;08;3;11;000;2019;07;13;3;3;6;4;0;1;0;1;0;0;0;417466,060529804790000;5314939,517002351600000;7,893948642000055;47,982432168000059;0
178597;08;3;11;000;2019;07;17;3;3;1;5;0;1;1;0;0;0;0;413040,050060522740000;5315164,584326429300000;7,834601729000042;47,983870339000077;0