OBJECTID;ULAND;UREGBEZ;UKREIS;UGEMEINDE;UJAHR;UMONAT;USTUNDE;UWOCHENTAG;UKATEGORIE;UART;UTYP1;ULICHTVERH;IstRad;IstPKW;IstFuss;IstKrad;IstGkfz;IstSonstige;LINREFX;LINREFY;XGCSWGS84;YGCSWGS84;STRZUSTAND
178898;08;3;35;001;2019;07;17;6;3;0;1;0;1;0;0;0;0;0;488684,494196588170000;5298910,476624043700000;8,848765464000053;47,843439432000025;0
178899;08;4;36;064;2019;07;09;6;2;6;3;0;0;1;1;0;0;0;546360,630244365890000;5292898,279838409300000;9,618960502000050;47,787775619000058;0
178900;08;3;27;050;2019;07;13;6;3;6;4;0;0;0;1;0;0;1;486826,202499208040000;5314880,631814301000000;8,823440906000030;47,987091957000075;0
178904;08;3;17;057;2019;07;18;6;3;5;2;0;1;1;0;0;0;0;411937,182405719530000;5380727,643249996000000;7,806161211000074;48,573447104000081;0
178905;08;3;17;067;2019;07;15;6;3;8;1;0;1;0;0;0;0;0;435510,076306352390000;5375598,858651362400000;8,126479923000034;48,530182037000031;0
178909;08;3;15;015;2019;07;10;6;3;0;1;0;1;0;0;0;0;0;393935,650670607570000;5321867,317489806600000;7,576989419000029;48,041274921000081;0
178910;08;3;11;000;2019;07;10;6;3;5;3;0;1;0;0;0;0;0;414867,663259881550000;5318093,431936869400000;7,858508431000075;48,010462371000074;0
178912;08;3;11;000;2019;07;15;6;3;2;6;0;1;1;0;0;0;0;413037,189973878670000;5316505,115460811200000;7,834291845000053;47,995928482000068;0
178913;08;3;11;000;2019;07;15;6;3;4;2;0;1;0;0;0;0;1;414453,294290825720000;5318011,379208995000000;7,852969911000059;48,009668940000040;0
178914;08;2;12;000;2019;07;06;6;3;5;2;0;1;0;0;0;1;0;458504,225175119010000;5427236,465100510000000;8,432709340000031;48,996632508000062;0
178915;08;2;12;000;2019;07;08;6;3;5;2;0;1;1;0;0;0;0;458414,280476774090000;5427266,386434825100000;8,431476703000044;48,996895603000041;0
178918;08;2;22;000;2019;07;23;6;3;4;6;2;1;0;0;0;0;0;462413,361923269930000;5484191,888760566700000;8,480803571000024;49,509188627000071;0
178920;08;2;15;009;2019;07;23;6;3;0;1;2;1;0;0;0;0;0;470099,820973507130000;5441614,908719429700000;8,590166069000077;49,126641281000047;0
178921;08;2;15;021;2019;07;11;6;3;5;3;0;1;1;0;0;0;0;469165,891339855270000;5444534,873384412400000;8,577141903000040;49,152860660000044;0
178922;08;2;15;007;2019;07;18;6;3;6;7;0;0;1;1;0;0;0;478545,041595169340000;5431286,249526955200000;8,706468635000022;49,034084016000065;0
178924;08;2;12;000;2019;07;17;6;3;3;6;0;1;1;0;0;0;0;453237,234024642970000;5428907,222311841300000;8,360516086000075;49,011284568000065;0
178925;08;2;12;000;2019;07;10;6;3;0;7;0;0;1;1;0;0;0;456365,023894056680000;5428761,967056730800000;8,403301917000022;49,010207094000066;0
178926;08;2;12;000;2019;07;19;6;3;0;1;1;1;0;0;0;0;0;460550,861120363700000;5425497,624674929300000;8,460856453000076;48,981125402000032;0
178927;08;1;35;019;2019;07;16;6;3;1;5;0;1;1;0;0;0;0;583835,043042797600000;5394311,099011844000000;10,139284211000074;48,696202228000061;0
178929;08;1;21;000;2019;07;07;6;3;6;7;0;0;1;1;0;0;0;513954,449235658160000;5443402,378114089400000;9,191333866000036;49,143289156000037;0
178930;08;1;21;000;2019;07;07;6;3;5;3;0;1;1;0;0;0;0;516380,127670042220000;5442268,535219283800000;9,224546783000051;49,133029962000080;0
178931;08;1;19;085;2019;07;09;6;3;0;7;0;1;0;0;0;0;0;528686,933852676300000;5411458,728988654900000;9,391075764000050;48,855431621000037;0
178932;08;1;19;068;2019;07;17;6;3;0;7;0;0;0;1;0;0;1;526334,277494796550000;5413962,465459978200000;9,359164922000048;48,878058677000070;0
178934;08;1;19;041;2019;07;16;6;3;5;3;0;1;0;0;0;1;0;526642,358153985810000;5409540,203337216700000;9,363078820000055;48,838264355000035;0
178935;08;1;19;020;2019;07;17;6;3;0;7;0;1;0;0;0;0;0;519400,170000000860000;5408191,301000000900000;9,264320624000050;48,826398493000056;0
178936;08;1;19;008;2019;07;16;6;2;5;3;0;1;1;0;0;0;0;531760,572460745460000;5422057,204696204500000;9,433800441000074;48,950620593000053;0
178939;08;1;17;026;2019;07;17;6;3;6;4;0;0;1;1;0;0;0;547780,566891804340000;5394808,209657721200000;9,649421277000045;48,704477202000078;0
178940;08;1;16;033;2019;07;16;6;3;5;3;0;1;1;0;0;0;0;535731,935678894630000;5387742,034935606600000;9,485055947000035;48,641717920000076;0
178941;08;1;16;033;2019;07;12;6;3;6;4;0;0;1;1;0;0;0;533173,345999999900000;5387964,679000001400000;9,450342449000061;48,643861828000070;0
178942;08;1;16;016;2019;07;07;6;3;1;7;0;1;1;0;0;0;0;533241,230606521480000;5385842,877159722100000;9,451093785000069;48,624770681000030;0
178949;08;1;15;003;2019;07;17;6;3;5;3;0;1;1;0;0;0;0;500759,865549956450000;5392890,119748905300000;9,010324716000071;48,689051675000030;0
178950;08;1;15;003;2019;07;12;6;3;6;2;0;0;1;1;0;0;0;501268,670132540170000;5392544,075011184400000;9,017237064000028;48,685937793000051;0
178951;08;1;11;000;2019;07;08;6;3;5;3;0;1;1;0;0;0;0;518602,274214366450000;5400951,602436315300000;9,253121838000027;48,761295650000079;0
178952;08;1;11;000;2019;07;09;6;2;0;7;0;1;0;0;0;1;0;513235,795012276620000;5403229,333211910000000;9,180173709000030;48,781923202000030;0
178953;08;1;11;000;2019;07;18;6;2;5;2;0;1;1;0;0;0;0;506736,598281013780000;5397438,514934841500000;9,091608090000023;48,729933415000062;0
178955;08;4;36;081;2019;07;18;5;3;2;1;0;1;1;0;0;0;0;562441,661266733890000;5281368,247479507700000;9,831983693000041;47,682685494000054;0
178958;08;4;21;000;2019;07;18;5;3;0;1;0;1;0;0;0;0;0;571962,846413893630000;5359960,698689185100000;9,972037276000037;48,388701740000045;0
178959;08;4;16;041;2019;07;11;5;3;6;7;0;0;0;1;0;0;1;504163,758252802300000;5374148,708465859300000;9,056387283000049;48,520436158000052;0
178960;08;4;16;041;2019;07;17;5;3;0;1;0;1;0;0;0;0;0;504400,676028775980000;5374532,772185681400000;9,059599770000034;48,523889718000078;0
178961;08;4;16;041;2019;07;13;5;3;0;1;0;1;0;0;0;0;0;504383,233698357830000;5374778,325448060400000;9,059366125000054;48,526098925000042;0
178962;08;4;16;041;2019;07;11;5;3;0;1;0;1;0;0;0;0;0;503548,479376778010000;5373856,128614539300000;9,048052444000064;48,517807782000034;0
178963;08;4;15;059;2019;07;09;5;1;6;6;0;1;0;1;0;0;0;515483,697000001560000;5366329,119000000900000;9,209395966000045;48,449911129000043;0
178965;08;4;15;050;2019;07;23;5;3;1;7;2;1;1;0;0;0;0;522731,281805524600000;5375528,163815885800000;9,307909113000051;48,532448292000026;0
178967;08;3;37;126;2019;07;08;5;3;3;6;0;1;1;0;0;0;0;442094,544784379190000;5273392,116549650200000;8,229507770000055;47,611347136000063;0
178968;08;3;37;128;2019;07;17;5;3;8;1;0;1;0;0;0;0;0;450662,277217286640000;5283368,786528963600000;8,342375796000056;47,701817614000049;0
178969;08;3;35;079;2019;07;23;5;2;0;1;2;1;0;0;0;0;0;500763,953287497160000;5301007,609675027400000;9,010214148000046;47,862407370000028;0
178970;08;3;35;075;2019;07;15;5;3;3;7;0;1;1;0;0;0;0;488035,881799001250000;5289896,497434206300000;8,840345332000027;47,762324744000068;0
178971;08;3;35;043;2019;07;11;5;3;0;1;0;1;0;0;0;0;0;511393,557048560120000;5287703,150237243600000;9,151983395000059;47,742600342000060;0
178975;08;3;17;096;2019;07;14;5;3;5;2;0;1;1;0;0;0;0;421042,277474449950000;5368440,986563487000000;7,931898443000023;48,464144579000049;0
178976;08;3;17;057;2019;07;18;5;3;5;3;0;1;1;0;0;0;0;412745,918200966900000;5379964,311023421600000;7,817282678000026;48,566694549000033;0
178980;08;3;11;000;2019;07;15;5;3;5;3;0;1;1;0;0;0;0;414142,978202784430000;5316931,362259632000000;7,849026171000048;47,999912181000070;0
178982;08;3;11;000;2019;07;10;5;3;5;3;0;1;1;0;0;0;0;414198,909670558760000;5318148,850274905600000;7,849532267000029;48,010871437000048;0
178985;08;2;12;000;2019;07;07;5;3;5;2;0;1;1;0;0;0;0;455594,229268497790000;5429247,850498152900000;8,392708937000066;49,014522673000045;0
178988;08;2;26;098;2019;07;08;5;2;1;6;0;1;1;0;0;0;0;479371,940080631520000;5460843,342932803600000;8,716266384000051;49,299985534000029;0
178989;08;2;26;032;2019;07;13;5;3;5;3;0;1;1;0;0;0;0;467519,042579025960000;5463096,829135967400000;8,553053777000059;49,319740046000049;0
178991;08;2;22;000;2019;07;17;5;3;0;7;0;0;0;1;0;0;1;461541,960145659740000;5488338,184028938400000;8,468362887000069;49,546427436000045;0
178993;08;2;21;000;2019;07;18;5;3;0;5;0;1;1;0;0;0;0;476824,259675044570000;5473888,661836974300000;8,680464915000073;49,417235725000069;0
178994;08;2;21;000;2019;07;21;5;3;6;4;1;0;1;1;0;0;0;477299,020232227630000;5472880,328510141000000;8,687068226000065;49,408183834000056;0
178995;08;2;16;043;2019;07;17;5;3;5;3;0;1;1;0;0;0;0;437720,622288064100000;5413754,702413350300000;8,150662887000067;48,873620985000059;0
178996;08;2;15;108;2019;07;10;5;3;5;3;0;1;0;0;0;0;1;449195,527442405930000;5424213,652844822000000;8,305836341000031;48,968746513000042;0
178997;08;2;12;000;2019;07;13;5;3;1;3;0;1;1;0;0;0;0;455066,396004261450000;5426924,794616147900000;8,385747810000055;48,993588355000043;0
178998;08;2;12;000;2019;07;22;5;3;0;3;2;1;1;0;0;0;0;456838,989296615120000;5428727,124997736900000;8,409786626000027;49,009927019000031;0
178999;08;1;15;028;2019;07;19;5;2;5;3;0;1;1;0;0;0;0;500256,158014283520000;5404970,031957956000000;9,003488073000028;48,797723204000079;0
179000;08;1;35;020;2019;07;17;5;3;5;3;0;1;1;0;0;0;0;584697,861615720210000;5387022,451469304000000;10,149515139000073;48,630529198000033;0
179003;08;1;28;126;2019;07;15;5;3;5;1;0;1;0;0;1;0;0;565961,329160073770000;5481462,994138876000000;9,910648790000039;49,482223130000079;0
179005;08;1;19;079;2019;07;20;5;3;1;5;0;1;1;0;0;0;0;524924,267848160120000;5409636,496507020700000;9,339671196000040;48,839201939000077;0
179006;08;1;19;067;2019;07;09;5;3;6;4;0;0;1;1;0;0;0;539049,462515019810000;5405977,418606935100000;9,531815727000037;48,805558846000054;0
179007;08;1;19;020;2019;07;07;5;3;1;5;0;1;0;0;0;0;1;520558,889578955250000;5406302,373930454300000;9,280012926000040;48,809368816000074;0
179008;08;1;19;020;2019;07;17;5;3;6;4;0;0;1;1;0;0;0;519872,798000002280000;5407553,100000003400000;9,270729018000054;48,820642425000074;0
179011;08;1;15;045;2019;07;10;5;1;6;4;0;0;1;1;0;0;0;499623,788826714270000;5395165,329498708200000;8,994886137000037;48,709520012000041;0
179012;08;1;17;026;2019;07;12;5;3;0;4;0;0;1;1;0;0;0;547945,381158971230000;5394740,290788909400000;9,651653351000050;48,703853590000051;0
179013;08;1;17;026;2019;07;13;5;3;0;1;0;1;0;0;0;0;0;550016,737999999900000;5393516,036000000300000;9,679656055000066;48,692678196000031;0
179016;08;1;11;000;2019;07;19;5;2;5;2;0;1;0;0;0;0;1;514838,092229913920000;5403625,672682356100000;9,201999329000046;48,785452473000078;0
179017;08;1;11;000;2019;07;12;5;2;5;2;0;1;1;0;0;0;0;511118,881956574510000;5400590,146902687800000;9,151285771000062;48,758222669000077;0
179018;08;1;11;000;2019;07;17;5;2;6;4;0;0;1;1;0;0;0;511316,933729428800000;5395678,044178681400000;9,153845597000043;48,714029834000030;0
179019;08;1;11;000;2019;07;10;5;3;0;7;0;1;0;0;0;0;0;512550,883465522900000;5402697,086708875400000;9,170834071000058;48,777149351000048;0
179020;08;4;37;031;2019;07;14;4;3;0;7;0;1;0;0;0;0;0;515065,403545076030000;5346409,657284233700000;9,203025781000065;48,270714573000078;0
179021;08;4;36;010;2019;07;19;4;3;0;1;0;1;0;0;0;0;0;567276,042875826360000;5306618,603724377200000;9,900305855000056;47,909362732000034;0
179023;08;4;35;036;2019;07;16;4;3;0;1;0;1;0;0;0;0;0;520994,656151949430000;5281948,116411289200000;9,279777897000031;47,690578214000027;0
179027;08;4;26;021;2019;07;06;4;3;5;3;0;1;1;0;0;0;0;558814,072401457470000;5327615,084305798600000;9,789956447000066;48,099085865000063;0
179029;08;4;25;140;2019;07;16;4;2;0;1;0;1;0;0;0;0;0;580276,699466431510000;5334905,525110216800000;10,079557885000042;48,162323256000036;0
179030;08;4;26;021;2019;07;15;4;3;3;2;0;1;0;0;0;0;1;558815,485799853690000;5326713,576164715000000;9,789851201000033;48,090975604000050;0
179033;08;4;16;041;2019;07;16;4;3;0;5;0;1;1;0;0;0;0;504286,723522795360000;5374983,432658569900000;9,058061110000040;48,527944809000076;0
179034;08;4;16;041;2019;07;20;4;3;0;7;0;1;0;0;0;0;0;499807,472528734240000;5372142,541506648100000;8,997393641000031;48,502401692000035;0
179036;08;4;16;025;2019;07;19;4;2;2;6;0;1;0;0;0;0;0;502041,777773294600000;5359838,529588300700000;9,027580757000067;48,391705566000041;0
179039;08;3;35;100;2019;07;18;4;3;0;7;0;1;0;0;0;0;0;487733,450226912270000;5286763,557146374100000;8,836397926000075;47,734130282000081;0
179041;08;3;35;043;2019;07;12;4;3;5;2;0;1;1;0;0;0;0;511313,799636852930000;5280674,980278939000000;9,150737022000044;47,679365005000079;0
179042;08;3;35;043;2019;07;18;4;3;2;3;0;1;0;0;1;0;0;512846,402000000700000;5280169,587000003100000;9,171141367000075;47,674789009000051;0
179044;08;4;36;064;2019;07;16;4;2;5;3;0;1;0;0;1;0;0;545114,134999999780000;5290940,620999999300000;9,602116110000054;47,770251019000057;0
179046;08;3;25;057;2019;07;19;4;3;0;1;0;1;0;0;0;0;0;476194,448060704400000;5359446,225997025100000;8,678454520000059;48,387730170000054;0
179047;08;3;17;145;2019;07;15;4;3;6;7;0;0;1;1;0;0;0;447468,534277725960000;5353328,437675006700000;8,291235259000075;48,330956431000061;0
179048;08;3;11;000;2019;07;19;4;3;1;5;0;1;1;0;0;0;1;416471,310265087520000;5315764,066035762400000;7,880460036000045;47,989720266000063;0
179049;08;3;15;015;2019;07;08;4;3;6;4;0;0;1;1;0;0;0;394027,068844465540000;5320824,281514609200000;7,578473672000030;48,031908666000049;0
179050;08;2;36;025;2019;07;08;4;3;5;3;0;1;1;0;0;0;0;489510,666843887420000;5405675,181749383000000;8,857150216000036;48,803978222000069;0
179052;08;1;36;065;2019;07;07;4;3;4;2;0;1;1;0;0;0;0;561118,151613274590000;5405503,661465732400000;9,832272151000041;48,799519076000081;0
179053;08;3;15;109;2019;07;21;4;3;5;2;0;1;1;0;0;0;0;422742,552516294640000;5314282,462593633700000;7,964765634000059;47,977180540000063;0
179054;08;2;12;000;2019;07;18;4;2;5;3;0;1;1;0;0;0;0;455513,545667042020000;5430951,611961556600000;8,391418733000023;49,029842321000046;0
179055;08;2;26;038;2019;07;23;4;3;5;2;2;1;1;0;0;0;0;471831,423174587080000;5480038,957695979600000;8,611190595000039;49,472345167000071;0
179056;08;3;11;000;2019;07;17;4;3;3;6;0;1;0;0;0;0;0;414719,328000001610000;5316391,670000001800000;7,856858207000073;47,995134581000059;0
179058;08;4;15;061;2019;07;21;5;3;0;7;2;1;0;0;0;0;0;515488,869000000880000;5372732,218000000300000;9,209703199000046;48,507515676000025;0
179059;08;3;36;091;2019;07;15;5;3;0;7;0;1;0;0;0;0;0;394961,601000001650000;5271697,955999998400000;7,602910025000028;47,590182403000028;1
179060;08;3;35;002;2019;07;10;5;3;6;7;0;0;1;1;0;0;0;505073,219810522160000;5284642,604253800600000;9,067638224000064;47,715143429000079;0
179061;08;4;36;064;2019;07;12;5;3;3;5;0;1;1;0;0;0;0;546230,455130369400000;5292692,472570398800000;9,617200717000060;47,785933330000034;0
179063;08;3;17;096;2019;07;07;5;3;9;7;0;1;0;0;0;0;0;422596,331539558250000;5368623,412568673500000;7,952883479000036;48,465978655000072;0
179068;08;4;35;034;2019;07;16;5;3;8;1;0;1;0;0;0;0;0;530655,362334636970000;5284302,212033985200000;9,408680554000057;47,711372917000062;0
179069;08;3;16;011;2019;07;18;5;3;0;7;0;1;0;0;0;0;0;415370,085762489590000;5328765,975747961600000;7,863131850000059;48,106532107000078;0
179070;08;3;16;011;2019;07;20;5;3;5;3;0;1;1;0;0;0;0;415014,247849382460000;5329704,909658884600000;7,858165606000057;48,114930646000062;0
179071;08;3;11;000;2019;07;11;5;3;0;2;0;1;1;0;0;0;0;413206,554991042240000;5315420,978606449400000;7,836780852000061;47,986199312000053;0
179073;08;4;21;000;2019;07;14;5;3;0;1;0;1;0;0;0;0;0;572042,297176457940000;5360529,213760271700000;9,973207818000049;48,393806617000052;1
179074;08;4;21;000;2019;07;21;5;2;5;2;2;1;1;0;0;0;0;572026,240275643770000;5361978,455256605500000;9,973239608000029;48,406844753000030;0
179077;08;2;31;000;2019;07;11;5;3;5;3;0;1;1;0;0;0;0;478535,100482515060000;5415324,203530857300000;8,707174472000077;48,890496164000069;1
179078;08;4;21;000;2019;07;16;5;3;0;1;0;1;0;0;0;0;0;573041,867879094560000;5361337,186887340600000;9,986849356000050;48,400959519000025;1
179080;08;2;26;095;2019;07;07;5;2;0;1;0;1;0;0;0;0;0;474585,829594892450000;5460156,592855433000000;8,650479525000037;49,293627848000028;1
179081;08;2;26;013;2019;07;13;5;3;7;7;0;1;0;0;0;0;0;498804,337013750340000;5479190,387229483600000;8,983498690000033;49,465364651000073;1
179089;08;2;12;000;2019;07;11;5;3;0;3;0;1;0;0;0;0;0;453778,697196546010000;5428569,841784361700000;8,367958572000021;49,008290609000028;1
179094;08;1;28;007;2019;07;09;5;3;5;2;0;1;1;0;0;0;0;556078,895152340640000;5482801,332139205200000;9,774418037000032;49,495253735000063;0
179097;08;1;19;085;2019;07;21;5;3;6;6;1;0;1;1;0;0;0;529759,402999999000000;5413631,860000001300000;9,405853916000069;48,874929727000051;0
179100;08;1;19;067;2019;07;06;5;2;5;3;0;1;1;0;0;0;0;538676,725271048020000;5406981,472714562000000;9,526834251000025;48,814614156000061;0
179104;08;1;16;063;2019;07;07;5;3;5;3;0;1;1;0;0;0;0;516265,636391779410000;5383635,662753362200000;9,220645887000046;48,605586105000043;0
179105;08;1;16;004;2019;07;06;5;3;5;3;1;1;1;0;0;0;0;528103,903577469290000;5396619,012685284000000;9,382112805000077;48,721963972000026;0
179106;08;1;16;078;2019;07;08;5;3;1;3;0;1;1;0;0;0;0;510450,219956882300000;5394498,488541990500000;9,142033418000040;48,703433627000038;0
179107;08;1;15;016;2019;07;13;5;3;5;3;0;1;0;0;0;0;0;488629,916837369090000;5378255,542149817600000;8,845909936000055;48,557293332000029;1
179108;08;1;15;003;2019;07;10;5;3;5;2;0;1;1;0;0;0;0;499770,908209919930000;5392471,466316031300000;8,996887435000076;48,685285844000077;1
179111;08;4;36;082;2019;07;16;4;3;2;6;0;1;1;0;0;0;0;547446,182087606750000;5294962,295030461600000;9,633678553000038;47,806266410000035;0
179113;08;4;21;000;2019;07;16;4;2;5;3;0;1;1;0;0;0;0;571944,755601725540000;5360534,211158424600000;9,971891198000037;48,393862707000039;0
179114;08;4;17;013;2019;07;18;4;3;0;1;0;1;0;0;0;0;0;507286,571072654800000;5349326,225040871600000;9,098246515000028;48,297091431000069;0
179115;08;4;16;041;2019;07;10;4;3;0;7;0;1;0;0;0;0;0;503955,390912651080000;5372525,483641276100000;9,053550100000052;48,505834364000066;0
179117;08;4;15;061;2019;07;08;4;3;3;2;0;1;1;0;0;0;0;515972,036842408590000;5371364,238666962800000;9,216192401000058;48,495196774000078;0
179120;08;4;15;050;2019;07;20;4;3;0;1;0;1;0;0;0;0;0;520861,066569808870000;5376337,461035883100000;9,282616760000053;48,539793885000051;0
179121;08;4;15;050;2019;07;12;4;3;1;6;0;1;1;0;0;0;0;520418,790268466810000;5376242,719487870100000;9,276620421000075;48,538956120000080;0
179122;08;3;35;043;2019;07;23;4;2;0;1;2;1;0;0;0;0;0;513116,807147012090000;5278305,456894401500000;9,174687749000043;47,658010750000074;0
179123;08;4;36;082;2019;07;13;4;3;6;4;0;0;1;1;0;0;0;547186,476271087300000;5295675,543670797700000;9,630287848000023;47,812702560000048;0
179124;08;3;26;074;2019;07;09;4;3;0;3;0;1;1;0;0;0;0;459646,039089578200000;5322506,974983666100000;8,458457410000051;48,054566820000048;0
179126;08;3;17;047;2019;07;16;4;2;5;3;0;1;1;0;0;0;0;417963,217357574030000;5362850,994779823300000;7,891349143000070;48,413469616000043;0
179127;08;3;17;001;2019;07;14;4;3;8;7;0;1;0;0;0;0;0;431856,143487109800000;5386457,489887252400000;8,075213629000075;48,627470439000035;0
179130;08;3;15;076;2019;07;15;4;3;0;1;0;1;0;0;0;0;0;392708,779017081480000;5296449,186332479100000;7,566865403000065;47,812447231000078;0
179131;08;3;15;006;2019;07;14;4;3;6;7;0;0;1;1;0;0;0;402689,362991026600000;5307924,895091425600000;7,697559214000023;47,917258879000030;0
179133;08;3;11;000;2019;07;17;4;3;5;2;0;1;0;0;0;0;1;413122,713373018430000;5318259,588093055400000;7,835082674000034;48,011722152000061;0
179134;08;3;11;000;2019;07;09;4;3;6;3;0;1;0;1;0;0;0;413097,862539513970000;5316617,939031098000000;7,835082119000049;47,996951617000036;0
179135;08;3;11;000;2019;07;10;4;3;1;2;0;1;1;0;0;0;0;414763,799440001140000;5316010,603851309000000;7,857529878000037;47,991712666000069;0
179136;08;3;11;000;2019;07;07;4;3;3;6;0;1;0;0;0;0;1;411673,251534515060000;5314567,953446686300000;7,816411225000024;47,978316187000075;0
179137;08;3;11;000;2019;07;15;4;3;2;6;0;1;1;0;0;0;0;413102,542719982560000;5316621,263799795900000;7,835144169000046;47,996982161000062;0
179138;08;2;12;000;2019;07;17;4;3;6;4;0;0;1;1;0;0;0;455494,789352185090000;5427967,757446188500000;8,391489419000038;49,003000950000057;0
179140;08;2;12;000;2019;07;13;4;3;5;2;0;1;1;0;0;0;0;453161,991608319800000;5427130,879608416900000;8,359692095000071;48,995300572000076;0
179142;08;2;31;000;2019;07;13;4;3;6;4;0;0;1;1;0;0;0;478672,082545593380000;5416145,751713689400000;8,709000274000061;48,897891267000034;0
179147;08;2;22;000;2019;07;05;4;3;6;4;1;0;1;1;0;0;0;462405,407999999820000;5486621,502000002200000;8,480462234000072;49,531041126000048;0
179148;08;2;22;000;2019;07;15;4;3;5;3;0;1;1;0;0;0;0;463684,306816278030000;5478012,539996186300000;8,498926290000043;49,453685812000060;0
179149;08;2;26;038;2019;07;15;4;3;5;3;0;1;1;0;0;0;0;471480,001571267840000;5480365,393916698200000;8,606316528000036;49,475264945000049;0
179153;08;2;16;017;2019;07;21;4;3;6;6;2;1;0;1;0;0;0;451192,817432585170000;5401727,507036300400000;8,335806733000027;48,766639744000031;0
179154;08;2;16;043;2019;07;05;4;3;5;3;1;1;1;0;0;0;0;441068,944000001070000;5412548,530999999500000;8,196494650000034;48,863098833000038;0
179157;08;2;12;000;2019;07;08;4;3;5;3;0;1;0;0;0;0;0;458185,693766095680000;5428752,571150835600000;8,428198793000036;49,010248636000028;0
179158;08;1;36;082;2019;07;19;4;2;5;3;0;1;1;0;0;0;0;589364,707571442240000;5414826,697002638100000;10,218874316000040;48,879950340000050;0
179159;08;1;27;076;2019;07;10;4;3;0;1;0;1;0;0;0;0;0;553514,746065158400000;5440858,534769058200000;9,733390614000030;49,118235353000046;0
179161;08;1;21;000;2019;07;18;4;3;4;6;0;1;1;0;0;0;0;513165,990640604870000;5443265,221828319100000;9,180518638000024;49,142072795000047;0
179163;08;1;21;000;2019;07;13;4;3;5;3;0;1;1;0;0;0;0;516205,473985692490000;5441471,353905996300000;9,222120528000062;49,125863672000037;0
179165;08;1;19;085;2019;07;07;4;3;5;3;0;1;1;0;0;0;0;528153,982143981380000;5412620,097655629700000;9,383890340000050;48,865903281000044;0
179167;08;1;18;076;2019;07;07;4;3;0;7;0;1;0;0;0;0;0;504330,374209374190000;5422469,480360593600000;9,059151489000044;48,955129809000027;0
179169;08;1;18;048;2019;07;21;4;3;0;7;1;1;0;0;0;0;0;514764,817690955470000;5414652,198836119800000;9,201399031000051;48,884646857000064;0
179172;08;1;18;050;2019;07;12;4;2;6;4;0;1;0;1;0;0;0;506374,815845802430000;5416268,661451872400000;9,086980924000045;48,899331277000044;0
179174;08;1;16;071;2019;07;17;4;3;5;3;0;1;1;0;0;0;0;527843,709461468270000;5392245,593850234500000;9,378280229000040;48,682632868000042;0
179175;08;1;16;049;2019;07;13;4;3;5;3;0;1;1;0;0;0;0;525448,839606706050000;5384671,274829249800000;9,345279047000076;48,614596502000040;0
179177;08;1;16;019;2019;07;14;4;3;5;3;0;1;1;0;0;0;0;524195,337174728510000;5397799,247093970000000;9,329040499000030;48,732745211000065;0
179178;08;1;15;045;2019;07;12;4;3;5;3;0;1;1;0;0;0;0;499252,173012985850000;5395542,082035668200000;8,989834056000063;48,712908969000068;0
179179;08;1;11;000;2019;07;07;4;3;5;3;0;1;1;0;0;0;0;508491,918665165080000;5397587,429130086700000;9,115480956000056;48,731251602000043;0
179180;08;1;11;000;2019;07;07;4;3;1;5;0;1;1;0;0;0;0;511415,318922905250000;5406522,608538838100000;9,155483912000022;48,811585258000036;0
179182;08;4;36;008;2019;07;11;3;3;0;1;0;1;0;0;0;0;0;547555,858258279040000;5310800,499452415900000;9,636887237000053;47,948751869000034;0
179183;08;4;35;030;2019;07;19;3;3;0;6;0;1;1;0;0;0;0;539987,483276933430000;5272712,707366492600000;9,532025980000071;47,606587765000029;0
179184;08;4;26;021;2019;07;15;3;2;6;4;0;0;1;1;0;0;0;559166,350762678310000;5327802,692256428300000;9,794713588000036;48,100740996000070;0
179185;08;4;21;000;2019;07;09;3;3;0;1;0;1;0;0;0;0;0;572115,935917667110000;5361917,619079748200000;9,974440964000053;48,406287260000056;0
179189;08;4;16;018;2019;07;15;3;3;5;3;0;1;1;0;0;0;0;492448,567315373570000;5362320,081077266500000;8,897949110000070;48,413989030000039;0
179190;08;4;16;011;2019;07;15;3;3;5;2;0;1;0;0;1;0;0;504453,185000000520000;5366282,656999999700000;9,060222975000045;48,449667872000077;0
179191;08;4;15;061;2019;07;14;3;3;6;4;0;0;0;1;0;0;1;516265,904393895530000;5371094,047853905700000;9,220159544000069;48,492758505000040;0
179194;08;3;35;075;2019;07;19;3;3;5;3;0;1;1;0;0;0;0;488955,425226458350000;5289469,292340105400000;8,852626953000026;47,758497364000050;0
179195;08;3;35;075;2019;07;11;3;3;0;1;0;1;0;0;0;0;0;488196,861392184160000;5291319,563511574600000;8,842454846000067;47,775131774000045;0
179196;08;4;36;009;2019;07;18;3;2;0;1;0;1;0;0;0;0;0;562121,327804685570000;5309334,097917938600000;9,831723443000044;47,934312369000054;0
179197;08;3;25;049;2019;07;08;3;3;6;7;0;0;1;1;0;0;0;470696,182829195630000;5335782,610187163600000;8,605831497000054;48,174608197000055;0
179198;08;3;17;059;2019;07;07;3;3;6;6;0;0;1;1;0;0;0;412706,384751827460000;5349085,070347318400000;7,823178048000045;48,288942501000065;0