OBJECTID;ULAND;UREGBEZ;UKREIS;UGEMEINDE;UJAHR;UMONAT;USTUNDE;UWOCHENTAG;UKATEGORIE;UART;UTYP1;ULICHTVERH;IstRad;IstPKW;IstFuss;IstKrad;IstGkfz;IstSonstige;LINREFX;LINREFY;XGCSWGS84;YGCSWGS84;STRZUSTAND
179199;08;3;17;065;2019;07;08;3;3;8;7;0;1;0;0;0;0;0;415264,043999999760000;5354810,163000000600000;7,856500826000058;48,340786762000050;0
179200;08;3;17;096;2019;07;09;3;2;5;3;0;1;1;0;0;0;0;421985,356804392300000;5369943,149268798500000;7,944373435000045;48,477774089000036;0
179201;08;3;15;074;2019;07;21;3;3;1;3;0;1;1;0;0;0;0;397115,232861496510000;5295367,697075299900000;7,625963062000039;47,803438984000081;0
179202;08;3;11;000;2019;07;07;3;3;1;5;0;1;1;0;0;0;0;415669,350707062520000;5315437,715205725300000;7,869777585000065;47,986679340000080;0
179206;08;2;37;054;2019;07;16;3;3;5;2;0;1;1;0;0;0;0;467922,862317185850000;5374897,087832996600000;8,565547362000075;48,526362896000080;0
179207;08;2;31;000;2019;07;14;3;3;5;3;0;1;1;0;0;0;0;475794,187042382550000;5415473,887731250400000;8,669774501000063;48,891741661000026;0
179209;08;2;26;098;2019;07;09;3;3;6;4;0;0;1;1;0;0;0;477999,865790816960000;5459985,183744322500000;8,697441378000065;49,292218492000075;0
179213;08;2;22;000;2019;07;17;3;3;5;2;0;1;1;0;0;0;0;466781,413246877490000;5483283,422575164600000;8,541215124000075;49,501272425000082;0
179214;08;2;21;000;2019;07;19;3;3;0;7;0;1;0;0;0;0;0;473948,444266554900000;5472208,694614540800000;8,640925669000069;49,402008398000078;0
179215;08;2;21;000;2019;07;07;3;3;0;7;0;1;0;0;0;0;0;477793,977462830950000;5472944,157264575400000;8,693887511000071;49,408776227000033;0
179216;08;2;21;000;2019;07;17;3;3;0;1;0;1;0;0;0;0;0;477143,730216492900000;5472178,223030023300000;8,684968003000051;49,401862690000030;0
179217;08;2;21;000;2019;07;08;3;3;0;1;0;1;0;0;0;0;0;477222,728287518960000;5470824,275137061300000;8,686134444000061;49,389687077000076;0
179218;08;2;16;015;2019;07;19;3;3;5;3;0;1;1;0;0;0;0;451237,240083850920000;5404302,299034031100000;8,336105844000031;48,789804407000076;0
179222;08;2;12;000;2019;07;08;3;3;0;7;0;1;0;0;0;0;0;456602,780000001190000;5425519,509000001500000;8,406899365000072;48,981057495000073;0
179223;08;2;12;000;2019;07;16;3;3;6;6;0;1;0;1;0;0;0;455037,822009059600000;5426724,326858229900000;8,385379404000048;48,991783045000034;0
179225;08;1;35;019;2019;07;16;3;3;5;3;0;1;1;0;0;0;0;585786,482003920710000;5391038,825023502100000;10,165118707000033;48,666505303000065;0
179227;08;1;19;067;2019;07;20;3;3;0;1;1;1;0;0;0;0;0;538707,617208403540000;5406311,381881194200000;9,527191824000056;48,808584409000048;0
179228;08;1;18;076;2019;07;16;3;3;6;6;0;1;0;1;0;0;0;506249,495118560270000;5422855,723939113300000;9,085371953000049;48,958587910000062;0
179229;08;1;18;073;2019;07;07;3;2;0;1;0;1;0;0;0;0;0;497351,701780225150000;5420588,646245937800000;8,963837338000076;48,938219886000070;0
179230;08;1;18;003;2019;07;09;3;3;6;4;0;1;0;1;0;0;0;510246,350378433240000;5416545,572031606000000;9,139812740000025;48,901770354000064;0
179233;08;1;16;035;2019;07;15;3;3;0;1;0;1;0;0;0;0;0;526756,308137835000000;5391633,241088433200000;9,363467648000039;48,677171741000052;0
179234;08;1;16;033;2019;07;19;3;3;5;3;0;1;1;0;0;0;0;532267,770491755570000;5388331,228175871100000;9,438077811000028;48,647206679000078;0
179235;08;1;16;033;2019;07;17;3;3;5;3;0;1;1;0;0;0;0;534051,122402151120000;5387954,600124554700000;9,462257414000021;48,643723955000041;0
179239;08;1;11;000;2019;07;07;3;3;5;2;0;1;1;0;0;0;0;512844,578340786510000;5402283,432373501400000;9,174818705000064;48,773422152000080;0
179240;08;1;11;000;2019;07;17;3;2;6;7;0;0;0;1;0;1;0;512611,048600682990000;5402367,139297857900000;9,171642875000032;48,774179951000065;0
179247;08;1;11;000;2019;07;10;3;3;0;1;0;1;0;0;0;0;0;513524,332030818800000;5402236,761032693100000;9,184068781000065;48,772987896000075;0
179248;08;4;35;034;2019;07;18;2;3;5;3;0;1;1;0;0;0;0;529014,151554783810000;5284939,403997965200000;9,386843788000022;47,717181842000059;0
179249;08;4;35;057;2019;07;15;2;3;5;3;0;1;1;0;0;0;0;543919,636742871250000;5279386,768710186700000;9,585009758000069;47,666381680000029;0
179250;08;4;25;033;2019;07;17;2;3;5;3;0;1;1;0;0;0;0;553417,272066709590000;5348563,160058032700000;9,720111832000043;48,288013789000047;0
179251;08;4;16;048;2019;07;16;2;3;0;6;0;1;1;0;0;0;0;497712,989948027770000;5377583,363965742300000;8,969009535000055;48,551345142000059;0
179252;08;4;15;061;2019;07;20;2;2;5;3;0;1;1;0;0;0;0;515924,554078569640000;5370428,324089275700000;9,215514011000039;48,486778163000054;0
179253;08;4;16;015;2019;07;07;2;3;4;2;0;1;1;0;0;0;0;507467,925788542260000;5367539,424312681000000;9,101015418000031;48,460945770000080;0
179254;08;4;15;061;2019;07;20;2;3;2;5;0;1;1;0;0;0;0;515530,218452237550000;5372827,969773102600000;9,210266587000035;48,508376070000054;0
179255;08;4;15;014;2019;07;17;2;3;0;1;0;1;0;0;0;0;0;525595,126229878520000;5375167,847530923800000;9,346678810000071;48,529096533000029;0
179257;08;3;35;063;2019;07;13;2;3;6;4;0;0;0;1;0;0;1;497849,840837652800000;5287251,326749790500000;8,971320315000071;47,738632066000037;0
179261;08;3;11;000;2019;07;16;2;2;0;1;0;1;0;0;0;0;0;414602,724000001330000;5317818,773000000000000;7,855011439000066;48,007956361000026;0
179262;08;3;11;000;2019;07;14;2;3;6;1;0;0;1;1;0;0;0;411397,602798406970000;5318493,997635211800000;7,811907727000062;48,013593851000053;0
179263;08;3;11;000;2019;07;13;2;3;5;3;0;1;1;0;0;0;0;413783,769765493460000;5316253,038520356600000;7,844348027000024;47,993762070000059;0
179264;08;3;15;109;2019;07;14;2;3;0;7;0;1;0;0;0;0;0;423200,370569367890000;5314672,415226686700000;7,970829553000044;47,980743585000027;0
179266;08;3;11;000;2019;07;09;2;3;1;5;0;1;1;0;0;0;0;414355,231921270490000;5315961,266388757200000;7,852064591000044;47,991214265000053;0
179267;08;2;12;000;2019;07;13;2;3;5;3;0;1;1;0;0;0;0;455525,869734115900000;5430730,749442465600000;8,391611542000021;49,027856537000048;0
179271;08;2;22;000;2019;07;22;2;2;6;4;2;0;1;1;0;0;0;464675,371577676390000;5483986,191307095800000;8,512066615000038;49,507474479000052;0
179272;08;2;22;000;2019;07;12;2;2;1;3;0;1;1;0;0;0;0;461958,284011545590000;5484090,733121153000000;8,474527455000043;49,508250409000027;0
179273;08;2;21;000;2019;07;14;2;3;3;6;0;1;0;0;0;0;0;474720,083776456300000;5472823,508896511000000;8,651522001000046;49,407571078000046;0
179274;08;2;21;000;2019;07;12;2;3;5;3;0;1;1;0;0;0;0;476975,085859483110000;5472414,323128053900000;8,682629899000062;49,403980018000027;0
179275;08;2;21;000;2019;07;16;2;3;6;4;0;1;0;1;0;0;0;477771,357689606030000;5472938,453721012900000;8,693576019000034;49,408724099000040;0
179276;08;2;26;041;2019;07;14;2;2;5;3;0;1;1;0;0;0;0;476165,337664018390000;5466150,844450932000000;8,671844006000072;49,347609603000080;0
179277;08;2;21;000;2019;07;09;2;3;3;2;0;1;1;0;0;0;0;476508,474926120600000;5473860,816982854200000;8,676112759000034;49,416973152000025;0
179279;08;2;12;000;2019;07;14;2;3;0;7;0;1;0;0;0;0;0;456705,276992183180000;5428398,827950883700000;8,407993266000062;49,006964580000044;0
179281;08;1;36;019;2019;07;15;2;3;5;3;0;1;0;0;0;0;1;582895,222156792880000;5423727,494885541500000;10,132462225000040;48,960902846000067;0
179282;08;1;36;010;2019;07;22;2;3;6;7;2;0;1;1;0;0;0;599415,840000000780000;5412920,018000001100000;10,355463524000072;48,861272650000046;0
179287;08;1;21;000;2019;07;11;2;3;1;5;0;1;1;0;0;0;0;513911,505726050590000;5442061,765638442700000;9,190698789000066;49,131230849000076;0
179288;08;1;21;000;2019;07;18;2;3;4;6;0;1;0;0;0;0;1;514156,614000000060000;5441634,520000001400000;9,194043712000052;49,127382022000063;0
179289;08;1;21;000;2019;07;07;2;3;1;7;0;1;1;0;0;0;0;517080,300205546430000;5443583,898071855300000;9,234200751000060;49,144843011000034;0
179290;08;1;19;020;2019;07;18;2;3;5;3;0;1;0;0;0;0;0;519183,421322171580000;5409150,263547381400000;9,261412403000065;48,835031850000064;0
179294;08;1;18;048;2019;07;15;2;2;2;6;0;1;1;0;0;0;0;513131,319912199860000;5415856,339915346400000;9,179156173000024;48,895515765000027;0
179296;08;1;17;019;2019;07;16;2;3;5;3;0;1;1;0;0;0;0;551925,263285469260000;5393655,781358623900000;9,705605740000067;48,693779359000075;0
179297;08;1;16;046;2019;07;18;2;3;5;3;0;1;1;0;0;0;0;527375,738560775290000;5379042,766417717600000;9,371050942000068;48,563880692000055;0
179301;08;1;15;015;2019;07;13;2;3;6;4;0;0;1;1;0;0;0;492686,680279518480000;5387667,404560500800000;8,900722264000024;48,642025071000035;0
179303;08;1;11;000;2019;07;08;2;2;6;4;0;1;0;1;0;0;0;515502,758975400590000;5394719,122886810500000;9,210712521000062;48,705313340000032;0
179304;08;1;11;000;2019;07;08;2;3;5;2;0;1;1;0;0;0;0;514837,861100679260000;5403625,642888419300000;9,201996182000073;48,785452210000074;0
179305;08;1;11;000;2019;07;18;2;3;5;2;0;1;1;0;0;0;0;507786,112239493060000;5396926,498183032500000;9,105870284000048;48,725315068000043;0
179309;08;4;36;081;2019;07;13;1;3;0;1;0;1;0;0;0;0;0;559617,359625709240000;5282563,836475951600000;9,794519374000061;47,693708659000038;0
179310;08;4;36;081;2019;07;12;1;3;0;1;0;1;0;0;0;0;0;556825,754828556440000;5274617,149734228800000;9,756285921000028;47,622464355000034;0
179313;08;4;16;026;2019;07;17;4;3;1;6;0;1;1;0;0;0;0;505305,926367632110000;5363716,242523429900000;9,071722569000031;48,426572535000048;0
179316;08;3;26;074;2019;07;08;4;3;6;7;0;1;0;1;0;0;0;464865,125766370450000;5323031,069465233000000;8,528450880000037;48,059590745000037;0
179318;08;4;26;134;2019;07;15;4;3;0;1;0;0;0;1;1;0;0;561253,883382264520000;5337941,939377686000000;9,824209241000062;48,191756621000081;0
179319;08;4;26;021;2019;07;09;4;2;5;3;0;1;0;0;0;0;0;559595,307116493580000;5326687,691769672600000;9,800318995000055;48,090670289000059;0
179320;08;3;17;096;2019;07;12;4;3;0;1;0;1;0;0;0;0;0;420616,082481705580000;5367518,159687450200000;7,926309223000033;48,455790215000036;0
179321;08;3;15;050;2019;07;10;4;2;6;4;0;1;0;1;0;0;0;398897,123000000600000;5303749,164999999100000;7,647795410000072;47,879112067000051;0
179322;08;3;15;022;2019;07;22;4;3;0;1;2;1;0;0;0;0;0;398280,529594862830000;5299611,919163022200000;7,640524600000049;47,841800681000052;0
179323;08;3;11;000;2019;07;20;4;3;2;1;0;1;1;0;0;0;0;414289,539716899390000;5315468,458925467000000;7,851282662000074;47,986772467000037;0
179324;08;3;11;000;2019;07;11;4;3;5;3;0;1;1;0;0;0;0;411306,244870641270000;5319763,286313427600000;7,810420291000071;48,024998702000062;0
179325;08;3;11;000;2019;07;12;4;3;3;6;0;1;0;0;0;0;0;413576,682726972740000;5319010,240000991200000;7,841017220000026;48,018536065000035;0
179326;08;3;36;091;2019;07;15;4;3;5;3;0;1;1;0;0;0;0;395486,279036524710000;5271857,281564338100000;7,609848557000021;47,591700339000056;0
179327;08;3;11;000;2019;07;08;4;3;2;1;0;1;1;0;0;0;0;414459,186636398550000;5316052,628158768600000;7,853439447000028;47,992050015000075;0
179328;08;2;12;000;2019;07;16;4;3;1;5;0;1;1;0;0;0;0;452922,725916618480000;5428375,751504521800000;8,356277083000066;49,006480055000054;0
179329;08;2;37;040;2019;07;19;4;3;0;7;0;0;1;1;0;0;0;474099,478994441220000;5365601,112130884100000;8,649777865000033;48,443019217000028;0
179330;08;2;36;076;2019;07;10;4;3;8;6;0;1;1;0;0;0;0;472752,381721779700000;5423086,594131752800000;8,627769190000038;48,960095794000040;0
179331;08;2;31;000;2019;07;07;4;3;6;2;0;0;1;1;0;0;0;478264,200536295770000;5415146,931311396900000;8,703488319000030;48,888892039000041;0
179334;08;2;26;096;2019;07;20;4;3;5;2;0;1;0;0;0;0;0;476033,230808970520000;5489142,183243030700000;8,668634129000054;49,554406014000051;0
179335;08;2;26;012;2019;07;13;4;2;5;3;0;1;1;0;0;0;0;476354,687312502410000;5476908,251229193100000;8,673810762000073;49,444378245000053;0
179337;08;2;12;000;2019;07;17;4;3;5;2;0;1;1;0;0;0;0;459486,000689341690000;5427202,273917537200000;8,446133984000028;48,996390160000033;0
179338;08;2;16;043;2019;07;10;4;3;3;6;0;1;1;0;0;0;0;440805,592462495900000;5412946,430266719300000;8,192846751000047;48,866652834000035;0
179339;08;1;18;007;2019;07;18;4;2;6;4;0;0;1;1;0;0;0;510239,757721051570000;5427561,885438891100000;9,139999780000039;49,000869539000064;0
179341;08;1;36;065;2019;07;17;4;3;0;7;0;1;0;0;0;0;0;558862,684442022820000;5402890,102658353700000;9,801187315000050;48,776227596000069;0
179342;08;1;36;019;2019;07;14;4;3;4;6;0;1;0;0;0;0;1;582647,311847490260000;5423646,881595505400000;10,129059753000035;48,960211010000080;0
179348;08;1;19;008;2019;07;12;4;3;6;1;0;0;1;1;0;0;0;531300,374361211430000;5421141,770613083600000;9,427444688000037;48,942409318000045;0
179350;08;1;18;048;2019;07;17;4;3;0;7;0;1;0;0;0;0;0;513422,525318357160000;5415002,015821544500000;9,183101125000064;48,887824246000037;0
179351;08;1;16;071;2019;07;07;4;3;8;1;0;1;0;0;0;0;0;528047,928713653240000;5390864,472510797900000;9,380960963000064;48,670199260000061;0
179352;08;1;16;041;2019;07;07;4;3;5;3;0;1;1;0;0;0;0;519620,130668869240000;5384743,782348312400000;9,266202051000050;48,615458723000074;0
179353;08;1;16;078;2019;07;19;4;3;1;7;0;1;1;0;0;0;0;512433,147720512000000;5390448,155055122400000;9,168862267000066;48,666960164000045;0
179354;08;4;15;061;2019;07;14;4;3;6;2;0;0;1;1;0;0;1;513066,832904708570000;5371467,937083320700000;9,176871948000041;48,496196822000059;0
179355;08;1;15;022;2019;07;11;4;2;0;3;0;1;0;0;0;1;0;498265,245929553170000;5386107,330390887300000;8,976457364000055;48,628030727000066;0
179356;08;1;15;003;2019;07;08;4;3;5;3;0;1;1;0;0;0;0;500766,675189487640000;5392886,838989287600000;9,010417236000023;48,689022152000064;0
179357;08;1;15;003;2019;07;15;4;3;5;3;0;1;1;0;0;0;0;502041,282239371910000;5393655,067223146600000;9,027739815000075;48,695930341000064;0
179361;08;1;11;000;2019;07;18;4;3;1;5;0;1;1;0;0;0;0;509567,175795065240000;5406826,914088692500000;9,130318195000029;48,814353961000052;0
179364;08;1;11;000;2019;07;19;4;3;5;2;0;1;1;0;0;0;0;511417,996204053050000;5400966,576998706900000;9,155366008000044;48,761603605000062;0
179366;08;4;37;078;2019;07;07;3;3;5;7;0;1;1;0;0;0;0;508456,250227421520000;5315686,725470308200000;9,113349188000029;47,994424310000056;0
179369;08;4;35;030;2019;07;18;3;3;0;1;0;1;0;0;0;0;0;539807,879385004750000;5273396,084235511700000;9,529698570000051;47,612747449000040;0
179370;08;4;35;030;2019;07;13;3;3;4;1;0;1;1;0;0;0;0;539805,122785742390000;5273395,092844342800000;9,529661801000032;47,612738698000044;0
179371;08;4;35;059;2019;07;10;3;2;2;6;0;1;1;0;0;0;0;511928,289169532250000;5290359,445396773500000;9,159189259000073;47,766490794000049;0
179374;08;4;15;061;2019;07;12;3;3;0;1;0;1;0;0;0;0;0;516479,497771100140000;5372065,693186458200000;9,223088864000033;48,501494188000038;0
179377;08;3;36;057;2019;07;16;3;3;0;7;0;1;1;0;0;0;0;408177,696388388050000;5277677,367907609800000;7,777396401000033;47,645977747000074;0
179379;08;3;35;098;2019;07;17;3;3;0;1;0;1;0;0;0;0;0;501972,989080314520000;5294710,549004947800000;9,026350402000048;47,805747320000080;0
179380;08;3;35;075;2019;07;20;3;3;5;2;1;1;1;0;0;0;0;488507,288980219510000;5288787,239120559800000;8,846665308000070;47,752352729000052;0
179381;08;3;35;075;2019;07;12;3;3;1;5;0;1;1;0;0;0;0;490792,479138799010000;5288916,278493246100000;8,877151291000075;47,753550451000081;0
179383;08;3;25;057;2019;07;16;3;3;0;1;0;1;0;0;0;0;0;472120,662831942550000;5356111,705301793300000;8,623651519000021;48,357564530000047;0
179384;08;3;26;074;2019;07;17;3;2;6;4;0;0;1;1;0;0;0;464474,746000000280000;5323668,567999998100000;8,523158768000030;48,065304556000058;0
179386;08;3;17;096;2019;07;04;3;3;0;7;2;1;0;0;0;0;0;421468,387698775160000;5368804,137131026000000;7,937593437000032;48,467464430000064;0
179387;08;3;15;064;2019;07;23;3;3;1;7;2;1;1;0;0;0;0;423958,143103864040000;5312746,349320765600000;7,981323437000071;47,963507597000046;0
179389;08;2;12;000;2019;07;15;3;3;6;7;0;1;0;1;0;0;0;456992,485221457670000;5428935,009025739500000;8,411863493000055;49,011807679000071;0
179390;08;2;15;017;2019;07;18;3;2;5;3;0;1;1;0;0;0;0;456648,976000000720000;5421349,299000000600000;8,407974866000075;48,943548889000056;0
179391;08;2;12;000;2019;07;14;3;3;4;6;0;1;0;0;0;0;0;455859,449077082800000;5427428,416949782500000;8,396533663000071;48,998175705000051;0
179392;08;2;35;079;2019;07;15;3;3;6;4;0;0;1;1;0;0;0;468951,217019105330000;5402666,236230045600000;8,577392483000040;48,776223642000048;0
179394;08;2;31;000;2019;07;11;3;3;5;3;0;1;1;0;0;0;0;475664,284582044000000;5416578,895058445600000;8,667936516000054;48,901676807000058;0
179395;08;2;36;076;2019;07;12;3;3;6;7;0;0;0;1;0;0;1;472260,664621153850000;5423239,521315384700000;8,621041553000055;48,961449578000042;0
179401;08;2;22;000;2019;07;17;3;3;5;5;0;1;0;0;1;0;0;460545,813392505980000;5486069,070347841800000;8,454820057000063;49,525954108000064;0
179404;08;2;21;000;2019;07;18;3;3;3;2;0;1;0;0;0;1;0;476608,116951888430000;5471965,991403946700000;8,677598171000057;49,399933350000026;0
179405;08;1;15;029;2019;07;16;3;3;6;7;0;0;1;1;0;0;0;497258,714131332930000;5398514,047501163600000;8,962715263000064;48,739639323000063;0
179406;08;1;36;020;2019;07;19;3;3;4;1;0;1;1;0;0;0;0;563208,021264115350000;5418397,879177343100000;9,862718424000036;48,915291282000055;0
179408;08;1;36;015;2019;07;06;3;3;0;2;0;1;0;0;0;0;0;558177,530517588370000;5411574,527000544600000;9,793093884000029;48,854408826000054;0
179409;08;1;35;020;2019;07;15;3;3;5;3;0;1;1;0;0;0;0;586313,346000000830000;5386322,061999999000000;10,171289865000062;48,624008782000033;0
179412;08;1;21;000;2019;07;07;3;3;5;2;0;1;1;0;0;0;0;513917,699852204880000;5443318,736499296500000;9,190827098000057;49,142537604000040;0
179414;08;1;18;048;2019;07;07;3;3;8;7;0;1;0;0;0;0;0;514638,303229309620000;5415615,765351735100000;9,199707842000066;48,893317848000038;0
179415;08;1;18;048;2019;07;11;3;3;0;7;0;1;0;0;0;0;0;513434,954264514150000;5414994,856971994000000;9,183270436000043;48,887759578000043;0
179416;08;1;18;046;2019;07;15;3;3;5;7;0;1;0;0;0;0;1;513115,674080344850000;5412479,548149779400000;9,178834382000048;48,865139287000034;0
179417;08;1;18;079;2019;07;10;3;3;4;5;0;1;1;0;0;0;0;510111,608011697420000;5423220,825895370900000;9,138139735000038;48,961821132000068;0
179418;08;1;16;033;2019;07;07;3;3;5;3;0;1;1;0;0;0;0;534045,611904881890000;5387378,655608097100000;9,462135275000037;48,638543124000080;0
179419;08;1;16;033;2019;07;20;3;3;6;4;0;0;1;1;0;0;0;535022,843000001270000;5387719,498999999800000;9,475428559000022;48,641555323000034;0
179421;08;1;15;045;2019;07;19;3;3;4;2;0;1;1;0;0;0;0;500778,168999999760000;5395109,069000003900000;9,010577596000076;48,709013516000027;0
179422;08;1;15;028;2019;07;18;3;3;5;3;0;1;1;0;0;0;0;500087,826752012600000;5405007,729834012700000;9,001195935000055;48,798062378000054;0
179423;08;1;15;051;2019;07;12;3;3;5;3;0;1;1;0;0;0;0;503982,210052742620000;5385349,173347383700000;9,054035942000041;48,621199920000038;0
179425;08;1;11;000;2019;07;21;3;3;0;7;2;1;0;0;0;0;0;515092,764302433470000;5403698,561567487200000;9,205468978000056;48,786102045000064;0
179426;08;1;11;000;2019;07;12;3;3;5;3;0;1;1;0;0;0;0;516170,324000000020000;5405375,753000000500000;9,220204507000062;48,801162764000026;0
179427;08;1;11;000;2019;07;15;3;3;5;3;0;1;1;0;0;0;0;512202,000140363350000;5403209,318996699500000;9,166100533000076;48,781764295000073;0
179430;08;1;11;000;2019;07;16;3;3;6;2;0;0;1;1;0;0;0;514338,782342076300000;5408880,817758964400000;9,195385571000031;48,832738753000058;0
179431;08;1;11;000;2019;07;14;3;3;8;1;0;1;0;0;0;0;0;515430,772073454220000;5403609,280082484700000;9,210067143000060;48,785290584000052;0
179433;08;4;36;064;2019;07;16;2;3;5;3;0;1;1;0;0;0;0;546390,112999999900000;5293364,578000001600000;9,619403951000038;47,791968777000079;0
179434;08;4;35;059;2019;07;07;2;3;0;6;0;0;0;1;0;0;1;512848,782401787120000;5290896,591829564400000;9,171489554000061;47,771306079000055;0
179435;08;4;35;030;2019;07;16;2;3;0;7;0;1;0;0;0;0;1;539807,307807152160000;5273395,878671638700000;9,529690946000073;47,612745634000078;0
179438;08;4;15;061;2019;07;17;2;3;5;3;0;1;1;0;0;0;0;514724,146610653030000;5375765,188557328700000;9,199456816000065;48,534819625000068;0
179439;08;4;15;059;2019;07;15;2;3;1;5;0;1;1;0;0;0;0;516195,294316099960000;5367475,951118217800000;9,219063662000053;48,460210584000038;0
179440;08;3;37;066;2019;07;14;2;3;0;7;0;1;0;0;0;0;1;428875,446999999690000;5269039,041999999400000;8,054342189000067;47,570868107000081;0
179442;08;3;35;043;2019;07;15;2;3;6;4;0;0;0;1;1;0;0;511058,141231715680000;5281029,337023545100000;9,147339800000054;47,682557810000048;0
179444;08;3;16;014;2019;07;21;2;3;4;6;0;1;0;0;0;0;0;426390,699981729500000;5331132,768350850800000;8,010742984000046;48,129192069000055;0
179445;08;3;11;000;2019;07;17;2;3;5;3;0;1;1;0;0;0;0;414179,956020045090000;5320757,269282247900000;7,848755784000048;48,034332492000033;0
179446;08;3;36;091;2019;07;16;2;3;5;3;0;1;1;0;0;0;0;397602,985273386350000;5271805,316007480000000;7,638007003000041;47,591570605000072;0
179448;08;3;11;000;2019;07;16;2;3;5;3;0;1;1;0;0;0;0;413842,145739139060000;5320163,841457273800000;7,844344511000031;48,028948933000038;0
179450;08;2;12;000;2019;07;17;2;3;6;2;0;0;1;1;0;0;0;452907,102405677550000;5428002,129005707800000;8,356106798000042;49,003118114000074;0
179451;08;2;12;000;2019;07;11;2;3;5;3;0;1;1;0;0;0;0;456348,292316935030000;5424565,268873935600000;8,403523959000040;48,972456016000081;0
179453;08;2;36;019;2019;07;15;2;2;0;7;0;1;0;0;0;0;0;488026,927407500330000;5409369,279946755600000;8,836836049000056;48,837183005000043;0
179456;08;2;26;036;2019;07;08;2;3;0;1;0;1;0;0;0;0;0;468573,949615195390000;5480894,351270748300000;8,566161187000034;49,479879233000077;0
179457;08;2;22;000;2019;07;08;2;3;0;7;0;1;0;0;0;0;0;461873,892717774030000;5481485,233483148700000;8,473613213000022;49,484810048000043;0
179460;08;2;16;007;2019;07;12;2;3;0;4;0;0;0;1;0;0;1;436628,726408966820000;5394050,235699946100000;8,138812056000063;48,696269995000080;0
179461;08;2;15;110;2019;07;12;2;3;0;7;0;1;0;0;0;0;0;461781,006132707000000;5419104,917155772400000;8,478267837000033;48,923698308000041;0
179464;08;1;28;131;2019;07;12;2;3;6;7;0;0;1;1;0;0;0;536874,337957746350000;5512297,033109745000000;9,512000912000076;49,762017461000028;0
179465;08;1;25;069;2019;07;16;2;3;0;7;0;1;0;0;0;0;0;524071,798678330150000;5453848,668641220800000;9,330679812000028;49,236942112000065;0
179470;08;1;19;020;2019;07;08;2;3;5;3;0;1;1;0;0;0;0;520118,690495489170000;5405702,907123716500000;9,273988088000067;48,803990530000078;0
179472;08;1;18;027;2019;07;08;2;2;5;3;0;1;1;0;0;0;0;503457,588645842860000;5412373,172349665300000;9,047144005000064;48,864311393000037;0
179473;08;1;15;001;2019;07;18;2;3;6;4;0;0;1;1;0;0;0;489325,190165109930000;5391684,463377395600000;8,854986808000035;48,678114649000065;0
179476;08;1;11;000;2019;07;15;2;3;3;6;0;1;1;0;0;0;0;515938,215752613730000;5410576,181928508000000;9,217245836000075;48,847950917000048;0
179477;08;4;35;029;2019;07;12;1;2;6;6;0;1;0;1;0;0;0;546463,762000000100000;5271375,109000001100000;9,618045087000041;47,594121035000057;0
179479;08;4;35;016;2019;07;02;1;3;6;7;2;0;0;1;0;0;1;535555,028005968780000;5277823,722148750000000;9,473470352000049;47,652832273000058;0
179481;08;4;21;000;2019;07;11;1;3;0;2;0;1;0;0;0;0;0;573651,902519637720000;5361761,513593860000000;9,995164546000069;48,404705440000043;0
179483;08;4;15;053;2019;07;01;1;3;9;1;2;1;0;0;0;0;0;536487,834451610220000;5362213,416055323600000;9,493082227000059;48,412018189000037;0
179484;08;3;35;075;2019;07;13;1;3;5;3;0;1;1;0;0;0;0;488771,096079635430000;5289706,092173595000000;8,850161252000021;47,760624795000069;0
179485;08;3;35;043;2019;07;18;1;3;0;1;0;1;0;0;0;0;0;515487,363542462700000;5279289,789491742800000;9,206293172000073;47,666815030000066;0
179486;08;3;35;043;2019;07;16;1;3;0;1;0;1;0;0;0;0;0;515026,805429690520000;5280894,048131428700000;9,200213739000049;47,681260447000057;0
179487;08;3;11;000;2019;07;14;1;3;3;2;0;1;0;0;0;0;0;414299,404881232420000;5317798,913704695200000;7,850949415000059;48,007737116000044;0
179488;08;2;12;000;2019;07;17;1;3;1;6;0;1;1;0;0;0;0;455806,221049173740000;5427653,153924970000000;8,395781547000070;49,000193433000049;1
179494;08;2;16;007;2019;07;01;1;3;4;6;2;1;1;0;0;0;0;435739,081330403690000;5394687,260393204200000;8,126624493000065;48,701909060000048;0
179496;08;1;18;080;2019;07;18;1;3;0;7;0;1;0;0;0;0;0;507002,505956459790000;5410918,824347229700000;9,095453800000030;48,851198437000050;0
179497;08;1;17;026;2019;07;15;1;3;1;1;0;1;0;0;0;0;0;550381,433644135480000;5391374,643974419700000;9,684350348000066;48,673386026000060;0
179498;08;1;17;026;2019;07;15;1;3;0;1;0;1;0;0;0;0;0;544516,163005306390000;5391109,921117845900000;9,604656564000038;48,671450399000037;0
179499;08;1;17;015;2019;07;10;1;3;0;7;0;1;0;0;0;0;0;559070,641551252450000;5392224,537649171400000;9,802489429000048;48,680269449000036;0
179501;08;1;16;033;2019;07;13;1;2;5;3;0;1;1;0;0;0;0;535866,018319932740000;5385067,636142008000000;9,486644629000068;48,617651691000049;0