OBJECTID;ULAND;UREGBEZ;UKREIS;UGEMEINDE;UJAHR;UMONAT;USTUNDE;UWOCHENTAG;UKATEGORIE;UART;UTYP1;ULICHTVERH;IstRad;IstPKW;IstFuss;IstKrad;IstGkfz;IstSonstige;LINREFX;LINREFY;XGCSWGS84;YGCSWGS84;STRZUSTAND
179806;08;2;16;009;2019;07;11;5;2;5;3;0;1;1;0;0;0;0;446649,360551164490000;5419909,112440591700000;8,271613670000022;48,929812740000045;0
179808;08;1;36;028;2019;07;19;5;3;2;6;0;1;0;0;0;0;0;568442,866640846240000;5405149,746988091600000;9,931943919000048;48,795572424000056;0
179809;08;1;35;019;2019;07;04;5;3;6;3;2;0;1;1;0;0;0;585221,329039540140000;5391848,055202918100000;10,157611393000025;48,673861129000045;0
179810;08;1;35;026;2019;07;16;5;2;1;5;0;1;0;0;0;1;0;591081,036616466010000;5395480,151721499900000;10,237989156000026;48,705700973000035;0
179811;08;1;25;013;2019;07;07;5;3;3;6;0;0;1;1;0;0;0;504804,967181675140000;5435852,976426702000000;9,065792738000027;49,075518701000078;0
179812;08;1;21;000;2019;07;12;5;3;0;7;0;1;0;0;0;0;0;513945,485252267680000;5443055,608659591500000;9,191198959000076;49,140170048000073;0
179814;08;1;18;081;2019;07;12;5;3;0;5;0;1;0;0;0;1;0;519286,283133345660000;5415452,614890735600000;9,263111112000047;48,891722951000077;0
179815;08;1;18;079;2019;07;20;5;3;8;7;0;1;0;0;0;0;0;509793,362138503230000;5421846,438004039200000;9,133758972000067;48,949462727000025;0
179816;08;1;18;079;2019;07;11;5;2;6;4;0;1;0;1;0;0;0;509616,338379824530000;5422468,898685567100000;9,131355865000046;48,955064955000068;0
179818;08;1;17;018;2019;07;17;5;3;3;6;0;1;1;0;0;0;0;539637,571067222390000;5396297,542677220000000;9,538892446000034;48,718445414000030;0
179820;08;1;17;049;2019;07;17;5;3;0;1;0;1;1;0;0;0;0;555731,857779698450000;5392424,125821532700000;9,757162384000026;48,682371825000075;0
179821;08;1;17;019;2019;07;19;5;2;5;3;0;1;1;0;0;0;0;553382,440905214290000;5392888,607598697800000;9,725306379000074;48,686755370000071;0
179822;08;1;16;049;2019;07;12;5;3;0;1;0;1;0;0;0;0;0;524951,552776631900000;5384547,141603581600000;9,338524729000028;48,613499821000062;0
179823;08;1;16;022;2019;07;14;5;2;4;2;0;1;1;0;0;0;0;522327,273855451490000;5382206,707437332700000;9,302795067000034;48,592544160000045;0
179826;08;1;11;000;2019;07;18;5;2;3;3;0;1;0;0;0;0;1;517297,360263949260000;5408784,205713391300000;9,235695849000024;48,831794278000075;0
179827;08;1;11;000;2019;07;12;5;3;5;2;0;1;1;0;0;0;0;513126,648980746980000;5401604,761996569100000;9,178636096000048;48,767310992000034;0
179828;08;1;11;000;2019;07;15;5;3;3;7;0;1;1;0;0;0;0;515721,850085883400000;5396198,203547194600000;9,213746725000021;48,718613674000039;0
179829;08;4;36;081;2019;07;08;4;3;0;1;0;1;0;0;0;0;0;557575,410623314790000;5280618,094168547500000;9,767052227000022;47,676388246000045;0
179830;08;4;36;049;2019;07;15;4;3;0;1;0;1;0;0;0;0;0;577580,492000000550000;5281989,615000002100000;10,033776014000068;47,686635723000052;0
179831;08;2;16;028;2019;07;12;7;3;5;3;0;1;1;0;0;0;0;426518,655013580810000;5396844,561627980300000;8,000943416000041;48,720295332000035;0
179836;08;1;21;000;2019;07;15;7;3;6;4;0;0;1;1;0;0;0;513901,323764227330000;5442455,317659312900000;9,190572785000029;49,134771221000051;0
179838;08;1;19;020;2019;07;18;7;2;6;4;0;0;1;1;0;0;0;519582,348645675000000;5410166,254753964000000;9,266897078000056;48,844159019000074;0
179842;08;1;15;028;2019;07;12;7;3;5;3;0;1;1;0;0;0;0;500988,646597512070000;5404794,490648552800000;9,013461861000053;48,796143313000073;0
179843;08;1;15;024;2019;07;13;7;3;3;6;0;1;1;0;0;0;0;500588,709019932900000;5386951,919344531400000;9,007990668000048;48,635630942000034;0
179845;08;4;35;030;2019;07;13;6;3;6;4;0;0;1;1;0;0;0;540547,808764872140000;5271664,500936120700000;9,539383714000053;47,597121800000082;0
179846;08;4;37;100;2019;07;08;6;2;5;3;0;1;1;0;0;0;0;535575,258911477400000;5316388,438751472200000;9,476907652000023;47,999803730000053;0
179848;08;4;25;066;2019;07;14;6;3;5;3;0;1;1;0;0;0;0;578285,141346196640000;5346257,811486849600000;10,054875893000030;48,264689185000066;0
179850;08;4;21;000;2019;07;16;6;3;0;1;0;1;0;0;0;0;0;572861,464550506320000;5360438,255619185000000;9,984256347000041;48,392894300000080;0
179851;08;4;17;025;2019;07;09;6;2;5;3;0;1;1;0;0;0;0;486118,009497039950000;5359121,898844137800000;8,812503390000074;48,385108872000046;0
179853;08;4;15;061;2019;07;03;6;3;6;7;2;0;1;1;0;0;0;512741,668938190680000;5370957,195417629600000;9,172454984000069;48,491608680000070;0
179854;08;4;15;050;2019;07;20;6;3;5;7;0;1;1;0;0;0;0;520374,671267799100000;5376750,490536788500000;9,276047570000060;48,543525581000040;0
179855;08;4;15;061;2019;07;11;6;3;5;3;0;1;1;0;0;0;0;515173,442999999040000;5370077,765000002500000;9,205336232000036;48,483642988000042;0
179859;08;3;35;043;2019;07;08;6;3;5;3;0;1;0;0;0;0;0;512479,997253919950000;5281094,648271173200000;9,166286544000059;47,683119567000062;0
179860;08;3;27;050;2019;07;16;6;3;5;3;0;1;1;0;0;0;0;486668,482485124840000;5313844,097154380800000;8,821359285000028;47,977762809000069;0
179861;08;3;26;012;2019;07;12;6;3;0;6;0;1;1;0;0;0;0;463589,552673336120000;5310831,210689865100000;8,512367551000068;47,949758877000079;0
179862;08;4;17;022;2019;07;17;6;2;5;1;0;1;0;0;0;0;1;486222,591410682540000;5348934,038573941200000;8,814249193000023;48,293454999000062;0
179863;08;4;17;002;2019;07;06;6;2;4;6;0;1;0;0;0;0;0;489576,066248025750000;5344341,800365489000000;8,859574747000067;48,252204002000042;0
179864;08;3;17;093;2019;07;18;6;2;4;6;0;1;1;0;0;0;0;444572,628639874050000;5357382,489625260200000;8,251632695000069;48,367178780000074;0
179867;08;3;17;089;2019;07;07;6;3;5;3;0;1;0;0;0;0;1;431695,684778900820000;5375672,210053537000000;8,074808550000057;48,530438259000050;0
179869;08;3;16;043;2019;07;06;6;3;5;3;0;1;0;0;0;1;0;411356,617999999780000;5330926,663000000600000;7,808779870000024;48,125421671000026;0
179870;08;3;16;017;2019;07;10;6;3;5;3;0;1;1;0;0;0;0;409274,361828159540000;5341415,876685340000000;7,778565348000029;48,219477412000060;0
179871;08;3;15;006;2019;07;08;6;3;0;2;0;1;1;0;0;0;0;400578,926220995370000;5306381,117234911800000;7,669676148000065;47,903048955000031;0
179872;08;3;11;000;2019;07;13;6;3;1;7;0;1;0;0;1;0;0;414650,981474144380000;5315656,504251940200000;7,856088429000067;47,988512348000029;0
179873;08;3;11;000;2019;07;12;6;3;5;3;0;1;1;0;0;0;0;413730,761000000870000;5317490,745999999300000;7,843388780000055;48,004888536000067;0
179875;08;3;11;000;2019;07;10;6;3;0;7;0;1;0;0;0;0;0;413620,518913074400000;5316267,134843729400000;7,842157419000046;47,993866838000031;0
179876;08;2;37;028;2019;07;06;6;3;5;3;0;1;1;0;0;0;0;456624,111615868290000;5367932,609947739200000;8,413247800000022;48,463031704000059;0
179877;08;2;31;000;2019;07;18;6;3;3;2;0;1;1;0;0;0;0;480939,204232800750000;5417153,653401125200000;8,739885654000034;48,907031929000027;0
179879;08;2;22;000;2019;07;09;6;3;5;3;0;1;1;0;0;0;0;462618,236687481400000;5479659,455951388900000;8,484062070000050;49,468434388000048;0
179881;08;2;21;000;2019;07;14;6;3;3;6;0;1;0;0;0;1;0;474834,332805816080000;5475519,085233315800000;8,652925916000072;49,431821969000055;0
179884;08;2;16;005;2019;07;21;6;3;5;3;1;1;0;0;0;0;1;445183,193765274250000;5417841,431679820600000;8,251875972000050;48,911085866000064;0
179885;08;2;16;043;2019;07;07;6;3;5;3;0;1;1;0;0;0;0;441579,475006164050000;5411441,110764766100000;8,203612911000050;48,853185918000065;0
179886;08;2;15;066;2019;07;10;6;3;6;4;0;0;1;1;0;0;0;460776,767017452980000;5453400,534998033200000;8,461233104000030;49,232127954000077;0
179887;08;2;15;108;2019;07;19;6;3;1;5;0;1;1;0;0;0;0;446555,263338350690000;5424546,643055293700000;8,269720508000034;48,971519036000075;0
179888;08;2;11;000;2019;07;10;6;3;0;7;0;1;0;0;0;0;0;440737,728325063360000;5404258,440186461400000;8,193177143000071;48,788497947000053;0
179890;08;1;35;019;2019;07;15;6;2;6;4;0;0;1;1;0;0;0;585813,806091460400000;5395527,732531633200000;10,166421903000071;48,706875874000048;0
179891;08;1;27;104;2019;07;07;6;2;0;1;0;1;0;0;0;0;0;579732,675645793790000;5435159,161218488600000;10,091511519000051;49,064134872000068;0
179893;08;1;27;076;2019;07;07;6;2;0;4;0;0;0;1;1;0;0;552669,148465435020000;5440740,348367614700000;9,721787703000075;49,117245330000060;0
179896;08;1;25;069;2019;07;12;6;3;0;7;0;1;0;0;0;0;0;523598,270019351500000;5453907,013180987900000;9,324178385000039;49,237485364000065;0
179897;08;1;19;085;2019;07;18;6;3;6;4;0;0;1;1;0;0;0;530528,524891259150000;5413144,340629186500000;9,416306401000043;48,870506814000066;0
179898;08;1;19;042;2019;07;06;6;3;4;6;0;1;1;0;0;0;0;529268,574362745510000;5415149,853038325900000;9,399268927000037;48,888608325000064;0
179899;08;1;18;048;2019;07;14;6;2;5;2;0;1;1;0;0;0;0;512931,162000000480000;5416616,390999998900000;9,176449412000068;48,902357191000078;0
179900;08;1;18;081;2019;07;20;6;3;2;7;0;1;0;0;0;0;0;520441,281672672370000;5412853,391531828800000;9,278737915000022;48,868304096000031;0
179901;08;1;18;019;2019;07;09;6;3;6;4;0;0;1;1;0;0;0;504714,149267565460000;5405175,271615028400000;9,064194345000033;48,799551704000066;0
179902;08;1;16;047;2019;07;10;6;3;5;3;0;1;1;0;0;0;0;520438,766964834180000;5391915,470483902800000;9,277662985000063;48,679949477000036;0
179904;08;1;15;003;2019;07;14;6;3;5;7;0;1;1;0;0;0;0;499472,373474868010000;5392351,245857020800000;8,992831533000071;48,684204147000059;0
179908;08;1;11;000;2019;07;15;6;3;2;5;0;1;1;0;0;0;0;510408,894303273410000;5402271,665400013300000;9,141668108000033;48,773361812000076;0
179909;08;4;36;009;2019;07;19;5;3;0;6;0;1;1;0;0;0;0;554853,761074563490000;5306029,484831297800000;9,734008353000036;47,905245605000061;0
179910;08;4;36;081;2019;07;10;5;3;0;6;0;1;1;0;0;0;0;562699,131708006370000;5281818,398780560100000;9,835478569000031;47,686710458000050;0
179912;08;4;36;010;2019;07;17;5;3;4;6;0;1;1;0;0;0;0;567256,096002105620000;5306507,129238637200000;9,900021566000021;47,908361975000048;0
179914;08;4;35;057;2019;07;07;5;3;0;7;0;1;0;0;0;0;0;544247,807382710280000;5279427,817399075300000;9,589384912000071;47,666728635000027;0
179915;08;4;26;021;2019;07;06;5;2;0;1;0;1;0;0;0;0;0;560530,922579265200000;5325722,530908560400000;9,812745475000043;48,081899374000045;0
179917;08;4;15;061;2019;07;07;5;3;2;5;0;1;1;0;0;0;0;515243,306715965270000;5371459,829750375800000;9,206332100000054;48,496074848000035;0
179919;08;4;15;050;2019;07;20;5;3;5;7;1;1;0;0;0;0;1;521124,329961017710000;5376671,963147344100000;9,286200258000065;48,542794331000039;0
179920;08;3;36;069;2019;07;07;5;3;5;3;0;1;1;0;0;0;0;407865,513517560440000;5269777,219641855000000;7,774901745000022;47,574865713000065;0
179924;08;3;17;096;2019;07;08;5;3;1;5;0;1;1;0;0;0;0;422820,315188013020000;5369949,505386328300000;7,955668231000061;48,477934318000052;0
179925;08;3;17;065;2019;07;17;5;3;9;1;0;1;0;0;0;0;0;417195,950674287970000;5355243,129276203000000;7,882481267000060;48,344937454000046;0
179926;08;3;16;011;2019;07;08;5;3;2;3;0;1;1;0;0;0;0;415046,146000000650000;5328945,252000000300000;7,858745422000027;48,108101611000052;0
179928;08;3;16;011;2019;07;17;5;3;5;3;0;1;0;0;1;0;0;414952,801558707840000;5329750,013434041300000;7,857331211000030;48,115328159000057;0
179930;08;3;11;000;2019;07;00;5;3;0;1;2;1;0;0;0;0;0;410767,194454131650000;5316348,133579349100000;7,803902714000060;47,994203611000046;0
179931;08;3;11;000;2019;07;17;5;3;1;5;0;1;1;0;0;0;0;413467,174196691250000;5316992,429928803800000;7,839956141000073;48,000370384000064;0
179932;08;3;11;000;2019;07;22;5;3;3;6;2;1;1;0;0;0;0;412250,837771677410000;5319244,512103866800000;7,823192823000056;48,020462669000040;0
179934;08;3;11;000;2019;07;17;5;3;5;2;0;1;1;0;0;0;0;414920,867606099690000;5319511,321281503900000;7,858940246000032;48,023223902000041;0
179935;08;3;11;000;2019;07;18;5;3;5;3;0;1;1;0;0;0;0;412104,665979134850000;5317154,637248886700000;7,821661333000066;48,001643598000044;0
179936;08;2;12;000;2019;07;17;5;3;5;3;0;1;1;0;0;0;0;454075,698706331660000;5425688,830839926400000;8,372345263000057;48,982397850000041;0
179937;08;2;35;046;2019;07;10;5;3;6;6;0;0;1;1;0;0;0;479024,887862692590000;5376695,544048359600000;8,715820187000077;48,543011478000039;0
179938;08;2;36;043;2019;07;09;5;2;6;7;0;0;1;1;0;0;0;469049,920190181580000;5411121,017178295200000;8,578098180000040;48,852284929000064;0
179939;08;2;31;000;2019;07;16;5;2;1;1;0;1;1;0;0;0;0;475587,688000000080000;5413953,188000001000000;8,667048233000060;48,878053885000043;0
179940;08;2;26;041;2019;07;15;5;3;5;3;0;1;1;0;0;0;0;476287,733806247820000;5465802,181990535900000;8,673549879000063;49,344478181000056;0
179942;08;2;22;000;2019;07;10;5;3;1;5;0;1;1;0;0;0;0;461357,350700153040000;5481690,314375191900000;8,466461872000025;49,486621971000034;0
179946;08;2;21;000;2019;07;08;5;3;4;6;0;1;1;0;0;0;0;478141,221830130550000;5472980,083242580300000;8,698672265000027;49,409111949000078;0
179947;08;2;26;091;2019;07;07;5;1;5;3;0;1;1;0;0;0;0;494001,835831413980000;5460592,644180353700000;8,917500085000029;49,298049329000037;0
179948;08;2;21;000;2019;07;06;5;3;6;4;0;0;1;1;0;0;0;476484,192706885750000;5471849,188981099100000;8,675897110000051;49,398877955000046;0
179950;08;2;12;000;2019;07;19;5;3;5;2;0;1;1;0;0;0;0;455399,289662647990000;5432618,706934703500000;8,389672341000050;49,044829665000066;0
179951;08;2;16;017;2019;07;13;5;2;5;3;0;1;1;0;0;0;0;451874,983609466810000;5400867,920256823300000;8,345189893000054;48,758960541000079;0
179952;08;1;18;054;2019;07;23;5;3;8;7;2;1;0;0;0;0;0;519428,175896038300000;5423638,728881724200000;9,265436892000025;48,965357788000063;0
179953;08;1;36;019;2019;07;08;5;3;5;2;0;1;1;0;0;0;0;582983,386171121150000;5423280,710828065900000;10,133575345000054;48,956872677000035;0
179955;08;1;27;063;2019;07;19;5;3;5;3;0;1;1;0;0;0;0;565680,721000001770000;5434045,142000000900000;9,898992062000048;49,055773741000053;0
179957;08;1;19;061;2019;07;22;5;2;1;5;2;1;1;0;0;0;0;538203,743525245230000;5413604,752970298800000;9,521009502000027;48,874223061000066;0
179958;08;1;18;046;2019;07;08;5;3;5;3;0;1;1;0;0;0;0;513562,961000000130000;5411328,589999999900000;9,184895041000061;48,854775890000042;0
179959;08;1;18;019;2019;07;07;5;3;5;3;0;1;1;0;0;0;0;505349,887779491020000;5405874,587634857700000;9,072860541000068;48,805837548000056;0
179961;08;1;16;042;2019;07;13;5;3;0;7;0;1;0;0;0;0;0;517041,444000002000000;5382040,447000000600000;9,231104281000057;48,591214624000031;0
179963;08;1;16;049;2019;07;12;5;3;2;6;0;1;1;0;0;0;0;525305,704025126060000;5386111,734121589000000;9,343424978000030;48,627560751000033;0
179964;08;1;15;028;2019;07;17;5;3;4;6;0;1;1;0;0;0;0;500899,567088629120000;5405588,236615479000000;9,012250652000034;48,803283931000067;0
179966;08;1;11;000;2019;07;16;5;3;6;4;0;0;0;1;0;0;1;518038,270095001910000;5402088,427058575700000;9,245497331000024;48,771539011000073;0
179969;08;1;11;000;2019;07;18;5;3;6;7;0;1;0;1;0;0;0;513267,475093157960000;5404201,574083069300000;9,180636343000060;48,790668715000038;0
179970;08;4;37;100;2019;07;14;4;3;5;3;0;1;1;0;0;0;0;537502,719948150220000;5318521,024905664800000;9,502931930000045;48,018880063000040;0
179971;08;4;35;029;2019;07;22;4;2;0;1;2;1;0;0;0;0;0;545186,134585389870000;5271235,724886791800000;9,601037141000063;47,592957253000066;0
179974;08;4;26;065;2019;07;20;4;2;9;1;0;1;0;0;0;0;0;580276,085798460060000;5331930,698414450500000;10,078988494000043;48,135563712000078;0
179977;08;4;16;041;2019;07;10;4;3;8;1;0;1;0;0;0;0;0;503952,092789708640000;5372238,928006803600000;9,053502735000052;48,503256419000081;0
179978;08;4;16;036;2019;07;12;4;2;5;3;0;1;0;0;0;0;1;494711,572533085010000;5368747,570104122200000;8,928450413000064;48,471836889000031;0
179980;08;4;15;061;2019;07;07;4;2;6;2;0;0;1;1;0;0;0;514065,671137128960000;5370302,514734013000000;9,190352847000042;48,485690688000034;0
179981;08;3;37;126;2019;07;16;4;3;4;1;0;1;1;0;0;0;0;445062,175418422560000;5276037,740588836400000;8,268659842000034;47,635408349000045;0
179982;08;3;36;081;2019;07;18;4;3;5;3;0;1;1;0;0;0;0;411886,590725006540000;5278096,280260715600000;7,826684596000064;47,650261799000077;0
179983;08;3;35;066;2019;07;17;4;3;0;7;0;1;0;0;0;0;0;504101,437130697070000;5281985,901964785500000;9,054657037000027;47,691246255000067;0
179984;08;3;35;043;2019;07;12;4;3;5;3;0;1;1;0;0;0;0;514521,587764760480000;5282156,690498955500000;9,193524393000075;47,692632782000032;0
179985;08;3;35;043;2019;07;08;4;3;5;6;0;1;0;0;1;0;0;512810,554968763140000;5279029,987690547500000;9,170630386000028;47,664535984000054;0
179990;08;3;17;026;2019;07;15;4;3;5;3;0;1;1;0;0;0;0;411974,733999999240000;5346509,552000002900000;7,813853164000022;48,265674833000048;0
179992;08;3;17;098;2019;07;21;4;2;9;1;1;1;0;0;0;0;0;435464,037999999710000;5369635,498999999800000;8,126778412000022;48,476534805000028;0
179993;08;3;15;006;2019;07;07;4;3;5;2;0;1;1;0;0;0;0;403585,580588496290000;5307899,294787826000000;7,709557079000035;47,917164007000054;0
179994;08;3;15;132;2019;07;18;4;3;0;1;0;1;0;0;0;0;0;408829,819241061810000;5324878,577990837400000;7,776123872000028;48,070662368000058;0
179995;08;3;11;000;2019;07;08;4;3;5;3;0;1;1;0;0;0;0;411140,925507837910000;5315101,724382801000000;7,809169152000038;47,983043885000029;0
179997;08;3;11;000;2019;07;18;4;3;3;7;0;1;0;0;0;0;0;415100,478042356670000;5317252,610046006700000;7,861795918000041;48,002929816000062;0
179998;08;3;11;000;2019;07;14;4;3;0;1;0;1;0;0;0;0;0;412646,461245324460000;5317456,473034014900000;7,828861685000049;48,004432970000039;0
179999;08;3;11;000;2019;07;15;4;3;5;2;0;1;1;0;0;0;0;412078,327144843530000;5314772,387311052500000;7,821796249000045;47,980210932000034;0
180001;08;2;12;000;2019;07;19;4;3;5;3;0;1;1;0;0;0;0;455874,028704154310000;5423899,283006478100000;8,397116020000055;48,966431675000081;0
180002;08;2;12;000;2019;07;10;4;2;0;1;0;1;0;0;0;0;0;456329,645704620520000;5428699,292320044700000;8,402824899000052;49,009640825000076;0
180003;08;2;12;000;2019;07;08;4;2;5;3;0;1;0;0;0;0;0;455965,768739972260000;5427844,493826225400000;8,397942015000069;49,001925960000051;0
180004;08;2;12;000;2019;07;16;4;3;7;7;0;1;0;1;0;0;0;458425,562614017170000;5428392,513723803700000;8,431515649000062;49,007026070000052;0
180005;08;2;31;000;2019;07;05;4;2;0;1;0;1;0;0;0;0;0;479770,920196121560000;5416564,806999020300000;8,723971955000025;48,901697806000072;0
180006;08;2;31;000;2019;07;10;4;3;6;7;0;0;1;1;0;0;0;477897,465646350760000;5416230,285925928500000;8,698426918000052;48,898624555000026;0
180007;08;2;26;056;2019;07;15;4;3;2;6;0;1;1;0;0;0;0;485290,549294529480000;5471393,383017014700000;8,797285162000037;49,395054516000073;0
180008;08;2;22;000;2019;07;05;4;3;5;3;1;1;1;0;0;0;0;462487,190999999640000;5486094,009000003300000;8,481642553000029;49,526301701000079;0
180011;08;2;22;000;2019;07;16;4;3;5;3;0;1;1;0;0;0;0;462191,290100028740000;5484785,315429385800000;8,477679323000075;49,514512362000062;0
180012;08;2;22;000;2019;07;07;4;3;5;3;0;1;1;0;0;0;0;463669,062077270820000;5484639,725850639900000;8,498107041000026;49,513293221000026;0
180013;08;2;22;000;2019;07;17;4;3;5;3;0;1;1;0;0;0;0;466786,579310251400000;5483008,837083986000000;8,541309556000044;49,498802936000061;0
180014;08;2;22;000;2019;07;09;4;2;1;7;0;1;1;0;0;0;0;464659,060875499620000;5481528,139522539500000;8,512061180000046;49,485364550000043;0
180015;08;2;26;018;2019;07;07;4;3;5;3;0;1;1;0;0;0;0;473196,493429704570000;5471509,855377601500000;8,630608738000035;49,395689825000034;0
180016;08;2;21;000;2019;07;22;4;2;4;6;2;1;0;0;0;0;0;478858,314019502140000;5473106,650556903300000;8,708550652000042;49,410275741000078;0
180017;08;2;21;000;2019;07;15;4;3;6;7;0;0;1;1;0;0;0;475068,731000000610000;5473378,064000001200000;8,656293110000036;49,412573581000061;0
180019;08;2;12;000;2019;07;22;4;3;5;3;2;1;1;0;0;0;0;455342,177000001070000;5428033,820000000300000;8,389395641000021;49,003584166000053;0
180020;08;2;12;000;2019;07;09;4;3;0;1;0;1;0;0;0;0;0;456236,925389666110000;5428065,098176453300000;8,401625417000048;49,003929607000032;0
180022;08;2;11;000;2019;07;19;4;2;6;6;0;0;1;1;0;0;0;444564,664312740790000;5401965,458184432200000;8,245583028000056;48,768225070000028;0
180023;08;1;36;010;2019;07;08;4;2;7;1;0;1;0;0;0;0;1;600193,336685390210000;5411821,695923524000000;10,365792209000062;48,851270039000042;0
180024;08;1;19;085;2019;07;12;4;3;5;2;0;1;1;0;0;0;0;529370,511328454130000;5413267,715868214100000;9,400524261000044;48,871672578000073;0
180025;08;1;18;073;2019;07;10;4;3;5;2;0;1;1;0;0;0;0;497888,467318129730000;5419009,512409625600000;8,971175080000023;48,924016500000050;0
180028;08;1;18;051;2019;07;07;4;3;0;1;0;1;0;0;0;0;0;509850,262000001040000;5415075,883000005000000;9,134372641000027;48,888555815000075;0
180029;08;1;18;046;2019;07;18;4;3;0;7;0;1;0;0;0;0;0;513555,664283016700000;5411161,123754583300000;9,184790025000041;48,853269557000033;0
180030;08;1;18;011;2019;07;12;4;3;3;2;0;1;0;0;0;1;0;504416,534841712560000;5408192,187714394200000;9,060174090000032;48,826693779000038;0
180032;08;1;16;019;2019;07;07;4;3;6;4;0;0;1;1;0;0;0;525016,241697976370000;5398968,313622046300000;9,340275028000065;48,743229562000067;0
180033;08;1;15;045;2019;07;07;4;3;3;5;0;1;1;0;0;0;0;500339,449980536480000;5394774,663800554400000;9,004613845000051;48,706005575000063;0
180034;08;1;15;003;2019;07;13;4;3;3;2;0;1;1;0;0;0;0;500827,420164558110000;5391505,282750940000000;9,011239845000034;48,676593438000054;0
180036;08;1;15;024;2019;07;13;4;3;5;3;0;1;1;0;0;0;0;500919,642548196950000;5387718,341354554500000;9,012484197000049;48,642525415000080;0
180039;08;1;11;000;2019;07;14;4;2;6;4;0;0;0;1;0;0;1;512081,770652238280000;5402686,220883218600000;9,164448536000066;48,777060890000030;0
180040;08;1;11;000;2019;07;10;4;2;6;4;0;0;1;1;0;0;0;512533,307427793740000;5408815,702073367300000;9,170781631000068;48,832192052000039;0
180043;08;1;11;000;2019;07;08;4;3;5;3;0;1;1;0;0;0;0;509231,266816081480000;5397535,861521640800000;9,125534116000040;48,730777184000033;0
180045;08;4;26;021;2019;07;14;3;3;6;4;0;0;0;1;0;0;1;558535,612000000660000;5327770,288000002500000;9,786237985000071;48,100507754000034;0
180046;08;4;21;000;2019;07;13;3;3;5;3;0;1;1;0;0;0;0;572076,242964743640000;5360742,166210688700000;9,973702870000068;48,395718302000034;0
180047;08;4;25;141;2019;07;20;3;3;0;1;1;1;0;0;0;0;0;567841,452574475670000;5362973,057841004800000;9,916862140000035;48,416255951000039;0
180050;08;4;16;036;2019;07;17;3;3;0;1;0;1;0;0;0;0;0;494102,035483707670000;5366027,025820236700000;8,920242062000057;48,447356210000066;0
180051;08;4;16;036;2019;07;07;3;3;0;7;0;1;1;0;0;0;0;497485,673869988880000;5372145,066849842700000;8,965962057000070;48,502419408000037;0
180053;08;4;16;041;2019;07;13;3;3;0;7;0;1;0;0;0;0;0;504287,592120960350000;5373993,890351714600000;9,058062699000061;48,519042524000042;0
180054;08;4;15;060;2019;07;17;3;3;0;1;0;1;0;0;0;0;0;514375,114197284910000;5378536,248520264400000;9,194824434000054;48,559756936000042;0
180055;08;3;37;076;2019;07;19;3;2;9;1;0;1;0;0;0;0;0;427616,105999999680000;5269011,370999997500000;8,037605218000067;47,570479904000081;0
180056;08;3;35;063;2019;07;11;3;3;5;2;0;1;0;0;0;0;1;497944,318540537730000;5287040,178529251400000;8,972581494000053;47,736732547000031;0
180057;08;3;35;063;2019;07;17;3;3;0;1;0;1;0;0;0;0;0;495010,722623174080000;5288822,723416948700000;8,933433014000059;47,752755125000078;0
180058;08;3;35;043;2019;07;18;3;3;0;7;0;1;0;0;0;0;0;514103,613564612340000;5280058,686225982400000;9,187886425000045;47,673764958000049;0
180059;08;3;27;050;2019;07;16;3;3;6;7;0;1;0;1;0;0;0;486384,400413822380000;5314561,355162739800000;8,817529900000068;47,984210119000068;0
180062;08;3;17;057;2019;07;15;3;3;5;3;0;1;0;0;0;0;0;413221,485096623190000;5380553,368545390700000;7,823604598000031;48,572058791000075;0
180064;08;3;15;050;2019;07;07;3;3;0;3;0;1;1;0;0;0;0;399993,245177670380000;5302689,472751565300000;7,662696710000034;47,869751898000061;0
180065;08;3;11;000;2019;07;08;3;3;3;2;0;1;0;0;0;0;0;415159,590762115080000;5315879,821965055500000;7,862859663000052;47,990588862000038;0
180066;08;3;11;000;2019;07;16;3;3;4;2;0;1;1;0;0;0;0;414529,913781607520000;5316020,975217038800000;7,854393556000048;47,991774742000075;0
180068;08;2;12;000;2019;07;17;3;3;1;5;0;1;1;0;0;0;0;456755,277213036080000;5428823,288985047500000;8,408631708000030;49,010786165000070;0
180070;08;2;36;070;2019;07;10;3;3;4;2;0;1;1;0;0;0;0;471044,469380020160000;5415598,210230758400000;8,604969598000025;48,892656261000070;0
180071;08;2;26;085;2019;07;16;3;3;0;1;0;1;0;0;0;0;0;485271,637843376030000;5451292,025068501000000;8,797765887000026;49,214240672000074;0
180073;08;2;22;000;2019;07;17;3;3;5;3;0;1;1;0;0;0;0;462263,564786195760000;5482173,453778293000000;8,478927274000057;49,491024587000027;0
180074;08;2;22;000;2019;07;20;3;3;0;1;0;1;0;0;0;0;0;466332,731851524670000;5474528,235633755100000;8,535763124000027;49,422498303000054;0
180076;08;2;21;000;2019;07;12;3;3;1;7;0;1;1;0;0;0;0;476989,088473877870000;5472193,555390007800000;8,682835695000051;49,401994775000048;0
180082;08;2;12;000;2019;07;10;3;3;3;7;0;1;1;0;0;0;0;455814,405738267120000;5425234,968228589700000;8,396156362000056;48,978442117000043;0