OBJECTID;ULAND;UREGBEZ;UKREIS;UGEMEINDE;UJAHR;UMONAT;USTUNDE;UWOCHENTAG;UKATEGORIE;UART;UTYP1;ULICHTVERH;IstRad;IstPKW;IstFuss;IstKrad;IstGkfz;IstSonstige;LINREFX;LINREFY;XGCSWGS84;YGCSWGS84;STRZUSTAND
180083;08;2;12;000;2019;07;15;3;3;1;7;0;1;1;0;0;0;0;456491,143742238170000;5424912,235987886800000;8,405438718000028;48,975587120000057;0
180086;08;2;16;049;2019;07;19;3;3;0;7;0;1;0;0;0;0;0;433937,105000001380000;5400346,480999996900000;8,101230026000053;48,752625154000043;0
180087;08;1;18;079;2019;07;18;3;2;4;6;0;1;1;0;0;0;0;509523,936000000690000;5423076,553999997700000;9,130107900000041;48,960532646000047;0
180088;08;1;15;045;2019;07;18;3;3;6;7;0;0;1;1;0;0;0;500580,468557469550000;5396144,239196887200000;9,007891724000047;48,718326190000028;0
180090;08;4;36;005;2019;08;10;5;3;5;3;0;1;1;0;0;0;0;540120,103000000120000;5309109,994000000900000;9,537151968000046;47,934051617000080;0
180093;08;1;11;000;2019;08;14;6;3;6;4;0;0;1;1;0;0;0;519611,812832558530000;5401412,113494109400000;9,266880464000053;48,765407368000069;0
180095;08;1;11;000;2019;08;16;6;3;2;6;0;1;1;0;0;0;0;512658,696943480520000;5403566,280425544800000;9,172328313000037;48,784966363000080;0
180096;08;1;11;000;2019;08;18;6;3;5;2;0;1;1;0;0;0;0;511609,080129778940000;5403326,906559065000000;9,158032724000066;48,782833452000034;0
180097;08;4;35;036;2019;08;03;5;3;0;1;2;1;0;0;0;0;0;520315,454249494710000;5282219,123918859300000;9,270739478000053;47,693038335000040;0
180098;08;1;11;000;2019;08;16;6;3;5;3;0;1;1;0;0;0;0;515347,465466639030000;5406787,161924433000000;9,209051821000060;48,813880460000064;0
180099;08;4;35;035;2019;08;18;5;3;4;6;0;1;1;0;0;0;0;541533,056811106390000;5281101,471006488400000;9,553385166000055;47,681967012000030;0
180100;08;4;35;016;2019;08;08;5;3;5;3;0;1;1;0;0;0;0;536801,114974062890000;5278714,009947843800000;9,490138277000028;47,660772871000063;0
180101;08;4;16;041;2019;08;20;5;2;0;7;0;1;0;0;0;0;0;502967,615456698460000;5373770,574397783700000;9,040185952000059;48,517041119000055;0
180102;08;3;37;070;2019;08;15;5;3;8;7;0;1;0;0;0;0;0;467128,638784905900000;5274620,459782356400000;8,562506384000074;47,624152849000041;0
180103;08;3;36;050;2019;08;12;5;3;6;4;0;0;1;1;0;0;0;399441,550290693530000;5273705,030801150900000;7,662019307000037;47,608946952000053;0
180104;08;3;36;050;2019;08;12;5;3;5;3;0;1;1;0;0;0;0;399626,690544593150000;5273855,258565021700000;7,664447591000055;47,610327006000034;0
180107;08;3;17;096;2019;08;11;5;3;5;3;0;1;1;0;0;0;0;420967,800937252120000;5369432,752308797100000;7,930703721000043;48,473056041000063;0
180111;08;3;16;012;2019;08;14;5;3;0;5;0;1;1;0;0;0;0;403423,226420026270000;5333058,566660378100000;7,701712048000047;48,143443120000029;0
180112;08;3;16;011;2019;08;15;5;3;6;4;0;0;1;1;0;0;0;416831,781000001360000;5328341,578999999900000;7,882846231000031;48,102907079000033;0
180113;08;3;16;011;2019;08;13;5;3;0;1;0;1;0;0;0;0;0;414707,161117673850000;5329067,156163169100000;7,854168126000047;48,109152857000026;0
180114;08;3;11;000;2019;08;18;5;3;5;2;0;1;1;0;0;0;0;412309,877632719460000;5314502,679285949100000;7,824953550000032;47,977816603000065;0
180116;08;3;11;000;2019;08;17;5;3;2;6;0;1;0;0;0;0;0;410969,809647995980000;5317987,970916114700000;7,806277695000063;48,008982569000068;0
180117;08;3;36;050;2019;08;12;5;3;9;1;0;1;0;0;0;0;0;400409,437400910070000;5277125,728715997200000;7,674115958000073;47,639866854000047;0
180118;08;3;11;000;2019;08;07;5;3;5;2;0;1;1;0;0;0;0;414849,824240362270000;5316650,610974205700000;7,858555699000021;47,997481253000046;0
180119;08;2;12;000;2019;08;16;5;3;5;3;0;1;1;0;0;0;0;455976,418879841450000;5428206,587415922400000;8,398048365000022;49,005183792000025;0
180123;08;2;26;056;2019;08;19;5;2;0;3;0;1;1;0;0;0;0;485053,083000000570000;5471341,555000001600000;8,794014548000064;49,394582542000080;0
180128;08;2;15;099;2019;08;15;5;2;5;3;0;1;1;0;0;0;0;463019,886000000870000;5445509,305999999900000;8,492769439000028;49,161286291000067;0
180130;08;1;35;019;2019;08;18;5;3;5;3;0;1;1;0;0;0;0;585142,771844765170000;5391870,951669888600000;10,156549246000054;48,674077784000076;0
180131;08;1;35;019;2019;08;17;5;2;5;3;0;1;1;0;0;0;0;583114,693941153590000;5393373,747902704400000;10,129308368000068;48,687867743000027;0
180132;08;1;35;019;2019;08;14;5;3;0;7;0;0;1;1;1;0;0;583622,585272108200000;5392417,446857273600000;10,136014371000044;48,679198598000028;0
180136;08;1;21;000;2019;08;08;5;3;5;3;0;1;1;0;0;0;0;514191,573376662100000;5442203,562931016100000;9,194542922000039;49,132499962000054;0
180137;08;1;19;091;2019;08;16;5;3;5;3;0;1;1;0;0;0;0;526096,370545258750000;5406514,881830826400000;9,355445802000077;48,811072608000075;0
180138;08;1;18;076;2019;08;19;5;3;5;3;0;1;0;0;0;0;0;504296,129331616680000;5422947,273781461600000;9,058688757000027;48,959428124000056;0
180139;08;1;18;051;2019;08;12;5;3;5;3;0;1;1;0;0;0;0;510556,271698520520000;5415257,948701702100000;9,144008366000037;48,890182011000036;0
180142;08;1;16;019;2019;08;16;5;3;6;7;0;0;1;1;0;0;0;520521,003659725190000;5401406,802425719800000;9,279252453000026;48,765330276000043;0
180146;08;1;15;028;2019;08;15;5;3;0;7;0;0;1;1;0;0;0;500088,599999999630000;5405009,999000001700000;9,001206464000063;48,798082791000070;0
180147;08;1;11;000;2019;08;08;5;3;6;4;0;0;1;1;0;0;0;514616,663023503500000;5395711,464883571500000;9,198703985000066;48,714261862000058;0
180150;08;4;37;082;2019;07;14;4;3;4;6;0;1;0;0;0;0;1;513454,831445253450000;5343974,819767046700000;9,181243911000024;48,248845259000063;0
180151;08;4;35;016;2019;07;15;4;3;4;6;0;1;0;0;0;0;0;535937,701952745210000;5277895,072453239900000;9,478571932000023;47,653453099000046;0
180154;08;4;15;019;2019;07;16;4;3;5;3;0;1;1;0;0;0;0;519137,288001686330000;5369903,396042212800000;9,258968889000073;48,481966116000081;0
180156;08;3;36;050;2019;07;16;4;3;5;3;0;1;1;0;0;0;0;399353,893948073500000;5273447,440786287200000;7,660912477000068;47,606616234000057;0
180158;08;3;35;075;2019;07;11;4;3;5;3;0;1;1;0;0;0;0;488434,177207030360000;5288766,570563493300000;8,845690411000021;47,752165456000057;0
180159;08;3;35;075;2019;07;18;4;3;5;2;0;1;1;0;0;0;0;488778,141970074740000;5289715,117936849600000;8,850255039000047;47,760706127000049;0
180161;08;3;35;063;2019;07;18;4;3;0;7;0;1;0;0;0;0;0;496410,771999999880000;5287857,087000001200000;8,952120447000027;47,744076047000078;0
180164;08;3;25;050;2019;07;20;4;2;8;1;0;1;0;0;0;0;0;451936,166676036080000;5353015,810385586700000;8,351544883000031;48,328499621000049;0
180168;08;3;15;115;2019;07;08;4;3;3;6;0;1;1;0;0;0;0;407493,520718453450000;5320783,563140915700000;7,759075052000071;48,033635299000025;0
180169;08;3;11;000;2019;07;17;4;3;4;2;0;1;0;0;0;0;0;413733,067835533060000;5316068,002686310600000;7,843705746000069;47,992090767000036;0
180177;08;2;12;000;2019;07;08;4;2;7;7;0;1;0;0;0;0;0;454584,126040151340000;5433447,956432906900000;8,378425138000068;49,052229244000046;0
180178;08;2;15;108;2019;07;15;4;3;6;4;0;0;1;1;0;0;0;449699,864812555720000;5424914,332305755500000;8,312640160000058;48,975090390000048;0
180179;08;1;36;065;2019;07;19;4;3;0;1;0;1;0;0;0;0;0;562550,638619413600000;5408359,552901744800000;9,852212009000027;48,825065089000077;0
180181;08;1;25;030;2019;07;16;4;3;5;3;0;1;1;0;0;0;0;515534,430198778400000;5438621,847530333300000;9,212813255000071;49,100248615000055;0
180182;08;1;25;065;2019;07;17;4;3;4;6;0;1;1;0;0;0;0;518299,715932058170000;5451445,913652099700000;9,251278692000028;49,215528666000068;0
180187;08;1;16;049;2019;07;14;4;2;0;1;0;1;0;0;0;0;0;524111,037003387700000;5385015,648713322400000;9,327148643000044;48,617747500000064;0
180188;08;1;11;000;2019;07;15;4;3;6;7;0;0;0;1;0;0;1;511663,905643775130000;5410961,940018476900000;9,158996120000040;48,851516184000047;0
180193;08;4;26;021;2019;07;06;3;3;5;3;0;1;1;0;0;0;0;558991,295375669380000;5327451,869157468900000;9,792314005000037;48,097601167000050;0
180194;08;4;21;000;2019;07;14;3;3;0;1;0;1;1;0;0;0;0;571384,554494451730000;5360729,430643107700000;9,964357830000040;48,395682435000026;0
180195;08;4;25;033;2019;07;17;3;3;3;6;0;1;0;0;0;0;1;553780,120109793730000;5347834,222800049900000;9,724910134000027;48,281425525000031;0
180196;08;4;15;059;2019;07;07;3;3;5;3;0;1;1;0;0;0;0;517114,224000001330000;5368092,043999999800000;9,231518554000047;48,465728863000038;0
180197;08;3;36;091;2019;07;22;3;3;0;1;2;1;0;0;0;0;0;394374,707970648070000;5272713,611571461000000;7,594861717000072;47,599223015000064;0
180198;08;3;37;126;2019;07;20;3;2;0;1;0;1;0;0;0;0;0;435734,480885197410000;5278626,048736356200000;8,144121143000064;47,657835984000030;0
180199;08;3;37;096;2019;07;14;3;3;6;4;0;0;1;1;0;0;0;420827,613099146630000;5267333,000671276800000;7,947664913000040;47,554587934000040;0
180200;08;3;35;028;2019;07;13;3;3;5;3;0;1;1;0;0;0;0;483397,079683783460000;5286560,342754850200000;8,778570795000064;47,732204834000072;0
180201;08;3;35;075;2019;07;16;3;3;6;7;0;0;1;1;0;0;0;487904,172752358950000;5289541,172614770000000;8,838597643000071;47,759125241000049;0
180205;08;3;17;065;2019;07;14;3;3;0;7;0;1;0;0;0;0;0;419012,259999999780000;5354325,527999999000000;7,907165846000055;48,336919125000065;0
180210;08;3;11;000;2019;07;17;3;3;1;5;0;1;1;0;0;0;0;413961,706977618860000;5318195,662724366400000;7,846342998000068;48,011260638000067;0
180213;08;3;11;000;2019;07;00;3;3;0;1;2;1;0;0;0;0;0;414720,057401726020000;5316404,825007425600000;7,856865368000058;47,995253013000081;0
180217;08;2;22;000;2019;07;06;3;3;3;2;0;1;1;0;0;0;0;464186,614198703320000;5482481,058977115900000;8,505452206000030;49,493907901000057;0
180218;08;2;22;000;2019;07;21;3;3;5;3;2;1;1;0;0;0;0;461180,319860296320000;5482229,644899774300000;8,463964758000032;49,491461657000059;0
180219;08;2;22;000;2019;07;08;3;3;6;4;0;0;0;1;0;0;1;461281,000228040850000;5481720,315858813000000;8,465404813000021;49,486886951000031;0
180220;08;2;22;000;2019;07;20;3;2;3;6;1;1;1;0;0;0;0;464677,894999999550000;5485746,211000001100000;8,511943967000036;49,523305093000033;0
180221;08;2;21;000;2019;07;12;3;3;5;3;0;1;1;0;0;0;0;476944,186716403810000;5469706,412176270000000;8,682361091000075;49,379621555000028;0
180223;08;2;21;000;2019;07;09;3;3;1;5;0;1;1;0;0;0;0;477444,423717027530000;5472638,894691346200000;8,689086288000055;49,406017581000071;0
180225;08;2;16;007;2019;07;19;3;3;5;2;0;1;1;0;0;0;0;433252,623306322840000;5395904,083339380100000;8,092638404000070;48,712593209000033;0
180228;08;2;15;109;2019;07;15;3;3;4;6;0;1;1;0;0;0;0;464230,707061352210000;5440437,892277859200000;8,509826850000025;49,115740326000036;0
180229;08;2;15;108;2019;07;17;3;3;0;1;0;1;0;0;0;0;0;449830,889059237200000;5425089,145323120100000;8,314408929000024;48,976673488000074;0
180230;08;2;15;017;2019;07;15;3;3;5;2;0;1;1;0;0;0;0;454571,780083604160000;5421913,305722201200000;8,379546355000059;48,948473150000041;0
180231;08;2;12;000;2019;07;14;3;3;0;7;0;1;1;0;0;0;0;456035,644736385900000;5428821,338398538500000;8,398791563000032;49,010717766000027;0
180233;08;1;36;037;2019;07;14;3;3;5;3;0;1;1;0;0;0;0;602587,172031177210000;5414752,527321189600000;10,399148590000038;48,877236314000072;0
180234;08;1;35;019;2019;07;11;3;3;0;1;0;1;0;0;0;0;0;585437,710781752130000;5395981,635565361000000;10,161404895000032;48,711010013000077;0
180235;08;1;35;019;2019;07;16;3;3;0;1;0;1;0;0;0;0;0;585404,744607094680000;5394789,329718088700000;10,160710191000021;48,700290657000039;0
180237;08;1;27;014;2019;07;17;3;3;5;3;0;1;1;0;0;0;0;575293,983331978320000;5444136,742882670800000;10,032431969000072;49,145437780000066;0
180240;08;1;25;056;2019;07;17;3;2;6;4;0;0;1;1;0;0;0;510383,269801760090000;5435737,994697935900000;9,142171357000052;49,074415577000082;0
180241;08;1;19;091;2019;07;18;3;2;5;2;0;1;1;0;0;0;0;528246,844428535550000;5407186,531074604000000;9,384781918000044;48,817020531000026;0
180243;08;1;19;020;2019;07;17;3;3;6;4;0;0;0;1;0;0;1;520861,337419221180000;5406827,626119107000000;9,284158926000032;48,814083801000038;0
180246;08;1;16;078;2019;07;16;3;3;6;4;0;0;1;1;0;0;0;510470,222842616960000;5394487,852145370100000;9,142305015000034;48,703337606000048;0
180247;08;1;16;071;2019;07;21;3;3;0;1;2;1;0;0;0;0;0;527077,751802667980000;5390411,418422946700000;9,367754166000054;48,666166431000079;0
180250;08;1;11;000;2019;07;08;3;2;5;3;0;1;1;0;0;0;0;519463,630919957530000;5401639,702828930700000;9,264874773000031;48,767459388000077;0
180253;08;1;11;000;2019;07;22;3;3;3;1;2;1;1;0;0;0;0;518013,802962355320000;5402170,334851780900000;9,245167929000047;48,772276553000040;0
180254;08;1;11;000;2019;07;07;3;3;6;4;0;0;1;1;0;0;0;511649,197999999860000;5403165,546000002000000;9,158574268000052;48,781381115000045;0
180257;08;4;36;082;2019;07;19;2;3;5;3;0;1;0;0;0;0;0;547507,659615952520000;5295677,203490370900000;9,634577928000056;47,812693859000035;0
180258;08;4;36;009;2019;07;11;2;3;6;7;0;0;1;1;0;0;0;556345,830188922580000;5307693,773886660100000;9,754189784000062;47,920089108000070;0
180259;08;4;35;059;2019;07;17;2;2;6;2;0;0;1;1;0;0;0;512278,095023033210000;5290746,645792160200000;9,163868524000066;47,769968066000047;0
180260;08;4;26;021;2019;07;23;2;3;0;1;2;1;0;0;0;0;0;558811,886021937240000;5327303,981454536300000;9,789884210000025;48,096287331000042;0
180262;08;4;25;039;2019;07;19;2;3;5;2;0;1;1;0;0;0;0;566135,204370057210000;5352576,236889084800000;9,892170235000037;48,322912643000052;0
180263;08;4;21;000;2019;07;13;2;3;4;6;0;1;0;0;0;0;0;575166,642285675740000;5362558,189364118500000;10,015770706000069;48,411692820000042;0
180264;08;4;15;061;2019;07;14;2;2;2;6;0;1;0;0;0;0;0;514525,178483433090000;5375889,698888089500000;9,196765903000028;48,535944394000069;0
180265;08;4;16;025;2019;07;12;2;3;0;7;0;1;0;0;0;0;0;509706,172028644940000;5362119,289188053500000;9,131165557000031;48,412153093000029;0
180267;08;3;36;069;2019;07;18;2;2;1;5;0;1;1;0;0;0;0;408954,871166146360000;5268330,182970574100000;7,789683385000046;47,562002159000031;0
180268;08;3;35;043;2019;07;19;2;3;0;1;0;1;0;0;0;0;0;511032,255330141630000;5281534,129478996600000;9,147007655000039;47,687100200000032;0
180270;08;3;35;077;2019;07;09;2;2;0;1;0;1;0;0;0;0;0;494183,302000000140000;5294569,764000000400000;8,922316581000075;47,804457348000028;1
180274;08;3;16;011;2019;07;08;2;3;3;2;0;1;0;0;0;0;1;414495,257608168760000;5329833,779505338500000;7,851168266000059;48,116020370000058;0
180275;08;3;15;115;2019;07;16;2;3;1;2;0;1;1;0;0;0;0;408326,892651403320000;5320387,807378625500000;7,770336317000044;48,030195644000059;0
180276;08;3;11;000;2019;07;18;2;3;5;2;0;1;1;0;0;0;0;414525,206676577220000;5317042,154731318400000;7,854127076000054;48,000960023000061;0
180277;08;3;15;108;2019;07;06;2;1;6;7;0;0;0;1;0;0;1;405032,166382730940000;5303484,748468633700000;7,729885416000059;47,877670486000056;0
180278;08;3;11;000;2019;07;17;2;2;0;5;0;1;1;0;0;0;1;410755,128158135340000;5314610,478997463400000;7,804102190000037;47,978571297000030;0
180279;08;3;11;000;2019;07;16;2;3;1;5;0;1;1;0;0;0;0;411700,626000000160000;5316092,936000002500000;7,816464369000073;47,992037625000080;0
180282;08;2;35;055;2019;07;13;2;2;0;7;0;1;0;0;0;0;0;472276,128974830730000;5397123,115110989700000;8,623020273000066;48,726515823000057;0
180284;08;2;26;076;2019;07;17;2;3;5;3;0;1;1;0;0;0;0;474460,838942685160000;5465447,876958195100000;8,648421945000052;49,341217472000039;0
180285;08;2;26;096;2019;07;15;2;3;5;2;0;1;1;0;0;0;0;476448,148090328090000;5488176,467002576200000;8,674428434000049;49,545736056000067;0
180288;08;2;26;037;2019;07;12;2;3;6;7;0;0;1;1;0;0;0;465660,349000001330000;5467597,066999999800000;8,527090852000072;49,360116952000055;0
180290;08;2;22;000;2019;07;18;2;3;1;5;0;1;1;0;0;0;0;460235,872824034650000;5487613,317716930100000;8,450381766000021;49,539823379000040;0
180291;08;2;22;000;2019;07;16;2;2;5;4;0;0;1;1;0;0;0;462929,392255089250000;5480826,018215159000000;8,488247107000063;49,478946126000039;0
180292;08;2;22;000;2019;07;17;2;2;5;3;0;1;1;0;0;0;0;460990,680623641240000;5485293,427929570900000;8,461043654000036;49,519006469000033;0
180294;08;2;16;007;2019;07;09;2;3;6;7;0;0;0;1;0;0;1;436468,374166858380000;5394384,914042878900000;8,136581711000076;48,699264141000072;0
180295;08;2;15;009;2019;07;19;2;3;5;3;0;1;1;0;0;0;0;470257,098259611990000;5441442,541248491000000;8,592334481000023;49,125098435000041;0
180297;08;2;15;007;2019;07;13;2;3;6;4;0;0;1;1;0;0;0;477871,563099806200000;5431862,885921895500000;8,697223237000060;49,039247306000050;0
180298;08;2;12;000;2019;07;16;2;2;0;7;0;1;0;0;0;0;0;456286,246500355190000;5425937,937168346700000;8,402528621000045;48,984799001000056;0
180300;08;1;18;051;2019;07;17;2;3;5;2;0;1;1;0;0;0;0;510556,785445645450000;5415256,014839166800000;9,144015324000065;48,890164605000052;0
180301;08;1;36;082;2019;07;13;2;3;0;1;0;1;0;0;0;0;0;587244,624650953340000;5415483,878998646500000;10,190104672000075;48,886162939000030;0
180302;08;1;36;088;2019;07;14;2;3;6;7;0;0;1;1;0;0;0;581174,349214570600000;5408555,058932419900000;10,105942984000023;48,824668784000039;0
180303;08;1;36;065;2019;07;08;2;2;0;1;0;1;0;0;0;0;0;559138,665768904610000;5405284,806966200500000;9,805287955000040;48,797741936000079;0
180304;08;1;35;020;2019;07;14;2;3;5;3;0;1;1;0;0;0;0;586084,283999999990000;5386426,267999999200000;10,168203755000036;48,624977613000055;0
180305;08;1;27;025;2019;07;12;2;3;0;1;0;1;0;0;0;0;0;557089,832417889500000;5425347,269014122000000;9,780194505000054;48,978394500000036;0
180306;08;1;19;020;2019;07;10;2;3;1;1;0;1;1;0;0;0;0;520104,188416150400000;5406973,943444524000000;9,273852852000061;48,815425003000030;0
180309;08;1;17;024;2019;07;15;2;3;1;7;0;1;1;0;0;0;0;560238,795402823950000;5385395,109821347500000;9,817363883000041;48,618725414000039;0
180310;08;1;16;049;2019;07;18;2;3;8;1;0;1;0;0;0;0;0;524873,316142844970000;5385853,048684757200000;9,337541608000038;48,625250951000055;0
180313;08;4;15;061;2019;07;15;1;3;0;1;0;1;0;0;0;0;0;515372,926000000910000;5371354,044000001600000;9,208082709000053;48,495120004000057;1
180314;08;4;15;050;2019;07;00;1;3;0;1;2;1;0;0;0;0;0;520348,329565967430000;5376797,392552170900000;9,275692974000037;48,543948377000049;1
180315;08;3;11;000;2019;07;03;1;3;0;1;2;1;0;0;0;0;0;411769,048000001350000;5317137,796000000100000;7,817166440000051;48,001445870000055;1
180318;08;2;26;060;2019;07;12;1;3;5;3;0;1;1;0;0;0;0;477866,684000002220000;5463468,791999999400000;8,695416708000039;49,323548764000066;1
180320;08;2;26;062;2019;07;07;1;3;1;5;0;1;1;0;0;0;0;469867,573155567050000;5468484,174684247000000;8,584961853000038;49,368318819000081;0
180321;08;2;21;000;2019;07;13;1;1;9;1;0;1;0;0;0;0;0;478334,441422634760000;5468867,453005492700000;8,701559981000060;49,372126233000074;1
180322;08;2;16;015;2019;07;12;1;3;0;1;0;1;0;0;0;0;0;452163,020313093440000;5407532,124841529900000;8,348332947000074;48,818929698000034;0
180323;08;2;12;000;2019;07;04;1;3;0;1;2;1;0;0;0;0;0;463296,024103952570000;5428133,230837345100000;8,498134398000047;49,005002643000068;0
180325;08;1;19;091;2019;07;14;1;3;6;4;0;0;1;1;0;0;0;526927,395394273100000;5406786,291122125500000;9,366782352000030;48,813478675000056;0
180326;08;1;18;048;2019;07;19;1;2;5;3;0;1;1;0;0;0;0;513522,630310785960000;5416323,510126894300000;9,184510425000042;48,899709884000060;1
180327;08;1;18;046;2019;07;16;1;3;5;3;0;1;1;0;0;0;0;513854,711933204900000;5412182,019061463000000;9,188901156000043;48,862446711000075;1
180328;08;1;18;080;2019;07;10;1;3;5;5;0;1;1;0;0;0;0;509939,417265858500000;5408593,111163828500000;9,135431427000071;48,830236597000066;0
180329;08;4;36;005;2019;07;12;7;3;5;3;0;1;1;0;0;0;0;541018,439757059330000;5308778,491204761000000;9,549147294000022;47,931012244000044;0
180330;08;4;35;030;2019;07;18;7;2;0;1;0;1;0;0;0;0;0;541561,159623534420000;5271981,681851627300000;9,552893152000024;47,599911429000031;0
180333;08;4;21;000;2019;07;08;7;1;0;1;0;1;0;0;0;0;0;571862,715000000780000;5359882,638000004000000;9,970671600000060;48,388010980000047;0
180336;08;4;16;041;2019;07;11;7;2;6;3;0;1;0;1;0;0;0;504284,338214961810000;5373930,233046431100000;9,058017980000045;48,518469862000074;0
180338;08;3;37;096;2019;07;08;7;2;6;1;0;1;0;1;0;0;0;420803,030000001190000;5267015,077000001400000;7,947395501000074;47,551724776000071;0
180344;08;3;17;114;2019;07;20;7;3;0;7;0;1;0;0;0;0;0;405422,089630134400000;5346154,284814059700000;7,725657154000032;48,261534810000057;0
180347;08;3;11;000;2019;07;04;7;2;5;3;2;1;1;0;0;0;0;410389,574186960240000;5317005,507040299500000;7,798704876000045;48,000064013000042;0
180349;08;2;26;084;2019;07;17;7;3;6;7;0;0;1;1;0;0;0;468943,705503203910000;5470270,540551403500000;8,572097577000022;49,384340396000027;0
180350;08;2;22;000;2019;07;00;7;3;0;1;2;1;0;0;0;0;0;462941,134228113110000;5483204,094718430200000;8,488186241000051;49,500336431000051;0
180355;08;3;35;063;2019;08;14;5;2;6;6;0;0;1;1;0;0;0;497689,950425057670000;5287062,931545319000000;8,969188633000044;47,736936408000076;0
180358;08;4;36;064;2019;08;13;5;3;3;6;0;1;0;0;0;1;0;545290,131355317310000;5291433,110388843300000;9,604516264000040;47,774669622000033;0
180359;08;3;17;009;2019;08;17;5;3;4;6;0;1;0;0;0;0;0;425067,688839673060000;5362874,876660589100000;7,987338862000058;48,414569372000074;0
180361;08;3;17;057;2019;08;15;5;3;5;2;0;1;1;0;0;0;0;413648,142338714560000;5379385,372498469400000;7,829629697000030;48,561612289000038;0
180362;08;3;17;057;2019;08;22;5;3;0;7;2;1;0;0;0;0;0;412229,461009409280000;5379685,826960625100000;7,810342495000043;48,564117651000061;0
180364;08;3;15;015;2019;08;12;5;3;1;5;0;0;1;1;0;0;0;394675,855552944350000;5320429,465340556600000;7,587270859000057;48,028464869000061;0
180365;08;3;11;000;2019;08;08;5;3;0;3;0;1;0;0;0;0;0;414326,390426427130000;5319383,110121583600000;7,850994558000025;48,021991140000068;0
180366;08;3;36;105;2019;08;06;5;3;5;3;0;1;0;0;1;0;0;397923,683064772750000;5268271,044940972700000;7,643093127000043;47,559829242000035;0
180369;08;2;12;000;2019;08;14;5;3;0;1;0;1;0;0;0;0;0;456397,612359019930000;5426774,154638119000000;8,403960948000076;48,992328772000064;0
180370;08;2;36;040;2019;08;19;5;3;0;7;0;1;0;0;0;0;0;490362,680000000630000;5422553,631000004700000;8,868355529000041;48,955826852000030;0
180376;08;2;22;000;2019;08;16;5;2;5;3;0;1;1;0;0;0;0;461374,981077589090000;5488341,779113043100000;8,466054351000025;49,546449144000064;0
180377;08;2;26;038;2019;08;01;5;1;5;3;2;1;1;0;0;0;0;471135,689826629120000;5480369,562099389700000;8,601563545000033;49,475286163000078;0
180378;08;2;22;000;2019;08;13;5;2;6;4;0;0;0;1;1;0;0;461626,616217351520000;5483790,868157809600000;8,469975452000028;49,505532394000056;0
180379;08;2;21;000;2019;08;21;5;3;4;6;2;1;1;0;0;0;0;482327,444872723890000;5474472,061953702900000;8,756313161000037;49,422668106000060;0
180380;08;2;16;043;2019;08;08;5;3;0;7;0;1;1;0;0;0;0;442020,054999999700000;5411198,018999999400000;8,209652706000043;48,851040636000050;0
180381;08;2;16;043;2019;08;17;5;3;0;7;0;1;0;0;0;0;0;441198,897547534670000;5413727,742591537500000;8,198096857000053;48,873718105000080;0
180382;08;3;17;122;2019;08;13;5;3;5;3;0;1;1;0;0;0;0;418169,219033698550000;5367516,731534818200000;7,893221287000074;48,455463888000054;0
180383;08;2;16;009;2019;08;13;5;3;0;1;0;1;0;0;0;0;0;446407,280345866460000;5420034,705458585200000;8,268292366000026;48,930921530000035;0
180384;08;1;36;019;2019;08;14;5;2;8;1;0;1;0;0;0;0;0;588492,553661697540000;5423568,193635983400000;10,208877554000026;48,958694212000069;0
180385;08;1;35;019;2019;08;18;5;2;3;6;0;1;0;0;0;0;1;585010,925977831710000;5393576,703551322200000;10,155109487000061;48,689437768000062;0
180387;08;1;21;000;2019;08;15;5;3;5;3;0;1;1;0;0;0;0;516283,350050215610000;5443629,397771595000000;9,223275100000024;49,145273942000074;0
180388;08;1;19;084;2019;08;12;5;3;0;1;0;1;0;0;0;0;0;546212,670822978020000;5413154,204546852000000;9,630175282000039;48,869625041000063;0
180390;08;1;19;008;2019;08;05;5;2;6;4;2;0;0;1;0;0;1;530749,887571067550000;5419667,277127593800000;9,419816095000044;48,929173160000062;0
180391;08;1;18;048;2019;08;08;5;3;0;7;0;1;0;0;0;0;0;514806,215274872260000;5416111,537715984500000;9,202016592000064;48,897773690000065;0
180392;08;1;18;051;2019;08;16;5;3;5;3;0;1;1;0;0;0;0;509339,886000001800000;5415277,563000001000000;9,127414960000067;48,890377984000054;0
180395;08;1;16;080;2019;08;13;5;3;6;4;0;0;1;1;0;0;0;519937,354016691450000;5396430,764128286400000;9,271069335000050;48,720585211000071;0
180397;08;1;15;021;2019;08;16;5;2;5;3;0;1;1;0;0;0;0;489756,085269378500000;5382656,899437654800000;8,861063530000024;48,596908471000063;0
180398;08;1;11;000;2019;08;13;5;3;6;4;0;0;1;1;0;0;0;512247,554945744570000;5409032,453417940100000;9,166894398000068;48,834147615000063;0
180399;08;1;11;000;2019;08;10;5;3;6;7;0;0;1;1;0;0;0;517039,534202047620000;5408671,113767400400000;9,232178011000030;48,830784053000059;0
180401;08;1;11;000;2019;08;16;5;3;5;3;0;1;1;0;0;0;0;510198,773697261700000;5409303,279046965800000;9,138982997000028;48,836620956000047;0