OBJECTID;ULAND;UREGBEZ;UKREIS;UGEMEINDE;UJAHR;UMONAT;USTUNDE;UWOCHENTAG;UKATEGORIE;UART;UTYP1;ULICHTVERH;IstRad;IstPKW;IstFuss;IstKrad;IstGkfz;IstSonstige;LINREFX;LINREFY;XGCSWGS84;YGCSWGS84;STRZUSTAND
180405;08;4;36;064;2019;08;19;4;3;0;7;0;1;0;0;0;0;0;546360,998519934710000;5292898,982594912900000;9,618965494000065;47,787781916000029;0
180406;08;4;21;000;2019;08;13;4;3;2;6;0;1;1;0;0;0;0;573776,491124738010000;5361434,547666743400000;9,996790214000043;48,401749748000043;1
180407;08;4;21;000;2019;08;14;4;3;0;2;0;1;1;0;0;0;0;574483,371884265910000;5363652,697012659200000;10,006733144000066;48,421619205000070;1
180408;08;4;17;031;2019;08;13;4;3;1;5;0;1;1;0;0;0;0;498005,129813726060000;5355364,104373969100000;8,973074111000074;48,351451094000026;1
180409;08;3;35;043;2019;08;15;4;3;5;7;0;1;1;0;0;0;0;512094,972000001000000;5279901,617000000600000;9,161123343000043;47,672392399000046;0
180410;08;3;27;051;2019;08;18;4;3;8;7;0;1;0;0;0;0;0;484304,192727472630000;5332978,458076672600000;8,788975819000029;48,149861512000030;0
180411;08;3;17;073;2019;08;16;4;3;6;4;0;0;1;1;0;0;0;410271,464104417710000;5347477,498394010600000;7,790701308000052;48,274142268000048;1
180412;08;3;11;000;2019;08;11;4;3;1;5;0;1;1;0;0;0;0;416490,445551847110000;5315566,275454033200000;7,880754932000059;47,987943543000029;1
180413;08;3;11;000;2019;08;09;4;3;5;3;0;1;1;0;0;0;0;414529,951809347610000;5316020,372801831000000;7,854394186000036;47,991769328000032;1
180414;08;3;11;000;2019;08;10;4;3;0;7;0;1;0;0;0;0;0;411137,894333633590000;5314658,115818301200000;7,809220323000034;47,979053085000032;1
180417;08;2;31;000;2019;08;09;4;3;6;5;0;0;0;1;0;0;1;478309,416430057030000;5415779,834602467700000;8,704071529000032;48,894587010000066;1
180419;08;2;31;000;2019;08;22;4;3;0;7;2;1;0;0;0;0;0;478591,372998478820000;5416406,187983198100000;8,707885430000033;48,900231279000081;1
180420;08;2;36;040;2019;08;15;4;3;5;3;0;1;1;0;0;0;0;489686,321358216930000;5423016,052248388500000;8,859104875000071;48,959975721000035;1
180422;08;2;22;000;2019;08;08;4;3;5;3;0;1;1;0;0;0;0;468053,839151453230000;5478607,271089464400000;8,559165883000048;49,459280676000049;1
180424;08;2;22;000;2019;08;05;4;2;2;6;2;1;0;0;0;1;0;465467,512998439370000;5475698,794345738400000;8,523731165000072;49,432978543000047;0
180426;08;2;21;000;2019;08;18;4;3;5;3;0;1;1;0;0;0;0;478634,559546947480000;5468565,821704907300000;8,705710205000059;49,369423682000047;1
180427;08;2;26;082;2019;08;09;4;3;0;3;0;1;0;0;0;1;0;475632,102974293750000;5478205,149102650600000;8,663763047000032;49,456014983000046;1
180429;08;2;15;009;2019;08;16;4;2;6;4;0;0;1;1;0;0;0;474375,056215157730000;5438737,009956954000000;8,648947069000030;49,100946943000054;0
180432;08;2;12;000;2019;08;20;4;3;5;3;0;1;1;0;0;0;0;456232,569694971670000;5428467,986945299400000;8,401522436000050;49,007553329000075;0
180434;08;2;11;000;2019;08;10;4;3;5;3;0;1;1;0;0;0;0;442159,467141273430000;5403224,018904903900000;8,212676960000067;48,779327079000041;0
180438;08;1;16;047;2019;08;06;4;3;0;1;1;1;0;0;0;0;0;520057,513276027520000;5392367,979808775700000;9,272505631000058;48,684032623000064;1
180442;08;1;11;000;2019;08;05;4;3;5;7;1;1;0;0;1;0;0;519418,094471043910000;5399602,993010696000000;9,264159000000063;48,749138773000027;1
180443;08;4;37;104;2019;08;17;3;3;0;1;0;1;0;0;0;0;0;516299,170094382020000;5325948,131014648800000;9,218867286000034;48,086594935000051;0
180445;08;4;25;033;2019;08;14;3;2;3;6;0;1;0;0;0;0;0;546533,362881117500000;5347610,879896175100000;9,627211987000067;48,279990504000068;0
180446;08;4;16;006;2019;08;14;3;3;0;7;0;1;0;0;0;0;0;497910,290810178030000;5359996,675227992200000;8,971770988000060;48,393128177000051;0
180447;08;4;15;092;2019;08;18;3;3;0;1;0;1;0;0;0;0;0;519402,263740536760000;5361790,059938957900000;9,262178595000023;48,408967238000059;0
180448;08;3;37;096;2019;08;10;3;3;0;1;0;1;0;0;0;0;0;421086,136158078910000;5267766,551632236700000;7,951022677000026;47,558519795000052;0
180451;08;3;35;063;2019;08;23;3;2;0;1;2;1;0;0;0;0;0;497870,182066056880000;5287384,113375714000000;8,971590985000034;47,739826894000032;0
180452;08;4;35;034;2019;08;09;3;2;0;1;0;1;0;0;0;0;0;530138,506166273730000;5284808,048552392100000;9,401825274000032;47,715948471000047;0
180454;08;3;16;009;2019;08;13;3;2;2;6;0;1;0;0;0;1;0;418221,028000000860000;5324413,076000001300000;7,902255946000025;48,067748507000033;0
180455;08;3;11;000;2019;08;08;3;2;3;2;0;1;1;0;0;0;0;410369,975000001490000;5315718,243999999000000;7,798711027000024;47,988482057000056;0
180457;08;3;11;000;2019;08;14;3;3;0;1;0;1;0;0;0;0;0;413501,646364896560000;5316417,955097807600000;7,840533975000028;47,995207449000077;0
180459;08;2;31;000;2019;08;11;3;3;6;4;0;0;1;1;0;0;0;475628,342000000180000;5415201,820000000300000;8,667528243000049;48,889287738000064;0
180460;08;2;26;041;2019;08;15;3;3;5;3;0;1;1;0;0;0;0;475895,834323980850000;5466185,508530989300000;8,668131448000054;49,347910811000077;0
180461;08;2;26;049;2019;08;09;3;3;0;7;0;1;1;0;0;0;0;487217,959503995250000;5462353,321509974100000;8,824137314000041;49,313782509000077;0
180462;08;2;22;000;2019;08;19;3;3;6;7;0;0;1;1;0;0;0;461437,709880680780000;5481701,547047374800000;8,467570243000068;49,486728115000062;0
180464;08;2;22;000;2019;08;21;3;2;0;1;2;1;0;0;0;0;0;461731,253397356720000;5482446,165492989100000;8,471550926000020;49,493444143000033;1
180465;08;2;26;096;2019;08;19;3;2;6;4;0;0;1;1;0;0;0;475765,974109153260000;5488614,791443804300000;8,664971536000053;49,549651697000058;0
180466;08;2;21;000;2019;08;02;3;3;0;7;2;1;0;0;0;0;0;479441,135000000710000;5473541,657000001500000;8,716562515000021;49,414208535000057;0
180467;08;2;21;000;2019;08;17;3;3;3;6;0;1;0;0;0;0;1;476525,616071954370000;5474529,471162749500000;8,676309531000072;49,422988235000048;0
180468;08;2;16;015;2019;08;10;3;3;0;7;0;1;0;0;0;0;0;448268,319410320370000;5408264,466943737100000;8,295188419000056;48,825205152000080;0
180469;08;2;12;000;2019;08;12;3;3;1;5;0;1;1;0;0;0;0;454428,405615622180000;5429740,870480768400000;8,376710798000033;49,018872407000060;0
180472;08;2;12;000;2019;08;17;3;3;5;3;0;1;1;0;0;0;0;455824,548468129710000;5428987,553336788000000;8,395886919000077;49,012197809000043;0
180473;08;2;11;000;2019;08;16;3;3;0;5;0;1;0;0;0;0;1;445222,339665006850000;5399718,650541843800000;8,254831518000060;48,748072748000027;0
180475;08;1;36;050;2019;08;14;3;3;4;1;0;1;0;0;1;0;0;582407,241000000390000;5404290,055999999900000;10,121880829000077;48,786146169000062;0
180476;08;1;35;019;2019;08;06;3;2;0;1;0;1;0;0;0;0;0;590582,344914663580000;5391285,497348735100000;10,230293016000076;48,668046752000066;1
180480;08;1;17;019;2019;08;06;3;3;5;3;0;1;1;0;0;0;0;551023,013046826240000;5393830,353679819000000;9,693367687000034;48,695424147000040;0
180482;08;1;11;000;2019;08;14;3;2;5;3;0;1;1;0;0;0;0;514060,800999999980000;5402996,878000000500000;9,191396178000048;48,779813953000030;0
180483;08;1;11;000;2019;08;18;3;3;2;6;0;1;0;0;0;0;1;512852,827491587030000;5409015,412740433600000;9,175141724000071;48,833982085000059;0
180484;08;1;21;000;2019;08;16;2;3;6;7;0;0;1;1;0;0;0;516127,105205526580000;5442667,723318804100000;9,221094225000059;49,136627487000055;0
180485;08;4;36;064;2019;08;12;2;3;0;1;0;1;0;0;0;0;0;544952,096000000830000;5286197,951999999600000;9,599463377000063;47,727592127000037;0
180487;08;4;35;036;2019;08;13;2;3;8;1;0;1;0;0;0;0;0;521069,177633656190000;5282059,938095890000000;9,280776369000023;47,691581911000071;0
180491;08;3;35;043;2019;08;10;2;3;5;3;0;1;0;0;0;0;1;510992,547053635120000;5281898,766622845100000;9,146487721000028;47,690381754000043;0
180492;08;3;35;043;2019;08;19;2;3;0;1;0;1;0;0;0;0;0;514714,762000001040000;5280563,252000000300000;9,196045018000064;47,678291242000057;0
180493;08;3;35;043;2019;08;11;2;3;0;7;0;1;0;0;0;0;0;513372,810310674830000;5279774,833545031000000;9,178142121000064;47,671226477000062;0
180494;08;3;17;096;2019;08;12;2;3;5;3;0;1;1;0;0;0;0;421551,954524618570000;5369683,437376873600000;7,938558794000073;48,475384078000047;0
180496;08;3;15;074;2019;08;10;2;3;0;1;0;1;0;0;0;0;0;398991,280536247420000;5297268,546696372300000;7,650567668000065;47,820834232000038;0
180497;08;3;11;000;2019;08;14;2;2;0;1;0;1;0;0;0;0;0;409801,946622582150000;5316934,567905921500000;7,790844011000047;47,999343261000035;0
180501;08;3;11;000;2019;08;17;2;3;2;6;0;1;1;0;0;0;0;414950,068000001830000;5315691,155000003100000;7,860089323000068;47,988863892000040;0
180502;08;2;12;000;2019;08;18;2;3;6;4;0;0;0;1;0;0;1;456351,792165905240000;5427076,503222832500000;8,403302146000044;48,995045202000028;0
180505;08;2;16;007;2019;08;15;2;3;6;6;0;1;0;1;0;0;0;436009,486259059980000;5394134,958857515800000;8,130384732000039;48,696968878000064;0
180506;08;2;16;005;2019;08;15;2;3;4;1;0;1;1;0;0;0;0;445259,381621229460000;5418375,852105202200000;8,252843984000037;48,915899710000076;0
180507;08;2;15;009;2019;08;17;2;3;3;2;0;1;0;0;0;0;1;469919,455201899630000;5440873,743761638200000;8,587749178000024;49,119965559000036;0
180508;08;1;36;087;2019;08;09;2;2;0;7;0;1;0;0;0;0;0;605208,294478327970000;5409006,489581376300000;10,433409395000069;48,825122790000080;0
180513;08;1;18;073;2019;08;14;2;3;0;7;0;1;0;0;0;0;0;497622,493942965750000;5419497,342314515300000;8,967541385000061;48,928403922000030;0
180514;08;1;15;028;2019;08;11;2;2;6;7;0;0;1;1;0;0;0;501147,469036172140000;5405489,801343441000000;9,015626402000066;48,802398007000079;0
180515;08;1;16;049;2019;08;15;2;3;6;4;0;1;0;1;0;0;0;524481,673798442820000;5384475,776777358700000;9,332145650000030;48,612876380000046;0
180517;08;1;16;077;2019;08;10;2;3;0;7;0;1;0;0;0;0;1;515782,286354436540000;5389130,475793743500000;9,214298436000036;48,655030552000028;1
180519;08;3;35;043;2019;08;00;1;2;0;1;2;1;0;0;0;0;0;512823,240602838810000;5278321,501503864300000;9,170778560000031;47,658161000000064;0
180520;08;4;21;000;2019;08;16;1;3;6;2;0;0;1;1;0;0;0;573278,169992603360000;5360702,024614198100000;9,989930612000023;48,395218672000055;0
180522;08;4;15;028;2019;08;11;1;2;8;1;0;1;0;0;0;0;0;534260,122702625580000;5372598,097972065200000;9,463829170000054;48,505565627000067;0
180524;08;3;35;066;2019;08;00;1;3;9;1;2;1;0;0;0;0;0;504838,862460169010000;5282727,312637077600000;9,064492417000054;47,697912117000044;0
180526;08;3;17;031;2019;08;19;1;3;0;7;0;1;0;1;0;0;0;415456,820084605370000;5359956,958837583700000;7,858067268000070;48,387107131000050;0
180527;08;3;17;075;2019;08;19;1;3;5;3;0;1;1;0;0;0;0;411729,329888350330000;5359237,042357105800000;7,807882047000021;48,380121069000040;0
180530;08;3;15;015;2019;08;18;1;3;0;3;0;1;1;0;0;0;0;393660,245848315770000;5321444,644636396300000;7,573400623000055;48,037427443000070;0
180531;08;3;15;047;2019;08;15;1;3;4;6;0;1;0;0;0;0;0;415521,584426974880000;5321581,008447662000000;7,866587025000058;48,041921244000036;0
180535;08;2;16;039;2019;08;18;1;3;0;7;0;1;0;0;0;0;0;443920,276012635790000;5415165,465315420200000;8,235009051000077;48,886902536000036;0
180538;08;1;36;027;2019;08;11;1;2;0;1;0;1;0;0;0;0;0;553689,001484285110000;5423224,154875520600000;9,733442404000073;48,959602169000050;0
180540;08;1;35;025;2019;08;19;1;3;0;3;0;1;1;0;0;0;0;581938,135072261100000;5399135,969115562700000;10,114469487000065;48,739850834000038;0
180542;08;1;35;020;2019;08;10;1;2;0;7;0;1;0;0;0;0;0;588004,090252339840000;5387058,856012722500000;10,194384860000071;48,630400093000048;0
180545;08;1;19;020;2019;08;00;1;3;0;1;2;1;0;0;0;0;0;519839,054406316020000;5406752,233610505200000;9,270230604000062;48,813439067000047;0
180548;08;1;16;020;2019;08;11;1;2;5;3;0;1;1;0;0;0;0;525972,865802089680000;5382946,525870686400000;9,352280738000047;48,599059018000048;0
180550;08;1;11;000;2019;08;15;1;3;6;7;0;0;0;1;0;0;1;516866,983058946210000;5410029,433994898600000;9,229882781000072;48,843007941000053;0
180551;08;1;11;000;2019;08;21;1;3;6;4;2;0;0;1;0;0;1;514355,510332581590000;5404037,534349929500000;9,195444098000053;48,789168864000032;0
180552;08;1;11;000;2019;08;13;1;3;0;1;0;1;0;0;0;0;0;506171,729449922220000;5399611,830826712800000;9,083959247000053;48,749490448000074;0
180554;08;3;36;091;2019;08;23;7;3;0;7;2;1;0;0;0;0;0;397456,062363122590000;5271760,027942448900000;7,636063924000041;47,591140009000071;0
180556;08;3;35;100;2019;08;19;7;3;0;7;0;1;0;0;0;0;0;488700,359511082990000;5286000,513146780400000;8,849313597000048;47,727282391000074;0
180557;08;3;35;043;2019;08;18;7;3;5;2;0;1;1;0;0;0;0;512959,079134260300000;5278331,576239472300000;9,172587934000035;47,658248943000046;0
180558;08;3;27;057;2019;08;15;7;2;0;1;0;1;0;0;0;0;0;491694,908788692210000;5311303,933568626600000;8,888761700000032;47,954993391000073;0
180560;08;3;17;065;2019;08;17;7;3;0;7;0;1;0;0;0;0;0;417382,776703377250000;5354878,130452806100000;7,885073777000059;48,341678776000037;0
180563;08;2;12;000;2019;08;19;7;3;2;2;0;1;1;0;0;0;0;456840,187216503550000;5428490,015851477200000;8,409828215000061;49,007794276000027;0
180567;08;2;36;074;2019;08;15;7;3;5;3;0;1;1;0;0;0;0;472661,298592130650000;5421666,654348693800000;8,626620262000074;48,947318707000079;0
180568;08;2;26;065;2019;08;15;7;3;0;1;0;1;0;0;0;0;0;479322,659471911380000;5455958,225212534900000;8,715841112000021;49,256041891000052;0
180571;08;2;21;000;2019;08;18;7;3;4;2;0;1;1;0;0;0;0;475327,314441150990000;5474174,806450130400000;8,659808391000070;49,419750667000073;0
180572;08;2;15;106;2019;08;07;7;2;0;1;0;1;0;0;0;0;0;464551,662041598000000;5452867,440668979700000;8,513129784000057;49,227562992000060;0
180576;08;1;17;049;2019;08;11;7;3;5;3;0;1;1;0;0;0;0;556630,770363399760000;5392509,859735347300000;9,769385446000058;48,683062120000045;0
180578;08;1;15;028;2019;08;14;7;3;5;3;0;1;1;0;0;0;0;500988,646713702010000;5404794,490620819900000;9,013461862000042;48,796143312000027;0
180580;08;4;21;000;2019;08;15;6;2;0;7;0;1;0;0;0;0;0;573068,503273007460000;5361187,813267413500000;9,987183163000054;48,399612783000066;0
180581;08;4;21;000;2019;08;06;6;3;0;7;0;1;0;0;0;0;1;569551,795000000860000;5353415,576000003100000;9,938392613000076;48,330096182000034;1
180582;08;4;21;000;2019;08;20;6;3;5;3;1;1;1;0;0;0;0;570748,590646434580000;5361230,553924599700000;9,955852080000057;48,400261877000048;0
180585;08;3;35;063;2019;08;14;6;3;9;7;0;1;1;0;0;0;0;495396,536000519060000;5289024,549105031400000;8,938578399000051;47,754573935000053;0
180587;08;3;35;063;2019;08;15;6;3;0;3;0;1;0;0;0;0;0;495482,607307771220000;5288942,059874264500000;8,939727660000074;47,753832342000067;0
180588;08;3;17;096;2019;08;14;6;3;2;6;0;1;0;0;0;0;0;422212,704090503040000;5368802,682057209300000;7,947661336000067;48,467543843000044;0
180589;08;3;17;096;2019;08;20;6;3;3;6;0;1;1;0;0;0;0;422156,355000001380000;5369081,742000000600000;7,946847213000069;48,470046995000075;0
180590;08;3;17;096;2019;08;13;6;3;0;1;0;1;0;0;0;0;0;422486,371693952010000;5369155,763854857500000;7,951297533000059;48,470753582000043;0
180591;08;3;16;011;2019;08;14;6;2;6;4;0;0;1;1;0;0;0;413580,503999999720000;5330463,730999998700000;7,838752637000027;48,121563373000072;0
180593;08;3;11;000;2019;08;11;6;3;0;1;0;1;0;0;0;0;0;413851,026000000540000;5315922,802000001100000;7,845315629000027;47,990800536000052;0
180594;08;3;11;000;2019;08;21;6;3;5;2;2;1;1;0;0;0;0;414154,415860741400000;5316071,521126745300000;7,849351474000059;47,992179122000039;0
180595;08;3;11;000;2019;08;21;6;3;3;7;2;1;0;0;0;0;1;412738,463000000450000;5315930,018000001100000;7,830405294000059;47,990714595000043;0
180596;08;3;11;000;2019;08;09;6;3;3;6;0;1;0;0;0;0;0;411763,392101589590000;5316166,883382799100000;7,817290278000030;47,992711466000060;0
180598;08;2;31;000;2019;08;23;6;3;6;7;2;0;1;1;0;0;0;478538,013161454350000;5415910,230815954500000;8,707183421000025;48,895767971000055;1
180601;08;2;21;000;2019;08;13;6;3;5;3;0;1;1;0;0;0;0;475540,211944781240000;5470213,129053354300000;8,662987767000061;49,384124645000043;0
180602;08;2;26;056;2019;08;10;6;3;2;1;0;1;1;0;0;0;0;485170,296463787560000;5471062,823323715500000;8,795640273000061;49,392078233000063;0
180603;08;2;16;043;2019;08;13;6;3;6;4;0;0;1;1;0;0;0;439183,453158728780000;5412027,349597595600000;8,170866823000040;48,858228857000029;0
180604;08;2;15;007;2019;08;21;6;3;8;1;1;1;0;0;0;0;0;478642,346576055510000;5431051,690869124600000;8,707812231000048;49,031977434000055;1
180606;08;2;12;000;2019;08;16;6;3;6;6;0;0;0;1;1;0;0;452082,688091260380000;5430295,297081610200000;8,344564742000046;49,023681724000028;0
180609;08;1;25;058;2019;08;06;6;3;4;6;0;1;0;0;1;0;0;507253,627120361660000;5443746,811615107600000;9,099463189000062;49,146503155000062;0
180611;08;1;19;079;2019;08;11;6;3;5;3;0;1;0;0;1;0;0;522569,541465110150000;5407762,103467674900000;9,307477991000042;48,822430442000041;0
180612;08;1;19;020;2019;08;07;6;3;5;3;0;1;1;0;0;0;0;520074,623218858610000;5406674,415209390200000;9,273435476000032;48,812731462000045;0
180613;08;1;18;003;2019;08;09;6;3;1;7;0;1;0;0;0;0;1;510666,475841959010000;5416838,003415297700000;9,145553024000037;48,904393898000080;0
180615;08;2;26;098;2019;08;11;5;3;0;7;0;1;0;0;0;0;1;476642,633000001310000;5460779,889000000400000;8,678729767000050;49,299316498000053;1
180616;08;2;26;095;2019;08;16;5;2;5;3;0;1;1;0;0;0;0;475454,500257051550000;5460212,040688972900000;8,662422704000051;49,294162117000042;0
180617;08;2;26;063;2019;08;17;5;3;5;3;0;1;1;0;0;0;0;469760,407000000590000;5470855,890000000600000;8,583305478000057;49,389646580000033;0
180618;08;2;22;000;2019;08;15;5;3;5;3;0;1;1;0;0;0;0;464288,831030554140000;5484215,983831314400000;8,506706818000055;49,509518704000072;0
180620;08;2;26;018;2019;08;23;5;3;6;6;2;1;0;1;0;0;0;472629,933005795810000;5471238,870729669900000;8,622819553000056;49,393227163000063;0
180622;08;2;16;009;2019;08;20;5;3;8;7;2;1;0;0;0;0;0;446671,792551957070000;5420616,000597294400000;8,271827432000066;48,936173129000053;0
180623;08;3;11;000;2019;08;17;5;3;1;7;0;1;1;0;0;0;0;412539,395953401920000;5316684,846887273700000;7,827583889000039;47,997477320000030;0
180624;08;2;12;000;2019;08;07;5;2;5;3;0;1;1;0;0;0;0;459483,932302448900000;5427205,047573894300000;8,446105432000024;48,996414974000061;1
180625;08;2;37;027;2019;08;11;5;3;0;1;0;1;0;0;0;0;0;483642,715341419910000;5368447,055792937100000;8,778707236000059;48,468942829000071;0
180626;08;2;36;004;2019;08;19;5;3;1;5;0;1;1;0;0;0;0;472767,755571256390000;5413813,248546237100000;8,628598192000027;48,876677582000070;0
180627;08;2;15;017;2019;08;11;5;2;4;2;0;1;1;0;0;0;0;455583,390918161720000;5420552,656733684200000;8,393510333000052;48,936307323000051;0
180628;08;2;12;000;2019;08;08;5;3;1;7;0;1;1;0;0;0;0;453633,052673456260000;5428761,351953791500000;8,365945246000024;49,010002327000052;1
180629;08;1;36;042;2019;08;21;5;3;8;1;2;1;0;0;0;0;0;551196,889000001360000;5405146,925000002600000;9,697137044000044;48,797206412000037;1
180631;08;1;27;025;2019;08;16;5;3;6;6;0;0;1;1;0;0;0;556202,513078286310000;5427929,563085436800000;9,768426607000038;49,001703140000075;0
180632;08;1;19;008;2019;08;18;5;3;3;2;0;1;1;0;0;0;0;532170,813761709260000;5421038,056054964700000;9,439323048000063;48,941431699000077;0
180634;08;1;18;080;2019;08;10;5;3;0;7;0;1;0;0;0;0;0;506781,983342913910000;5411130,338946567800000;9,092451280000034;48,853103637000061;1
180635;08;1;15;045;2019;08;10;5;3;5;3;0;1;1;0;0;0;0;499795,084778613410000;5394886,894813533900000;8,997214712000073;48,707015272000035;0
180637;08;1;11;000;2019;08;09;5;2;8;6;0;1;1;0;0;0;0;511753,383229241710000;5401595,660176968200000;9,159947610000074;48,767256563000046;1
180640;08;1;11;000;2019;08;13;5;3;0;4;0;0;0;1;0;0;1;513944,364227916110000;5404541,845185093600000;9,189863670000023;48,793714947000069;0
180641;08;1;11;000;2019;08;12;5;3;0;1;0;1;0;0;0;0;0;514002,376354827550000;5402827,952359207000000;9,190595151000025;48,778295631000049;0
180643;08;4;36;081;2019;08;13;4;3;5;3;0;1;1;0;0;0;0;558853,667335279290000;5276772,274604804800000;9,783562361000065;47,641672762000042;0
180644;08;4;36;081;2019;08;18;4;3;0;1;0;1;0;0;0;0;0;560009,253512200900000;5280076,238616049300000;9,799399608000044;47,671291934000067;0
180645;08;4;35;057;2019;08;15;4;2;5;2;0;1;0;0;0;0;0;544600,525434372950000;5277909,750231720500000;9,593927958000052;47,653045993000035;0
180647;08;3;36;105;2019;08;16;4;3;8;1;0;1;0;0;0;0;0;400033,132143519820000;5267006,946857458000000;7,671413813000072;47,548786363000033;0
180648;08;3;36;069;2019;08;15;4;3;8;1;0;1;0;0;0;0;0;404748,014387983830000;5267608,275040794200000;7,733929398000043;47,554904411000052;0
180650;08;3;35;043;2019;08;15;4;3;0;1;0;1;0;0;0;0;0;513365,454304888840000;5278250,952799568000000;9,177997512000047;47,657515250000074;0
180652;08;2;37;028;2019;08;17;4;1;5;3;0;1;1;0;0;0;0;458461,106548633430000;5368601,365791121500000;8,438029419000031;48,469171844000073;0
180653;08;3;17;034;2019;08;10;4;3;0;7;0;0;1;1;0;0;0;427194,229520731610000;5361727,729184621900000;8,016272258000072;48,404499848000057;0
180654;08;3;17;096;2019;08;08;4;3;0;3;0;1;0;0;1;0;0;419889,237999999900000;5371630,633000003200000;7,915692247000038;48,492689085000052;0
180655;08;3;17;065;2019;08;18;4;2;9;7;0;1;0;0;0;0;0;414065,845214508470000;5354235,122753702100000;7,840452049000021;48,335452524000061;0
180656;08;3;17;057;2019;08;16;4;2;3;6;0;1;0;0;0;0;0;414092,159121301030000;5378647,120116218900000;7,835798779000072;48,555033123000044;0
180657;08;3;17;153;2019;08;17;4;2;5;3;0;1;1;0;0;0;0;421221,236020977610000;5389754,911883603800000;7,930283741000039;48,655880295000031;0
180658;08;3;16;056;2019;08;18;4;2;6;4;0;0;1;1;0;0;0;422272,014699644410000;5327043,952467449000000;7,956145273000061;48,091921329000058;0
180660;08;3;11;000;2019;08;09;4;3;0;2;0;1;0;0;0;0;1;413066,352843669240000;5315389,814425027000000;7,834908553000048;47,985899938000045;0
180661;08;3;36;050;2019;08;15;4;3;6;4;0;0;1;1;0;0;0;399352,698104528710000;5274351,657482504800000;7,660688889000028;47,614749784000026;0
180662;08;3;11;000;2019;08;17;4;3;5;3;0;1;1;0;0;0;0;413541,106182885360000;5315249,927105458500000;7,841298049000045;47,984705954000049;0
180663;08;3;11;000;2019;08;21;4;3;6;4;2;1;0;1;0;0;0;414852,293621532620000;5316666,685323335200000;7,858585605000030;47,997626177000029;0
180665;08;2;26;098;2019;08;00;4;3;0;7;2;1;0;0;0;0;0;476193,038976574320000;5459898,188179899000000;8,672598439000069;49,291368236000039;0
180666;08;2;26;101;2019;08;16;4;3;0;6;0;1;0;0;1;0;0;486577,363051629630000;5461315,871132740800000;8,815358543000059;49,304436806000069;0
180670;08;2;21;000;2019;08;15;4;3;5;2;0;1;1;0;0;0;0;476666,194063542410000;5473862,386561974900000;8,678287169000043;49,416993341000079;0
180673;08;2;12;000;2019;08;16;4;3;5;3;0;1;0;0;0;0;0;457548,046123410580000;5428716,878519721300000;8,419483303000050;49,009884038000052;0
180675;08;1;35;019;2019;08;16;4;3;6;4;0;0;1;1;0;0;0;584764,005668908360000;5392457,669902183100000;10,151525589000073;48,679406440000037;0
180677;08;4;25;072;2019;08;12;4;3;5;3;0;1;1;0;0;0;0;582627,787536005490000;5371951,871518066200000;10,118432864000056;48,495252590000064;0
180681;08;1;19;086;2019;08;14;4;3;5;3;0;1;1;0;0;0;0;535621,840084641240000;5405535,923402439800000;9,485098368000024;48,801793240000052;0
180682;08;1;19;020;2019;08;18;4;3;1;5;0;1;1;0;0;0;0;520180,305609761740000;5405716,868643878000000;9,274827875000028;48,804114128000037;0
180684;08;1;18;070;2019;08;18;4;3;3;2;0;1;1;0;0;0;0;519929,099431440230000;5423774,515764294200000;9,272287315000028;48,966563318000055;0
180687;08;1;17;019;2019;08;15;4;3;6;4;0;0;1;1;0;0;0;551643,609061553140000;5394132,437661076000000;9,701838279000072;48,698090457000035;0
180688;08;1;16;078;2019;08;18;4;3;5;3;0;1;1;0;0;0;0;511865,584760101510000;5392713,943196706500000;9,161218904000066;48,687354433000053;0
180691;08;4;35;016;2019;08;10;3;3;1;5;0;1;1;0;0;0;0;535875,153992299920000;5277884,478190999500000;9,477738160000058;47,653361249000056;0
180692;08;4;26;028;2019;08;15;3;2;2;6;0;1;0;0;0;0;0;569390,828340849840000;5343121,174106642600000;9,934530216000042;48,237510170000064;0
180693;08;4;16;041;2019;08;14;3;3;1;6;0;1;0;0;0;1;0;503461,693863950670000;5374959,517755216000000;9,046886382000025;48,527734755000040;0
180695;08;4;16;011;2019;08;18;3;3;0;7;0;1;0;0;0;0;0;503810,635631615300000;5366813,721074055900000;9,051538250000021;48,454449795000073;0
180696;08;4;15;061;2019;08;17;3;3;2;6;0;1;1;0;0;0;0;513350,478960600680000;5372495,667316481500000;9,180744214000072;48,505436684000074;0
180698;08;3;35;043;2019;08;18;3;3;0;7;0;1;0;0;0;0;0;513299,256580005400000;5280156,259394429600000;9,177173917000062;47,674659934000033;0
180699;08;3;11;000;2019;08;15;3;2;3;2;0;1;0;0;0;0;0;417483,477313767190000;5315067,237877504900000;7,894157460000031;47,983583333000070;0
180700;08;3;11;000;2019;08;16;3;3;6;4;0;0;0;1;0;0;1;411471,685000000520000;5319574,140999998900000;7,812677795000070;48,023320251000030;0
180702;08;2;12;000;2019;08;12;3;3;5;3;0;1;1;0;0;0;0;459812,701000001280000;5427106,293000003300000;8,450609576000034;48,995548145000043;0