OBJECTID;ULAND;UREGBEZ;UKREIS;UGEMEINDE;UJAHR;UMONAT;USTUNDE;UWOCHENTAG;UKATEGORIE;UART;UTYP1;ULICHTVERH;IstRad;IstPKW;IstFuss;IstKrad;IstGkfz;IstSonstige;LINREFX;LINREFY;XGCSWGS84;YGCSWGS84;STRZUSTAND
181012;08;1;18;011;2019;08;15;3;3;5;2;0;1;1;0;0;0;0;503151,601115359920000;5409209,372020319100000;9,042947537000032;48,835851953000031;1
181014;08;1;15;003;2019;08;11;3;3;3;6;0;1;0;0;0;1;0;500923,389345836830000;5392283,810385281200000;9,012545249000027;48,683597030000044;0
181015;08;1;11;000;2019;08;13;3;2;8;1;0;1;0;0;0;0;0;509691,080000000070000;5399126,934000002200000;9,131824425000048;48,745083496000063;1
181017;08;4;36;064;2019;08;13;2;3;5;3;0;1;1;0;0;0;0;546377,381328162740000;5293363,850286137300000;9,619233889000043;47,791963147000047;0
181021;08;3;36;091;2019;08;04;2;3;7;7;2;1;0;0;0;0;0;396052,368394690570000;5271944,239896627100000;7,617355316000044;47,592573540000046;1
181022;08;3;17;041;2019;08;15;2;3;4;6;0;1;1;0;0;0;0;436949,684651134540000;5348751,166367271900000;8,150011914000061;48,288818648000074;1
181023;08;3;17;096;2019;08;13;2;3;0;7;0;1;0;0;0;0;0;422010,576691728090000;5368884,859258351800000;7,944912031000058;48,468257988000062;0
181025;08;3;36;091;2019;08;16;2;3;1;5;0;1;1;0;0;0;0;396790,600508441220000;5271622,303348545000000;7,627247635000060;47,589795567000067;1
181026;08;2;12;000;2019;08;01;2;3;5;3;2;1;1;0;0;0;0;456871,439090950410000;5428116,838484304000000;8,410295173000066;49,004439682000054;0
181027;08;2;31;000;2019;08;21;2;3;6;4;2;0;1;1;0;0;0;477805,160676158030000;5415979,295736787800000;8,697181141000044;48,896363434000079;0
181028;08;2;31;000;2019;08;12;2;3;0;7;0;1;1;0;0;0;0;475199,992569349710000;5415816,782004652500000;8,661647591000076;48,894802713000047;0
181031;08;2;22;000;2019;08;17;2;2;6;4;0;0;0;1;1;0;0;462853,269611802880000;5480910,835652932500000;8,487188326000023;49,479704363000053;0
181034;08;2;21;000;2019;08;18;2;3;5;2;0;1;1;0;0;0;0;476192,203531786800000;5470049,509407589200000;8,671980687000030;49,382678744000032;0
181035;08;2;15;064;2019;08;05;2;3;5;3;1;1;1;0;0;0;0;478868,220004740170000;5451793,980535507200000;8,709815577000029;49,218568443000038;0
181036;08;2;15;102;2019;08;16;2;3;6;4;0;0;1;1;0;0;0;456797,251385227780000;5437869,984896233300000;8,408240625000076;49,092164644000036;0
181037;08;2;12;000;2019;08;16;2;3;6;7;0;1;0;1;0;0;0;456355,998353181410000;5428066,939526759100000;8,403253217000042;49,003954602000078;0
181038;08;1;36;042;2019;08;14;2;3;9;1;0;1;0;0;0;0;0;550658,066267418680000;5405213,371787369300000;9,689808765000066;48,797848258000045;0
181039;08;1;35;019;2019;08;14;2;3;1;3;0;1;1;0;0;0;0;585444,318253350440000;5389805,635937711200000;10,160217945000056;48,655460533000053;0
181041;08;1;25;027;2019;08;23;2;3;1;5;2;1;1;0;0;0;0;518952,085137459450000;5446571,378697715700000;9,260006559000033;49,171661315000051;0
181042;08;1;25;006;2019;08;10;2;3;5;3;0;1;1;0;0;0;0;507117,529586860910000;5453774,084428731400000;9,097774590000029;49,236703108000029;0
181045;08;1;18;021;2019;08;19;2;3;5;3;0;1;1;0;0;0;0;521146,801399920140000;5427546,899133741900000;9,289120557000047;49,000457430000040;0
181048;08;1;16;047;2019;08;12;2;3;5;3;0;1;1;0;0;0;0;519850,403631773780000;5392847,144707694600000;9,269714846000056;48,688349816000027;0
181052;08;1;11;000;2019;08;08;2;3;5;7;0;1;0;0;0;0;0;507634,193164018910000;5407733,789319928700000;9,104005220000033;48,822538865000070;1
181053;08;1;11;000;2019;08;13;2;3;6;4;0;0;1;1;0;0;0;508320,558869322760000;5406742,174506554400000;9,113335864000021;48,813609598000028;0
181054;08;4;36;087;2019;08;14;1;3;0;7;0;1;0;0;0;0;0;546686,523077269080000;5306451,453056849500000;9,624774025000022;47,909688499000026;0
181055;08;4;35;052;2019;08;20;1;3;1;7;0;1;1;0;0;0;0;521438,573000001720000;5289563,585999999200000;9,286068438000029;47,759083890000056;0
181056;08;4;35;035;2019;08;11;1;3;0;7;0;1;0;0;0;0;0;539964,458698070610000;5279056,315704526400000;9,532299002000059;47,663664999000048;0
181057;08;4;16;041;2019;08;19;1;3;4;6;0;1;1;0;0;0;0;505818,308972414580000;5374997,866640275300000;9,078805704000047;48,528062331000058;0
181058;08;4;15;061;2019;08;23;1;3;0;1;2;1;0;0;0;0;0;515384,224402693100000;5371214,258355852200000;9,208230489000073;48,493862167000032;0
181059;08;3;35;022;2019;08;12;1;3;0;1;0;1;1;0;0;0;0;482722,356996487830000;5297966,090641219200000;8,769118280000043;47,834809825000036;0
181060;08;3;35;077;2019;08;07;1;2;6;6;0;0;1;1;0;0;0;495038,096820222210000;5293768,031297529100000;8,933741738000038;47,797250919000078;0
181061;08;3;35;066;2019;08;13;1;3;5;7;0;1;0;0;0;0;0;504688,717948876320000;5281923,883104207000000;9,062482654000064;47,690684235000049;0
181064;08;3;16;009;2019;08;17;1;2;0;1;0;1;0;0;0;0;0;415326,043572007680000;5327218,774512006000000;7,862847342000066;48,092608783000060;0
181065;08;3;16;017;2019;08;14;1;3;0;6;0;1;1;0;0;0;0;408670,456229652280000;5341805,841318057900000;7,770352919000061;48,222898399000030;0
181066;08;3;15;047;2019;08;16;1;2;0;1;0;1;0;0;0;0;0;415365,157228972760000;5321065,509453235200000;7,864590640000074;48,037263426000038;1
181067;08;2;22;000;2019;08;11;1;3;3;2;0;1;1;0;0;0;0;463860,340000000780000;5484808,587000003100000;8,500733880000041;49,514823470000067;0
181068;08;1;25;069;2019;08;14;1;1;6;4;0;0;0;1;1;0;0;524523,375664124270000;5453911,279053350900000;9,336886947000039;49,237487375000057;0
181069;08;1;19;084;2019;08;14;1;3;0;1;0;1;0;0;0;0;0;547635,020617052910000;5414411,951294073800000;9,649716254000055;48,880831138000076;0
181070;08;1;18;070;2019;08;17;1;3;0;7;0;0;1;1;0;0;0;520463,047520857300000;5424142,472964298000000;9,279600958000060;48,969855850000044;0
181073;08;1;11;000;2019;08;18;1;3;5;3;0;1;1;0;0;0;0;513023,837000002150000;5408542,676000000900000;9,177456989000064;48,829725859000064;0
181074;08;1;11;000;2019;08;14;1;3;5;3;0;1;1;0;0;0;0;513955,444000001070000;5404804,937000000800000;9,190023467000060;48,796081443000048;0
181075;08;1;11;000;2019;08;13;1;3;5;3;0;1;1;0;0;0;0;512487,376334916800000;5402608,043816929700000;9,169966955000064;48,776349605000064;0
181076;08;1;21;000;2019;08;15;7;2;6;4;0;1;0;1;0;0;0;516261,060401213360000;5442805,294933280000000;9,222936216000051;49,137861459000078;0
181078;08;4;15;061;2019;08;00;7;2;6;2;2;0;1;1;0;0;0;515954,410316787660000;5370498,561330551300000;9,215920748000031;48,487409285000069;0
181080;08;3;36;091;2019;08;13;7;3;3;2;0;1;0;0;0;1;0;396984,623000001530000;5272127,883000001300000;7,629708764000043;47,594374235000032;0
181081;08;4;35;036;2019;08;14;7;2;0;1;0;1;0;0;0;0;0;520991,215882223100000;5281932,649462083400000;9,279731307000077;47,690439161000029;0
181083;08;3;11;000;2019;08;20;7;3;0;7;1;0;1;1;0;0;0;417179,187944866720000;5315615,746046150100000;7,889974525000071;47,988478121000071;0
181084;08;3;11;000;2019;08;20;7;2;6;4;2;1;0;1;0;0;0;414712,843000001270000;5318882,672000000300000;7,856275953000022;48,017541234000078;0
181086;08;4;15;073;2019;08;19;6;3;9;1;0;1;0;0;0;0;0;517616,543956278820000;5350159,443252190900000;9,237561817000028;48,304384279000033;0
181088;08;2;22;000;2019;08;17;7;2;6;4;0;0;0;1;0;0;1;462288,219519044270000;5478605,014303851900000;8,479607871000042;49,458929787000045;0
181090;08;2;15;106;2019;08;20;7;3;1;5;1;1;1;0;0;0;0;465184,594950926490000;5452780,382681870800000;8,521830127000044;49,226816221000036;1
181095;08;1;16;033;2019;08;17;7;3;5;3;0;1;1;0;0;0;0;534189,837000002150000;5387236,552000004800000;9,464081194000073;48,637256905000072;0
181099;08;4;36;049;2019;08;19;6;3;5;3;0;1;1;0;0;0;0;578063,484000000170000;5283005,719000000500000;10,040392699000051;47,695718627000076;0
181100;08;4;36;082;2019;08;15;6;3;1;5;0;1;1;0;0;0;0;546898,707712714560000;5295042,769968930600000;9,626375790000054;47,807030568000073;0
181101;08;4;35;036;2019;08;17;6;3;1;6;0;1;1;0;0;0;0;520525,359058292580000;5282130,791696649000000;9,273532643000067;47,692236925000032;0
181102;08;4;35;016;2019;08;17;6;3;3;2;0;1;1;0;0;0;0;538742,156122554090000;5279686,299594685400000;9,516075338000064;47,669407555000078;0
181104;08;4;37;101;2019;08;12;6;2;4;6;0;1;1;0;0;0;0;522323,566791423600000;5323100,305227980000000;9,299613864000037;48,060790644000065;0
181106;08;4;25;141;2019;08;14;6;2;0;1;0;1;0;0;0;0;0;565826,256242564880000;5363383,561431486200000;9,889695115000052;48,420162385000026;0
181107;08;4;15;061;2019;08;08;6;3;0;6;0;1;0;1;0;0;0;513575,266000001690000;5371908,647000001700000;9,183768364000059;48,500150825000048;0
181108;08;3;36;091;2019;08;17;6;3;3;6;0;1;1;0;0;0;0;397517,241998767480000;5271849,686157120400000;7,636856490000071;47,591956181000057;0
181115;08;3;11;000;2019;08;10;6;3;5;3;0;1;0;0;0;0;1;410415,624046985990000;5316478,909265399000000;7,799163954000051;47,995330805000037;0
181117;08;3;11;000;2019;08;11;6;3;3;6;0;1;1;0;0;0;0;413711,186245280320000;5316349,226541636500000;7,843355975000065;47,994617525000081;0
181119;08;3;15;109;2019;08;16;6;3;5;3;0;1;1;0;0;0;0;422621,509999999780000;5314620,984000001100000;7,963082980000024;47,980211164000082;0
181121;08;2;31;000;2019;08;18;6;3;3;6;0;1;1;0;0;0;0;479067,023036117670000;5416666,998245537300000;8,714362084000072;48,902593696000054;0
181125;08;2;22;000;2019;08;17;6;3;1;5;0;1;1;0;0;0;0;461697,032927297060000;5479247,902400093200000;8,471388135000041;49,464675259000046;0
181127;08;2;11;000;2019;08;09;6;3;0;7;0;1;0;0;0;0;0;441136,472459350710000;5405064,649168292100000;8,198489754000036;48,795787717000053;0
181128;08;1;15;045;2019;08;08;6;2;5;3;0;1;1;0;0;0;0;498442,823836901230000;5392842,948670195400000;8,978841960000068;48,688625839000053;0
181133;08;1;19;084;2019;08;18;6;2;0;1;0;1;0;0;0;0;0;547126,617010667920000;5416614,986477255800000;9,643036445000064;48,900686786000051;0
181134;08;1;18;050;2019;08;22;6;3;0;7;2;1;0;0;0;0;0;506078,616251428610000;5416918,243745308400000;9,082949115000076;48,905177741000045;0
181138;08;1;11;000;2019;08;15;6;3;1;5;0;1;1;0;0;0;0;511910,627793449910000;5402229,547718821100000;9,162105842000074;48,772955989000081;0
181140;08;4;35;024;2019;08;12;5;3;6;6;0;0;1;1;0;0;0;527429,120559779000000;5279010,967597408200000;9,365338407000024;47,663910079000061;0
181142;08;3;27;050;2019;08;16;5;3;6;7;0;0;1;1;0;0;0;486648,841703380460000;5314567,605444764700000;8,821073610000042;47,984271928000055;0
181145;08;3;15;006;2019;08;19;5;3;5;3;0;1;1;0;0;0;0;402552,102016691120000;5310560,210478773300000;7,695126313000060;47,940942597000060;0
181146;08;3;15;030;2019;08;16;5;3;5;3;0;1;1;0;0;0;0;405950,639345565810000;5327736,315634306500000;7,736853830000030;48,095949216000065;0
181147;08;4;17;079;2019;08;17;6;3;0;7;0;1;0;0;0;0;0;501935,384458405900000;5342955,388643382100000;9,026066089000040;48,239813522000077;0
181148;08;4;16;036;2019;08;18;6;2;5;3;0;1;1;0;0;0;0;490566,271000001580000;5372583,363000003600000;8,872280192000062;48,506296672000076;0
181152;08;1;15;029;2019;08;19;7;3;0;7;0;1;0;0;0;0;0;496512,667417552320000;5399255,747953360900000;8,952561868000032;48,746307942000044;0
181154;08;4;36;064;2019;08;10;6;3;5;2;0;1;1;0;0;0;0;546260,573007685130000;5292736,050443874700000;9,617607427000053;47,786323237000033;0
181155;08;4;35;059;2019;08;10;6;3;6;2;0;1;0;1;0;0;0;512691,491325216370000;5289928,269761482300000;9,169361953000021;47,762596705000078;0
181156;08;4;26;074;2019;08;12;6;3;5;3;0;1;1;0;0;0;0;555752,824332914320000;5326241,838564096000000;9,748663920000070;48,087007047000043;0
181157;08;4;26;021;2019;08;14;6;2;0;1;0;1;0;0;0;0;0;558652,208774548020000;5326104,932442477000000;9,787575111000024;48,085515175000069;0
181161;08;4;15;061;2019;08;23;6;2;0;1;2;1;0;0;0;0;0;513718,646523334090000;5373727,816737769200000;9,185769103000041;48,516513581000027;0
181163;08;4;15;061;2019;08;22;6;3;6;6;2;0;1;1;0;0;0;517256,125530666670000;5371490,292489830400000;9,233578480000062;48,496296840000070;0
181164;08;4;15;059;2019;08;18;6;3;5;3;0;1;1;0;0;0;0;516809,375493652190000;5368264,642596008300000;9,227401582000027;48,467289848000064;0
181165;08;4;15;078;2019;08;18;6;3;5;3;0;1;1;0;0;0;0;527880,412879284470000;5372878,317160259900000;9,377478645000053;48,508402144000058;0
181166;08;3;37;096;2019;08;18;6;2;0;1;0;1;0;0;0;0;0;419412,179478705860000;5267889,222960166600000;7,928752763000034;47,559417738000036;0
181167;08;3;36;081;2019;08;12;6;3;0;7;0;1;0;0;0;0;0;411648,085714654070000;5277926,784612964800000;7,823543608000023;47,648704524000038;0
181169;08;4;35;016;2019;08;15;6;2;5;3;0;1;1;0;0;0;0;537844,745808430020000;5277441,972440427200000;9,503927273000045;47,649267645000066;0
181170;08;3;26;074;2019;08;19;6;2;0;7;0;1;0;0;0;0;0;459648,809298677370000;5322576,535451538900000;8,458488022000040;48,055192809000062;0
181171;08;3;11;000;2019;08;21;6;3;0;4;1;1;0;1;0;0;0;413819,017734796740000;5316364,444330819000000;7,844798024000056;47,994768958000066;0
181175;08;2;12;000;2019;08;16;6;3;6;4;0;0;1;1;0;0;0;456391,069232455450000;5428250,518053701100000;8,403713000000039;49,005608392000056;0
181178;08;2;26;084;2019;08;18;6;3;1;2;0;1;1;0;0;0;0;467939,197000000630000;5471366,028999999200000;8,558169240000041;49,394141977000061;0
181179;08;2;26;032;2019;08;11;6;3;0;7;0;1;1;0;0;0;0;467274,438495694660000;5462699,641014125200000;8,549720643000057;49,316154337000057;0
181181;08;2;22;000;2019;08;18;6;3;0;4;0;0;0;1;0;0;1;461965,020315031520000;5488332,420058501900000;8,474211491000062;49,546402313000044;0
181183;08;2;22;000;2019;08;12;6;3;4;6;0;1;0;0;0;0;0;464624,947999998930000;5480668,604000000300000;8,511667103000036;49,477631439000049;0
181184;08;2;22;000;2019;08;09;6;2;6;2;0;0;1;1;0;0;0;461687,504039676860000;5484125,477451331900000;8,470783951000044;49,508545866000077;0
181185;08;2;22;000;2019;08;11;6;3;0;7;0;1;0;0;0;0;0;462057,198801246470000;5482831,150679199000000;8,476014706000058;49,496927351000068;0
181186;08;2;16;007;2019;08;14;6;3;0;7;0;1;0;0;0;0;0;435811,227156311270000;5394588,007813194800000;8,127620344000036;48,701023707000047;0
181187;08;2;15;009;2019;08;21;6;3;0;3;1;1;1;0;0;0;0;470301,099517503750000;5441534,951082849900000;8,592930756000044;49,125931807000029;0
181188;08;1;35;031;2019;08;19;6;3;0;7;0;1;1;0;0;0;0;595516,129732137550000;5379008,140406027400000;10,294460270000059;48,556890098000054;0
181190;08;1;18;011;2019;08;07;6;3;3;2;0;1;0;0;0;0;0;504750,009280624800000;5408349,667316710600000;9,064719411000056;48,828107986000077;0
181193;08;1;17;026;2019;08;08;6;3;5;2;0;1;1;0;0;0;0;550589,313174237500000;5392799,259815726400000;9,687348187000055;48,686184308000065;0
181196;08;1;15;028;2019;08;16;6;3;1;5;0;1;0;0;0;0;1;500128,731185805980000;5403813,935673777000000;9,001752555000053;48,787323069000081;0
181197;08;1;11;000;2019;08;18;6;3;1;5;0;1;1;0;0;0;0;507867,665080914270000;5405750,407018292700000;9,107147915000041;48,804693657000030;0
181199;08;1;11;000;2019;08;12;6;3;0;7;0;1;0;0;0;0;0;511223,438037662770000;5406315,389993425500000;9,152864715000021;48,809724640000070;0
181202;08;4;16;036;2019;08;13;5;3;0;7;0;1;0;0;0;0;0;495052,669920261020000;5369384,214976700000000;8,933057740000038;48,477567199000077;0
181203;08;4;15;061;2019;08;06;5;3;0;1;1;1;0;0;0;0;0;516274,638932606210000;5371433,406386841100000;9,220290991000070;48,495811265000043;0
181204;08;4;15;053;2019;08;15;5;2;0;1;0;1;0;0;0;0;0;537049,271515667440000;5362919,793229827700000;9,500731365000036;48,418340131000036;0
181205;08;3;37;126;2019;08;18;5;3;5;3;0;1;1;0;0;0;0;445961,508149036210000;5276091,651198716800000;8,280624249000027;47,635969076000038;0
181206;08;3;37;116;2019;08;17;5;3;6;7;0;0;1;1;0;0;0;418268,713898612190000;5273038,336416231500000;7,912596621000034;47,605597354000054;0
181207;08;3;35;063;2019;08;13;5;3;0;7;0;1;0;0;0;0;0;497227,370429536330000;5287765,691538356200000;8,963014280000039;47,743257736000032;0
181208;08;3;35;035;2019;08;17;5;2;0;1;0;1;0;0;0;0;0;482870,442999999970000;5290331,914000004500000;8,771398671000043;47,766125820000070;0
181210;08;3;26;074;2019;08;15;5;3;3;6;0;1;1;0;0;0;0;455824,586096809250000;5315519,971383078000000;8,407897279000054;47,991453912000054;0
181211;08;3;17;047;2019;08;13;5;3;0;1;0;1;0;0;0;0;0;419131,198032977060000;5363504,421074271200000;7,907004314000062;48,419498100000055;0
181213;08;3;15;113;2019;08;16;5;2;0;7;0;1;0;0;0;0;0;440880,119625691320000;5306905,420482803100000;8,208791233000056;47,912746880000043;0
181217;08;3;11;000;2019;08;18;5;2;6;4;0;1;0;1;0;0;0;413455,649000000210000;5316306,486999999700000;7,839940013000046;47,994198531000052;0
181218;08;3;11;000;2019;08;11;5;3;2;7;0;1;1;0;0;0;0;411641,059313985520000;5316016,827121917200000;7,815681801000039;47,991344776000062;0
181220;08;3;11;000;2019;08;08;5;3;0;1;0;1;0;0;0;0;0;412699,922000001180000;5318242,853000000100000;7,829418193000038;48,011513993000051;0
181221;08;2;12;000;2019;08;07;5;3;0;7;0;1;0;0;0;0;1;455771,117600874980000;5429226,254238791800000;8,395130265000034;49,014341118000061;0
181226;08;2;22;000;2019;08;10;5;3;6;7;0;1;1;1;0;0;0;461412,094219469470000;5479496,464058553800000;8,467431696000062;49,466892909000080;0
181228;08;2;22;000;2019;08;18;5;3;1;7;0;1;1;0;0;0;0;461768,878666603940000;5480994,283052463100000;8,472210870000026;49,480387598000050;1
181229;08;2;21;000;2019;08;18;5;3;5;2;0;1;1;0;0;0;0;477693,181690065190000;5472980,156726729100000;8,692496029000040;49,409096350000027;0
181231;08;2;12;000;2019;08;15;5;3;4;6;0;1;1;0;0;0;0;456381,016266488470000;5428310,891044084000000;8,403569062000031;49,006150744000081;0
181233;08;1;26;046;2019;08;14;5;3;4;6;0;1;1;0;0;0;0;548148,161321404390000;5455390,122643055400000;9,661590169000021;49,249386808000054;0
181241;08;1;11;000;2019;08;17;5;3;6;4;0;1;0;1;0;0;0;512464,233739783060000;5401515,838406588900000;9,169618861000060;48,766524660000073;1
181242;08;4;36;009;2019;08;14;4;3;5;3;0;1;1;0;0;0;0;553707,428257063960000;5305967,920253198600000;9,718662656000049;47,904788751000069;0
181245;08;4;21;000;2019;08;13;4;3;0;1;0;1;0;0;0;0;0;574089,280100062490000;5361530,999261049600000;10,001032645000066;48,402580662000048;1
181246;08;4;25;033;2019;08;13;4;3;0;1;0;1;0;0;0;0;0;554308,873999999840000;5346135,735000001300000;9,731818449000059;48,266100747000053;0
181248;08;4;16;036;2019;08;17;4;2;5;3;0;1;0;0;0;1;0;493951,722465178930000;5362686,587865786600000;8,918257604000075;48,417302540000037;0
181251;08;4;15;090;2019;08;16;4;3;3;2;0;1;1;0;0;0;0;524297,501732327980000;5352981,736094750500000;9,327816869000060;48,329553782000062;0
181252;08;4;15;092;2019;08;16;4;3;0;1;0;1;0;0;0;0;0;518937,840953800830000;5363838,050893437100000;9,255995505000044;48,427405993000036;0
181254;08;3;35;043;2019;08;12;4;3;5;3;0;1;0;0;0;0;0;512767,848055229520000;5280940,569881614300000;9,170117414000060;47,681727602000080;0
181255;08;3;35;043;2019;08;11;4;3;6;4;0;0;1;1;0;0;0;513786,375999999230000;5279924,353000002000000;9,183656011000039;47,672563117000038;0
181256;08;3;11;000;2019;08;21;4;3;4;6;2;1;0;0;0;0;0;411648,318954179990000;5314314,785234682300000;7,816129269000044;47,976035420000073;0
181257;08;2;15;009;2019;08;15;4;3;5;3;0;1;1;0;0;0;0;470230,805663544680000;5441549,005966350400000;8,591966258000070;49,126054832000079;0
181260;08;2;21;000;2019;08;18;4;3;0;7;0;1;0;0;0;0;0;475431,426191683860000;5470129,875473342800000;8,661494065000056;49,383371412000031;0
181262;08;2;16;015;2019;08;16;4;3;0;6;0;1;0;1;0;0;0;451662,320617930960000;5404220,242541911100000;8,341902473000062;48,789099467000028;0
181263;08;2;16;043;2019;08;07;4;3;0;3;0;1;1;0;0;0;0;442021,221070189960000;5411202,692480523100000;8,209667938000052;48,851082783000038;0
181264;08;2;16;043;2019;08;10;4;3;0;5;0;1;1;0;0;0;0;443366,257016139100000;5412723,328225418900000;8,227790523000067;48,864885150000077;0
181265;08;2;15;102;2019;08;12;4;3;5;3;0;1;1;0;0;0;0;455600,874997448180000;5436213,533016471200000;8,392036424000025;49,077179732000047;0
181266;08;2;12;000;2019;08;00;4;3;0;7;2;1;0;0;0;0;0;455866,410296555610000;5427023,399192299700000;8,396672829000067;48,994533019000073;0
181267;08;2;11;000;2019;08;14;4;3;5;7;0;1;1;0;0;0;0;441641,092412156050000;5403980,264745274600000;8,205514201000028;48,786081166000031;0
181268;08;1;28;058;2019;08;18;4;3;7;7;0;1;0;0;0;0;0;557816,820344089530000;5483228,286979025200000;9,798477866000042;49,498930614000074;0
181269;08;1;25;039;2019;08;09;4;3;0;1;0;1;0;0;0;0;0;511742,505381538530000;5458657,880476318300000;9,161451611000075;49,280562469000074;0
181270;08;1;18;071;2019;08;20;4;3;0;7;1;1;0;0;0;0;0;510462,154000000100000;5419166,735000001300000;9,142824596000025;48,925346005000051;0
181271;08;1;16;033;2019;08;11;4;3;6;4;0;1;0;1;0;0;0;530515,716288452040000;5389735,398185430100000;9,414395525000032;48,659926493000057;0
181272;08;1;16;033;2019;08;17;4;2;5;3;0;1;1;0;0;0;0;533509,626577381980000;5387837,459739746500000;9,454897161000076;48,642699439000069;0
181274;08;1;11;000;2019;08;18;4;3;6;7;0;1;0;1;0;0;0;513565,716000000010000;5403233,499000001700000;9,184664908000059;48,781953569000052;0
181276;08;4;26;066;2019;08;19;3;3;5;3;0;1;1;0;0;0;0;583929,289770057420000;5325421,263636011600000;10,126800711000044;48,076538132000053;0
181277;08;4;15;060;2019;08;17;3;2;0;1;0;1;0;0;0;0;0;515147,990270546640000;5378626,666249474500000;9,205302367000058;48,560552156000028;0
181278;08;4;15;078;2019;08;15;3;3;8;3;0;1;0;0;0;0;1;529864,854228680020000;5370710,009341631100000;9,404190628000038;48,488804422000044;0
181279;08;3;36;050;2019;08;11;3;3;6;7;0;0;1;1;0;0;0;399504,102257267570000;5272882,145504966400000;7,663040020000040;47,601554509000039;0
181280;08;3;35;043;2019;08;09;3;3;5;5;0;1;1;0;0;0;0;514784,796451197010000;5281422,273272508800000;9,197007180000071;47,686018803000081;0
181283;08;3;17;057;2019;08;16;3;3;9;1;0;1;0;0;0;0;0;413472,073257007640000;5381165,285593945500000;7,826873558000045;48,577597268000034;0
181284;08;3;15;074;2019;08;08;3;3;5;3;0;1;1;0;0;0;0;394490,515028884630000;5296235,764358341700000;7,590709256000025;47,810822167000026;0
181285;08;3;11;000;2019;08;15;3;3;1;1;0;1;1;0;0;0;0;414029,029203901070000;5315676,792592804900000;7,847750234000046;47,988611543000047;0
181286;08;2;36;028;2019;08;20;3;2;5;3;2;1;1;0;0;0;0;494430,413379604000000;5422521,452301176300000;8,923920580000072;48,955587410000078;0
181287;08;2;26;084;2019;08;12;3;3;5;2;0;1;1;0;0;0;0;468548,363434315660000;5470697,362221555800000;8,566616838000073;49,388159264000080;0
181288;08;2;22;000;2019;08;19;3;3;5;3;0;1;1;0;0;0;0;463564,236103524450000;5477657,545390706500000;8,497302310000066;49,450485602000072;0
181289;08;2;22;000;2019;08;17;3;3;0;7;0;0;1;1;0;0;0;465082,514351039190000;5484348,156787598500000;8,517658192000056;49,510753758000078;0
181290;08;2;22;000;2019;08;11;3;3;5;3;0;1;0;0;0;0;0;464305,580096173100000;5483752,871239757200000;8,506980032000058;49,505354229000034;0
181291;08;2;22;000;2019;08;15;3;2;6;7;0;0;1;1;0;0;0;461768,948651449750000;5481548,349831223500000;8,472158268000044;49,485371145000045;0
181293;08;2;16;007;2019;08;15;3;3;6;2;0;1;0;1;0;0;0;436129,369373183700000;5394431,383794561000000;8,131967873000065;48,699647522000078;0
181294;08;2;12;000;2019;08;10;3;3;1;5;0;1;1;0;0;0;0;454784,463784694670000;5428517,923874031800000;8,381716605000065;49,007898116000035;0
181295;08;2;12;000;2019;08;10;3;3;6;4;0;0;1;1;0;0;0;456890,291413853880000;5427719,913558946900000;8,410595066000042;49,000870606000035;0
181296;08;1;36;088;2019;08;09;3;2;0;7;0;1;0;0;0;0;0;578157,521856638600000;5408155,524482926400000;10,064772276000042;48,821462188000055;0
181297;08;4;25;019;2019;08;08;3;2;0;1;0;1;0;0;0;0;0;575587,775249537080000;5372385,372660184300000;10,023235733000035;48,500038316000030;0
181298;08;1;19;068;2019;08;09;3;3;6;7;0;0;1;1;0;0;0;525855,893754148860000;5412609,244187993900000;9,352554986000030;48,865905713000075;0
181301;08;1;16;068;2019;08;09;3;2;0;7;0;1;0;0;0;0;0;523804,499603781850000;5389866,473486242800000;9,323268207000069;48,661397446000080;0
181303;08;1;16;077;2019;08;09;3;3;0;7;0;1;1;0;0;0;0;515094,386372557840000;5389240,310660036300000;9,204961914000023;48,656035636000070;0
181304;08;1;16;080;2019;08;13;3;2;6;7;0;0;1;1;0;0;0;518755,731157493780000;5394669,132081057900000;9,254924024000047;48,704774281000027;0
181305;08;1;15;045;2019;08;17;3;3;4;2;0;1;1;0;0;0;0;500490,310857361180000;5395287,700721688600000;9,006664973000056;48,710620792000043;0
181306;08;1;15;028;2019;08;17;3;3;5;3;0;1;1;0;0;0;0;500944,848231742160000;5407013,497096229300000;9,012870589000045;48,816105386000061;0
181308;08;1;11;000;2019;08;10;3;3;5;3;0;1;0;0;0;0;1;512995,817752780390000;5403601,678734194500000;9,176918781000040;48,785277850000057;0
181309;08;1;11;000;2019;08;18;3;2;5;4;0;0;1;1;0;0;0;511464,982837961990000;5409334,995915632700000;9,156238988000041;48,836884183000052;0
181311;08;1;25;111;2019;08;13;2;2;4;3;0;1;1;0;0;0;0;529876,269314116800000;5454311,249806782200000;9,410449695000068;49,240847278000047;0
181313;08;4;36;064;2019;08;16;2;3;5;3;0;1;1;0;0;0;0;545270,634869324970000;5292885,702684156600000;9,604407515000048;47,787740009000061;0