OBJECTID;ULAND;UREGBEZ;UKREIS;UGEMEINDE;UJAHR;UMONAT;USTUNDE;UWOCHENTAG;UKATEGORIE;UART;UTYP1;ULICHTVERH;IstRad;IstPKW;IstFuss;IstKrad;IstGkfz;IstSonstige;LINREFX;LINREFY;XGCSWGS84;YGCSWGS84;STRZUSTAND
181314;08;4;35;024;2019;08;15;2;3;0;1;0;1;0;0;0;0;0;527584,160450031050000;5279400,692043617400000;9,367428003000043;47,667410042000029;0
181315;08;4;35;059;2019;08;17;2;2;0;1;0;1;0;0;0;0;0;514356,753886055200000;5288857,601051034400000;9,191548612000076;47,752928402000066;0
181316;08;4;21;000;2019;08;20;2;3;0;1;1;1;0;0;0;0;0;572151,439271541310000;5355918,502371078400000;9,973890657000027;48,352319414000078;0
181317;08;4;16;031;2019;08;06;2;2;5;3;0;1;1;0;0;0;0;502396,912981836130000;5363268,209788041200000;9,032397588000038;48,422559590000049;0
181319;08;3;35;075;2019;08;08;2;3;5;3;0;1;1;0;0;0;0;490271,918699405160000;5288873,286473862800000;8,870206842000073;47,753155984000045;0
181320;08;3;35;043;2019;08;12;2;3;7;7;0;1;0;0;0;0;0;513305,112599888820000;5284957,982206985400000;9,177398413000049;47,717863903000080;0
181321;08;3;35;043;2019;08;09;2;3;5;3;0;1;1;0;0;0;0;513315,710389077660000;5279731,975427387300000;9,177380178000021;47,670842033000042;0
181322;08;3;27;025;2019;08;17;2;3;6;7;0;0;1;1;0;0;0;479821,454042959960000;5309502,659854434400000;8,729814546000057;47,938522902000045;0
181323;08;3;26;074;2019;08;13;2;2;5;3;0;1;1;0;0;0;0;465004,285469722000000;5322692,740646993700000;8,530346178000059;48,056554520000077;0
181324;08;3;17;096;2019;08;16;2;3;0;7;0;1;0;0;0;0;0;421859,079600587490000;5368967,687137486400000;7,942847374000053;48,468984213000056;0
181325;08;3;17;065;2019;08;06;2;3;5;3;0;1;1;0;0;0;0;416083,109614430000000;5355209,025211250400000;7,867472255000052;48,344483820000050;0
181326;08;3;11;000;2019;08;19;2;3;6;4;0;1;0;1;0;0;0;413564,393981962460000;5315248,413928419400000;7,841610386000070;47,984695490000036;0
181327;08;3;11;000;2019;08;18;2;2;0;1;0;1;0;0;0;0;0;415187,932531946340000;5319414,695177979800000;7,862540446000025;48,022390231000031;0
181328;08;3;11;000;2019;08;17;2;3;0;5;0;1;1;0;0;0;0;410761,097427012400000;5314614,490969086100000;7,804181328000027;47,978608218000034;0
181331;08;3;11;000;2019;08;21;2;3;5;3;2;1;0;0;0;0;0;412804,394371113740000;5316744,841243973000000;7,831123255000023;47,998053186000050;0
181338;08;1;18;006;2019;08;23;2;3;1;7;2;1;1;0;0;0;0;517701,861663049090000;5421580,919858798400000;9,241761932000031;48,946898407000049;0
181339;08;1;18;046;2019;08;20;2;3;0;3;1;1;1;0;0;0;0;516370,362835972570000;5412585,324512446300000;9,223216516000036;48,866013457000065;0
181340;08;1;17;049;2019;08;15;2;3;5;3;0;1;0;0;0;1;0;555018,605973990630000;5392006,317244242900000;9,747417537000047;48,678676766000081;0
181342;08;1;15;003;2019;08;22;2;2;5;2;2;1;1;0;0;0;0;500707,521509612910000;5393362,323866028300000;9,009614297000042;48,693299732000071;0
181343;08;1;15;013;2019;08;16;2;2;5;3;0;1;1;0;0;0;0;496897,874585806390000;5390138,273608155500000;8,957870351000054;48,664288485000043;0
181345;08;1;11;000;2019;08;12;2;3;0;7;0;1;0;0;0;0;1;508348,871185484340000;5396928,551385359800000;9,113522325000076;48,725326254000038;0
181347;08;4;25;081;2019;08;22;1;2;0;1;2;1;0;0;0;0;0;548165,405000000260000;5342221,999000001700000;9,648594969000044;48,231388940000045;0
181348;08;3;35;043;2019;08;12;1;3;3;6;0;1;0;0;1;0;0;513459,963122787890000;5279848,916258355600000;9,179305380000074;47,671891240000036;0
181349;08;3;35;043;2019;08;01;1;1;0;1;2;1;0;0;0;0;0;512478,574481445360000;5281216,871617054600000;9,166271081000048;47,684219318000032;0
181350;08;3;17;001;2019;08;11;1;2;5;3;0;1;0;0;0;0;0;431958,947201028470000;5387118,756091199800000;8,076500052000029;48,633429739000064;0
181353;08;3;15;132;2019;08;11;1;3;0;7;0;1;0;0;0;0;0;408740,956716530960000;5324901,663802297800000;7,774926328000049;48,070857315000069;0
181354;08;2;37;040;2019;08;10;1;3;0;1;0;1;0;0;0;0;0;477309,683964352120000;5367129,578190339700000;8,693102131000046;48,456893746000048;0
181355;08;2;35;047;2019;08;12;1;2;0;7;0;1;0;0;0;0;0;478976,405888002370000;5389017,164223838600000;8,714539472000070;48,653856812000072;0
181356;08;2;26;098;2019;08;19;1;3;1;5;0;1;1;0;0;0;0;477539,162748415950000;5460443,212373806200000;8,691079873000035;49,296321709000040;0
181358;08;1;19;067;2019;08;10;7;2;0;3;0;1;1;0;0;0;0;538335,290153782810000;5405931,054586499900000;9,522085490000052;48,805186238000033;0
181359;08;2;21;000;2019;08;14;1;3;0;7;0;1;0;0;0;0;0;477401,257000001150000;5471881,654000001000000;8,688534357000037;49,399204710000049;0
181360;08;1;36;021;2019;08;14;1;3;0;7;0;1;0;0;0;0;0;573586,035123243930000;5407682,253136441100000;10,002418396000053;48,817763714000080;0
181362;08;1;35;015;2019;08;10;7;2;5;3;0;1;1;0;0;0;0;574483,750085849310000;5386610,585806097800000;10,010839769000029;48,628124586000069;0
181363;08;1;18;040;2019;08;14;1;3;4;3;0;1;0;0;0;0;0;510681,832504862920000;5432295,254355168000000;9,146168527000043;49,043441316000042;0
181364;08;1;16;050;2019;08;13;1;3;1;5;0;1;1;0;0;0;0;526723,164995728990000;5387679,815919300500000;9,362762140000029;48,641608266000048;0
181365;08;1;15;029;2019;08;11;1;2;0;1;0;1;0;0;0;0;0;495859,036597522910000;5398608,929391220200000;8,943677044000026;48,740485150000040;0
181366;08;1;11;000;2019;08;18;1;3;5;3;0;1;1;0;0;0;0;507563,650680010210000;5398978,504247067500000;9,102883067000050;48,743777692000037;0
181368;08;1;28;007;2019;08;13;7;3;5;3;0;1;0;0;0;0;1;560608,552384200510000;5479901,693863473800000;9,836518889000047;49,468739057000050;0
181370;08;1;27;076;2019;08;08;7;2;5;3;0;1;1;0;0;0;0;552485,512000000100000;5439872,598000003000000;9,719158483000058;49,109455855000078;0
181373;08;3;26;074;2019;08;18;7;3;5;4;0;0;0;1;0;0;1;464732,431804651390000;5322866,780097696900000;8,526683591000051;48,058105346000048;0
181375;08;1;27;014;2019;08;10;7;2;6;1;0;1;0;1;0;0;0;577347,520492781880000;5443302,851465007300000;10,060425054000063;49,137682700000028;0
181376;08;3;11;000;2019;08;11;7;3;3;6;0;1;1;0;0;0;0;414520,214451843870000;5316526,635164802900000;7,854162865000035;47,996322057000043;0
181378;08;3;11;000;2019;08;09;7;3;1;7;0;1;1;0;0;0;0;412318,716643352060000;5314858,295071430500000;7,824999373000026;47,981016694000061;0
181379;08;3;15;073;2019;08;11;7;3;0;1;0;1;0;0;0;0;0;412297,790349700490000;5313517,161440702200000;7,824992778000024;47,968949884000040;0
181380;08;2;12;000;2019;08;09;7;3;5;3;0;1;1;0;0;0;0;454328,712098725140000;5429516,188692713200000;8,375372650000031;49,016844009000067;0
181383;08;2;26;095;2019;08;12;7;3;2;6;0;1;1;0;0;0;0;473425,544580780900000;5460336,423487387600000;8,634510527000032;49,295196053000041;0
181384;08;2;26;096;2019;08;12;7;3;4;7;0;1;1;0;0;0;0;476085,631396765820000;5488167,349004181100000;8,669417786000054;49,545639836000078;0
181387;08;2;16;015;2019;08;11;7;3;5;3;0;1;1;0;0;0;0;449962,348200865090000;5405882,197889762000000;8,318557266000028;48,803914790000078;0
181388;08;1;36;021;2019;08;16;7;3;0;1;0;1;0;0;0;0;0;571839,270956566560000;5403373,186293741700000;9,977873206000027;48,779209741000045;0
181392;08;1;15;045;2019;08;00;7;3;1;1;2;1;1;0;0;0;0;499122,115962242710000;5396829,315054910300000;8,988063324000052;48,724488821000079;0
181393;08;1;11;000;2019;08;17;7;3;6;7;0;1;0;1;0;0;0;508577,400430035780000;5406788,511951288200000;9,116835311000045;48,814022952000073;0
181394;08;4;36;064;2019;08;13;6;3;5;3;0;1;1;0;0;0;0;546666,915633820930000;5293412,023341467600000;9,623104716000057;47,792375640000046;0
181395;08;1;11;000;2019;08;13;7;3;0;2;0;1;1;0;0;0;0;517610,870082744400000;5405674,394782181800000;9,239834236000036;48,803810156000054;0
181399;08;3;35;063;2019;09;16;5;3;5;7;0;1;1;0;0;0;0;498106,288783545610000;5287678,532359197700000;8,974739061000037;47,742476693000071;0
181400;08;3;35;043;2019;09;12;5;2;5;3;0;1;1;0;0;0;0;512751,882626283910000;5278134,648029491300000;9,169822775000057;47,656481162000034;1
181401;08;3;35;075;2019;09;08;5;2;1;5;0;1;1;0;0;0;0;488012,402000001630000;5289142,543999999800000;8,840052802000059;47,755540588000031;0
181404;08;3;17;096;2019;09;11;5;3;5;3;0;1;1;0;0;0;0;420040,310553362590000;5368191,640783203800000;7,918394480000075;48,461775174000081;0
181405;08;3;17;096;2019;09;11;5;2;5;3;0;1;1;0;0;0;0;422286,043345594780000;5368944,780710935600000;7,948626921000027;48,468831078000051;0
181407;08;3;15;072;2019;09;09;5;3;3;5;0;1;1;0;0;0;0;402134,499487038700000;5319148,177652079600000;7,687579209000035;48,018126494000057;0
181408;08;3;11;000;2019;09;18;5;3;5;3;0;1;1;0;0;0;0;411918,200283659620000;5315181,402972694500000;7,819567034000045;47,983868124000026;0
181411;08;2;31;000;2019;09;10;5;3;6;7;0;0;0;1;0;1;0;478521,151087183510000;5415385,574575431600000;8,706980950000059;48,891047754000056;0
181412;08;2;26;098;2019;09;06;5;3;0;7;1;1;0;0;1;0;1;476789,868167652750000;5459531,451829098200000;8,680827402000034;49,288092397000071;1
181413;08;2;26;096;2019;09;16;5;3;0;7;0;1;0;0;0;0;0;475902,592106854540000;5488727,589762408300000;8,666853307000054;49,550671726000076;0
181415;08;2;22;000;2019;09;08;5;2;3;2;0;1;1;0;0;0;0;462198,758999999610000;5481368,030999997600000;8,478109476000043;49,483776194000029;0
181416;08;2;21;000;2019;09;19;5;3;3;2;0;1;1;0;0;0;0;476745,960287080150000;5469050,256430817800000;8,679668539000033;49,373711974000059;0
181417;08;2;21;000;2019;09;13;5;3;0;7;0;1;0;0;0;0;0;476539,913234742360000;5473393,078008974000000;8,676573851000057;49,412767136000070;0
181419;08;2;16;015;2019;09;15;5;3;0;7;0;1;0;0;0;0;0;451280,899629964490000;5405187,917275589000000;8,336595186000068;48,797774263000065;0
181420;08;2;12;000;2019;09;15;5;3;5;3;0;1;1;0;0;0;0;455736,698000000790000;5428249,746000001200000;8,394766054000058;49,005554862000054;0
181421;08;2;12;000;2019;09;13;5;3;5;2;0;1;1;0;0;0;0;455097,194306581280000;5429281,121302984700000;8,385908237000024;49,014785973000073;0
181425;08;1;25;078;2019;09;16;6;2;0;7;0;1;0;0;0;0;0;519828,539948040620000;5455181,394530801100000;9,272455906000062;49,249082306000048;0
181426;08;1;27;014;2019;09;18;5;2;6;4;0;0;1;1;0;0;0;578270,590980751440000;5443473,105531653400000;10,073110985000028;49,139097023000033;0
181427;08;1;27;076;2019;09;08;5;2;6;4;0;0;1;1;0;0;0;556172,583335110920000;5439799,661046929700000;9,769664104000071;49,108474065000053;0
181428;08;1;21;000;2019;09;12;5;3;5;3;0;1;1;0;0;0;0;515771,319000002000000;5444408,703000001600000;9,216284765000069;49,152297404000080;0
181430;08;1;18;048;2019;09;10;5;2;0;7;0;1;0;0;0;0;0;515110,994612697510000;5415914,797828424700000;9,206167707000077;48,895996513000057;0
181436;08;4;17;079;2019;09;16;4;3;0;7;0;0;0;1;0;0;1;502245,862808122300000;5339824,013577070100000;9,030231069000024;48,211640046000070;0
181437;08;3;37;066;2019;09;18;4;3;5;3;0;1;1;0;0;0;0;430872,813543782570000;5268708,312877753700000;8,080947261000063;47,568108495000047;0
181438;08;3;37;116;2019;09;19;4;3;4;6;0;1;1;0;0;0;0;418509,336772990410000;5272469,255605908100000;7,915903213000036;47,600508089000073;0
181439;08;3;37;002;2019;09;16;4;2;5;3;0;1;1;0;0;0;0;432115,666943545450000;5272554,126015145300000;8,096873995000067;47,602839407000033;0
181440;08;3;36;084;2019;09;09;4;3;0;2;0;1;0;0;0;0;0;405630,635789961550000;5277229,109262796100000;7,743587584000068;47,641579026000045;0
181442;08;3;35;063;2019;09;14;4;3;4;6;0;1;0;0;0;0;0;495155,158267445860000;5288876,452990211500000;8,935359476000031;47,753239662000055;0
181444;08;3;27;049;2019;09;07;4;3;1;1;0;1;1;0;0;0;0;471824,718685860750000;5325128,659649210100000;8,621715718000075;48,078807877000031;0
181445;08;3;26;074;2019;09;14;4;3;6;7;0;0;1;1;0;0;0;460048,515578658320000;5322868,376071576000000;8,463824566000028;48,057843568000067;0
181447;08;3;26;012;2019;09;16;4;3;2;6;0;1;1;0;0;0;0;462601,488118113020000;5311200,963974226300000;8,499103116000072;47,953028574000029;0
181449;08;3;17;096;2019;09;12;4;3;9;1;0;1;0;0;0;0;0;421635,071267843250000;5368817,710390770800000;7,939845453000032;48,467607312000041;0
181450;08;3;17;114;2019;09;06;4;3;6;6;1;0;1;1;0;0;0;406667,582999999630000;5346269,438000002900000;7,742409296000062;48,262755298000059;0
181451;08;3;17;031;2019;09;12;4;3;5;3;0;1;1;0;0;0;0;418638,210000001830000;5357881,074000004700000;7,901432086000057;48,368853122000075;0
181452;08;3;17;057;2019;09;08;4;2;6;4;0;0;1;1;0;0;0;413365,905692776670000;5379402,788735782700000;7,825801611000031;48,561729995000064;0
181454;08;3;16;051;2019;09;18;4;2;5;3;0;1;0;0;0;0;1;398503,762467881660000;5335256,295047992800000;7,635074123000038;48,162444419000053;0
181455;08;3;15;076;2019;09;11;4;3;5;3;0;1;1;0;0;0;0;392008,297000002120000;5294802,783000001700000;7,557921847000046;47,797521249000056;0
181456;08;3;11;000;2019;09;11;4;2;6;7;0;0;1;1;0;0;0;414203,400319046340000;5320649,317868787800000;7,849091842000064;48,033364585000072;0
181457;08;3;11;000;2019;09;10;4;3;5;2;0;1;1;0;0;0;0;411031,783068824560000;5316730,373870560900000;7,807369279000056;47,997678825000037;0
181458;08;3;36;091;2019;09;14;4;3;4;3;0;1;1;0;0;0;0;395935,849000000390000;5271943,403000002700000;7,615806115000055;47,592547323000076;0
181460;08;3;15;006;2019;09;13;4;2;5;3;0;0;1;1;0;0;0;403830,076000001280000;5307920,933000002100000;7,712823804000038;47,917395365000061;0
181462;08;2;26;098;2019;09;10;4;2;6;7;0;0;1;1;0;0;0;478149,621540155260000;5460092,084783183400000;8,699495031000026;49,293185445000063;0
181463;08;2;26;096;2019;09;15;4;3;5;2;0;1;1;0;0;0;0;476123,369485297240000;5489136,228958105700000;8,669880730000045;49,554356019000068;0
181467;08;2;22;000;2019;09;11;4;2;6;4;0;0;0;1;0;0;1;461390,895315615460000;5481878,058612313100000;8,466906664000021;49,488312765000046;0
181470;08;2;21;000;2019;09;17;4;3;5;3;0;1;1;0;0;0;0;477473,167496209960000;5472171,464523701000000;8,689509008000073;49,401814180000031;0
181471;08;2;21;000;2019;09;19;4;3;4;2;0;1;1;0;0;0;0;478594,502922315150000;5467706,109749736300000;8,705204705000028;49,361689232000060;0
181473;08;2;15;009;2019;09;16;4;3;1;5;0;1;1;0;0;0;0;470456,506523155610000;5441389,407288333400000;8,595071453000060;49,124630102000026;0
181478;08;1;35;019;2019;09;19;4;3;0;1;0;1;0;0;0;0;0;585277,506284338420000;5390135,187632400500000;10,158021245000043;48,658447415000069;0
181479;08;1;21;000;2019;09;16;4;3;0;7;0;1;0;0;0;0;0;515695,733312785630000;5442975,150016650600000;9,215192356000046;49,139404067000044;0
181481;08;1;19;020;2019;09;12;4;3;5;4;0;0;1;1;0;0;0;519893,341120639820000;5407472,441004943100000;9,271004964000042;48,819916176000049;0
181487;08;1;16;080;2019;09;18;4;3;5;2;0;1;1;0;0;0;0;520438,639583066110000;5396968,081086924300000;9,277911388000064;48,725402650000035;0
181489;08;1;16;019;2019;09;12;4;3;5;3;0;1;1;0;0;0;0;523507,561160543930000;5398331,444430980800000;9,319717714000035;48,737559128000044;0
181490;08;1;15;003;2019;09;12;4;3;6;7;0;0;1;1;0;0;0;500618,977416650390000;5392612,822464516400000;9,008409975000063;48,686557235000066;0
181492;08;1;15;003;2019;09;23;4;3;0;7;2;1;0;0;0;0;0;498329,774545491670000;5392534,100913569300000;8,977307158000031;48,685847119000073;0
181496;08;1;11;000;2019;09;19;4;3;5;3;0;1;1;0;0;0;0;511385,595685532320000;5409536,076304778500000;9,155162731000075;48,838694531000044;0
181502;08;4;15;061;2019;09;16;3;3;0;1;0;1;0;0;0;0;0;515807,699653301390000;5370946,778685694600000;9,213952199000062;48,491445314000032;0
181503;08;4;15;061;2019;09;18;3;3;2;2;0;1;0;0;0;0;0;515737,253046858120000;5370518,422485649600000;9,212982595000028;48,487593438000033;0
181504;08;4;15;061;2019;09;10;3;2;0;1;0;1;0;0;0;0;0;511005,661000000310000;5362915,781000003200000;9,148747205000063;48,419297377000078;0
181505;08;4;15;059;2019;09;15;3;3;6;2;0;0;1;1;0;0;0;516829,002581940960000;5368445,451033605300000;9,227674377000028;48,468915945000049;0
181506;08;3;35;075;2019;09;18;3;3;5;3;0;1;1;0;0;0;0;488225,619030634870000;5290107,533835260200000;8,842871545000037;47,764227044000052;0
181507;08;3;35;043;2019;09;18;3;3;5;2;0;1;1;0;0;0;0;512657,644000001250000;5278214,542000001300000;9,168570075000048;47,657201873000076;0
181508;08;4;36;081;2019;09;13;3;2;5;3;0;1;1;0;0;0;0;559429,671559495850000;5289064,881632136200000;9,792905405000056;47,752214305000052;0
181509;08;3;27;050;2019;09;07;3;3;5;3;0;1;0;0;0;0;1;486247,965500001800000;5314114,474421976100000;8,815715782000041;47,980186538000055;0
181512;08;3;17;114;2019;09;19;3;3;6;4;1;0;1;1;0;0;0;404913,450120322410000;5347038,913168080200000;7,718606612000031;48,269415470000069;0
181513;08;3;16;056;2019;09;12;3;3;0;1;0;1;0;0;0;0;0;418953,041513456030000;5325824,519301582100000;7,911812438000027;48,080538515000057;0
181517;08;3;11;000;2019;09;14;3;3;0;7;0;1;0;0;0;0;0;411769,048000001350000;5317137,796000000100000;7,817166440000051;48,001445870000055;0
181518;08;3;15;047;2019;09;19;3;2;2;7;0;1;1;0;0;0;0;415678,299669518140000;5321724,385167170300000;7,868660942000076;48,043231690000027;0
181519;08;2;12;000;2019;09;16;3;3;3;6;0;1;0;0;0;0;1;455736,811305791140000;5428250,833239026400000;8,394767484000056;49,005564650000053;0
181521;08;2;31;000;2019;09;08;3;3;6;4;0;0;1;1;0;0;0;478110,398039436900000;5416003,015279768000000;8,701344365000068;48,896587667000063;0
181522;08;2;26;041;2019;09;20;3;3;5;3;2;1;0;0;0;1;0;477034,742445517330000;5466074,863865394100000;8,683818169000062;49,346959524000056;0
181523;08;2;26;041;2019;09;18;3;3;0;7;0;1;0;0;0;0;0;477488,118657891640000;5465579,467240855100000;8,690088067000033;49,342520364000052;0
181524;08;2;26;098;2019;09;11;3;2;0;7;0;1;0;0;0;0;0;477869,512071928940000;5460413,948735369400000;8,695624959000043;49,296070538000038;0
181526;08;2;26;096;2019;09;07;3;3;5;3;0;1;1;0;0;0;0;475744,059233166280000;5488545,136658679700000;8,664672863000021;49,549024302000078;0
181527;08;2;26;096;2019;09;18;3;3;3;2;0;1;1;0;0;0;0;475070,899359427390000;5488957,951307142200000;8,655340790000025;49,552710061000028;0
181529;08;2;22;000;2019;09;20;3;3;5;3;1;1;1;0;0;0;0;462452,065315155310000;5487858,018744785300000;8,480989220000026;49,542165754000052;0
181530;08;2;21;000;2019;09;06;3;3;5;3;0;1;1;0;0;0;0;477676,317143664700000;5469948,269646229200000;8,692433887000050;49,381824309000081;0
181531;08;2;21;000;2019;09;06;3;3;4;6;1;1;0;0;0;0;0;477538,633200000040000;5471862,895999999700000;8,690428766000025;49,399041069000077;0
181532;08;2;21;000;2019;09;13;3;3;4;3;0;1;1;0;0;0;0;475910,592725706290000;5474111,739949200300000;8,667854426000076;49,419206775000077;0
181533;08;2;15;103;2019;09;17;3;3;0;7;0;1;0;0;0;0;0;466378,021250050510000;5442303,352028297300000;8,539096568000048;49,132641564000039;0
181534;08;2;12;000;2019;09;16;3;3;5;3;0;1;1;0;0;0;0;459044,796694315040000;5428947,123818969400000;8,439926607000075;49,012056288000053;0
181535;08;1;15;015;2019;09;16;3;2;5;2;0;1;0;0;0;0;0;492428,257000000220000;5387140,660000000100000;8,897223822000058;48,637283312000079;0
181536;08;1;36;065;2019;09;16;3;3;2;6;0;1;1;0;0;0;0;560736,778640801090000;5408188,011816417800000;9,827476668000031;48,823702113000081;0
181540;08;1;36;088;2019;09;13;3;3;5;3;0;1;1;0;0;0;0;580350,280882360410000;5409703,085020298100000;10,094942779000064;48,835101558000076;0
181541;08;1;28;115;2019;09;10;3;3;4;1;0;1;1;0;0;0;0;547705,102658178660000;5496694,522209851100000;9,660472593000065;49,620927385000073;0
181543;08;1;19;091;2019;09;16;3;3;0;3;0;1;0;0;0;0;0;528348,773212234490000;5405911,799950346400000;9,386082318000035;48,805548780000038;0
181544;08;1;19;067;2019;09;16;3;2;4;6;0;1;0;0;0;0;1;537385,250701935030000;5406690,092436363900000;9,509216648000063;48,812072082000043;0
181545;08;1;18;073;2019;09;13;3;3;0;3;0;1;1;0;0;0;0;497613,444400803190000;5419967,338330065800000;8,967415086000074;48,932631842000035;0
181546;08;1;18;078;2019;09;17;3;3;6;2;0;0;1;1;0;0;0;514157,338999999690000;5420274,307000003800000;9,193307789000073;48,935235866000028;0
181547;08;1;18;048;2019;09;18;3;3;0;7;0;1;0;0;0;0;0;513416,623849434780000;5415004,456861643100000;9,183020702000022;48,887846333000027;0
181549;08;1;16;033;2019;09;11;3;3;0;7;0;1;0;0;0;0;0;534697,575004514310000;5389128,731301996900000;9,471131343000025;48,654250726000043;0
181551;08;1;15;045;2019;09;15;3;3;7;7;0;1;0;0;0;0;0;500943,153000000860000;5396020,168000001500000;9,012822295000035;48,717209595000043;0
181553;08;1;15;003;2019;09;19;3;3;5;3;0;1;1;0;0;0;0;500793,560097312550000;5391692,189027242400000;9,010780242000067;48,678274913000052;0
181555;08;1;11;000;2019;09;12;3;3;6;7;0;0;1;1;0;0;0;511752,027999999000000;5404185,928999999500000;9,160003210000070;48,790558461000046;0
181557;08;1;11;000;2019;09;11;3;3;4;7;0;1;1;0;0;0;0;518562,573134612290000;5406333,730131149300000;9,252824723000060;48,809713731000045;0
181558;08;1;11;000;2019;09;19;3;3;5;2;0;1;1;0;0;0;0;512587,429805141870000;5401239,526862882100000;9,171286907000024;48,764036497000063;0
181561;08;4;26;044;2019;09;19;2;2;5;3;0;1;1;0;0;0;0;579881,408278623600000;5326478,008375342900000;10,072663239000065;48,086564083000042;0
181563;08;4;17;051;2019;09;16;2;3;4;2;0;1;1;0;0;0;0;492793,975462238300000;5358539,970308406300000;8,902681869000048;48,379985120000072;0
181564;08;3;36;081;2019;09;07;2;2;5;3;0;1;1;0;0;0;0;411120,875000000930000;5277374,030000003100000;7,816637365000076;47,643659848000027;0
181567;08;3;15;006;2019;09;08;2;3;5;3;0;1;1;0;0;0;0;400558,907977246680000;5308956,552265256600000;7,668814219000069;47,926211610000053;0
181568;08;2;12;000;2019;09;11;2;3;5;2;0;1;1;0;0;0;0;456728,287479353140000;5428854,473941292600000;8,408259322000049;49,011064785000030;0
181570;08;2;31;000;2019;09;15;2;3;5;3;0;1;1;0;0;0;0;477403,882563980300000;5415506,263241654300000;8,691732484000056;48,892093693000049;0
181574;08;2;21;000;2019;09;08;2;3;4;6;0;1;0;0;1;0;0;472159,316091791730000;5469336,959202360400000;8,616467423000074;49,376098487000036;0
181575;08;2;26;085;2019;09;20;2;2;0;7;2;1;0;0;0;0;0;491050,889428102410000;5456215,502422891600000;8,877010220000045;49,258640136000054;0
181576;08;2;26;098;2019;09;16;2;3;5;3;0;1;0;0;0;0;0;475912,826697665270000;5457930,870739029700000;8,668863443000021;49,273661187000073;0
181577;08;2;16;015;2019;09;12;2;2;0;6;0;1;1;0;0;0;0;449760,275556195530000;5405666,030957758400000;8,315831974000048;48,801954006000074;0
181580;08;1;36;088;2019;09;11;2;3;0;1;0;1;0;0;0;0;0;580445,318860864270000;5411937,702494198500000;10,096676448000039;48,855187870000066;0
181581;08;1;21;000;2019;09;07;2;3;0;7;0;1;0;0;0;0;0;516191,064746949820000;5443972,544034386100000;9,222023498000056;49,148363092000068;0
181582;08;1;19;079;2019;09;13;2;3;0;1;0;1;0;0;0;0;0;522682,812828576190000;5407711,776420893100000;9,309018346000073;48,821973586000070;0
181584;08;1;18;048;2019;09;17;2;3;0;7;0;1;0;0;0;0;0;513396,724767292850000;5415032,266805267000000;9,182750165000073;48,888096935000078;0
181585;08;1;18;003;2019;09;16;2;3;0;3;0;1;1;0;0;0;0;510415,114695841450000;5417113,362872272700000;9,142130026000075;48,906875237000065;0
181586;08;1;16;019;2019;09;12;2;2;3;6;0;1;1;0;0;0;0;524422,259817572310000;5397798,619630873200000;9,332126405000054;48,732730713000080;0
181587;08;1;15;042;2019;09;10;2;3;0;7;0;1;0;1;0;0;0;496614,900445077570000;5405873,405650943500000;8,953898062000064;48,805840722000028;0
181588;08;1;11;000;2019;09;12;2;3;6;7;0;0;1;1;0;0;0;511363,329129079360000;5405970,154720770200000;9,154760486000043;48,806616401000042;0
181590;08;4;36;055;2019;09;11;1;3;6;4;0;0;1;1;0;0;0;577290,218626288700000;5296956,192896043900000;10,032569156000022;47,821311565000030;0
181591;08;1;25;048;2019;09;13;6;3;5;3;0;1;0;0;0;0;1;534484,663999999870000;5462188,669000001600000;9,474438303000056;49,311461405000045;0
181592;08;4;26;062;2019;09;02;1;2;9;1;2;1;0;0;0;0;0;557647,424221795050000;5320396,451142676200000;9,773314729000049;48,034251801000039;0
181593;08;4;15;061;2019;09;12;1;2;8;1;0;1;0;0;0;0;0;515887,462282482530000;5372091,391694810200000;9,215075305000028;48,501740634000043;1
181594;08;4;15;092;2019;09;11;1;3;8;1;0;1;0;0;0;0;0;521848,004887540820000;5365881,971703680200000;9,295440232000033;48,445699647000026;0
181595;08;3;35;043;2019;09;01;1;3;2;4;2;1;0;1;0;0;0;512616,199338083160000;5280456,853374453300000;9,168082893000076;47,677378267000051;0
181597;08;3;16;020;2019;09;12;1;3;8;1;0;1;0;0;0;0;0;405942,305849486960000;5341062,999097166600000;7,733795501000031;48,215818136000053;0
181598;08;1;19;076;2019;09;16;6;3;6;4;0;0;1;1;0;0;0;542595,381992670710000;5406639,723441483500000;9,580173954000031;48,811283672000059;0
181600;08;3;11;000;2019;09;14;1;2;8;1;0;1;0;0;0;0;0;412344,743144650940000;5314148,077204598100000;7,825492999000062;47,974631618000046;0
181604;08;2;26;106;2019;09;10;1;3;5;3;0;1;1;0;0;0;0;498071,228313046510000;5463201,424153965000000;8,973458683000047;49,321542048000026;0
181606;08;1;19;067;2019;09;17;6;2;6;1;0;1;0;1;0;0;0;538659,260144385510000;5405939,527913067500000;9,526498218000029;48,805242393000071;0
181607;08;2;21;000;2019;09;19;1;3;0;7;0;1;0;0;0;0;0;476067,877978079950000;5469877,111813506100000;8,670278159000077;49,381123177000063;0