OBJECTID;ULAND;UREGBEZ;UKREIS;UGEMEINDE;UJAHR;UMONAT;USTUNDE;UWOCHENTAG;UKATEGORIE;UART;UTYP1;ULICHTVERH;IstRad;IstPKW;IstFuss;IstKrad;IstGkfz;IstSonstige;LINREFX;LINREFY;XGCSWGS84;YGCSWGS84;STRZUSTAND
181608;08;2;16;023;2019;09;12;1;2;8;6;0;1;1;0;0;0;0;437113,221939853390000;5408076,185443613700000;8,143252293000046;48,822482287000071;0
181611;08;1;25;065;2019;09;15;1;2;0;7;0;1;0;0;0;0;0;516855,126000001100000;5447254,353000003800000;9,231266935000065;49,177866040000026;0
181612;08;1;15;045;2019;09;13;6;3;5;3;0;1;1;0;0;0;0;499790,896251043300000;5394887,725567303600000;8,997157780000066;48,707022744000028;0
181614;08;1;17;042;2019;09;13;1;3;5;3;0;1;0;0;1;0;0;554121,826814041470000;5393757,006279978900000;9,735465309000063;48,694503246000068;0
181615;08;1;17;019;2019;09;15;1;3;1;5;0;1;1;0;0;0;0;552864,733523687350000;5394287,652945576200000;9,718451923000032;48,699384396000028;0
181616;08;1;11;000;2019;09;21;6;2;6;1;2;0;1;1;0;0;0;512588,718025517650000;5407094,052188785700000;9,171483816000034;48,816703225000026;0
181617;08;1;16;046;2019;09;14;1;3;6;7;0;0;1;1;0;0;0;528179,358121631670000;5377682,333997804700000;9,381850838000048;48,551606477000064;0
181618;08;1;15;028;2019;09;18;1;3;4;6;0;1;1;0;0;0;0;500383,106229052880000;5403930,086225414600000;9,005215742000075;48,788367848000064;0
181620;08;1;18;079;2019;09;20;6;2;6;4;2;1;0;1;0;0;0;510446,115900721400000;5421230,688621632800000;9,142658546000064;48,943912966000028;0
181622;08;4;36;008;2019;08;18;7;3;0;7;0;1;0;0;0;0;0;548877,406214751300000;5311298,773071298400000;9,654641376000029;47,953135172000032;0
181624;08;4;25;014;2019;08;19;7;3;0;3;0;0;1;1;0;0;0;572505,355347775850000;5370827,455076869600000;9,981244896000021;48,486388039000076;0
181626;08;4;21;000;2019;08;23;7;2;0;1;2;1;0;0;0;0;0;573169,103241239670000;5361009,565680408900000;9,988511030000041;48,397997739000061;0
181627;08;4;25;088;2019;08;07;7;3;2;6;0;1;0;0;1;0;0;561600,846665400080000;5350137,784697180600000;9,830652122000060;48,301435109000067;0
181628;08;4;17;051;2019;08;11;7;3;0;1;0;1;0;0;0;0;0;492224,380462048580000;5358517,795754447600000;8,894989851000048;48,379778861000034;0
181629;08;4;17;002;2019;08;20;7;3;0;1;2;1;0;0;0;0;0;488799,711587018330000;5346073,421862289300000;8,849070327000050;48,267769715000043;0
181630;08;4;15;062;2019;09;13;5;3;0;1;0;1;0;0;0;0;0;520022,862000000660000;5378027,526000000500000;9,271342531000073;48,555025406000027;0
181631;08;4;17;079;2019;08;12;7;3;3;6;0;1;1;0;0;0;0;496798,452526210810000;5340200,615490730900000;8,956901829000060;48,215024174000064;0
181634;08;4;15;061;2019;08;10;7;3;0;1;0;1;0;0;0;0;0;516752,946752958930000;5370410,853077199300000;9,226724224000066;48,486599451000075;0
181635;08;3;37;116;2019;08;14;7;2;8;1;0;1;0;0;0;0;0;417937,889849747530000;5274350,168095031800000;7,907950274000029;47,617357002000062;0
181637;08;3;35;063;2019;08;11;7;1;0;7;0;1;0;0;0;0;0;498580,160841143690000;5287541,703386997800000;8,981060668000055;47,741246778000061;0
181638;08;3;35;035;2019;08;18;7;2;0;1;0;1;0;0;0;0;0;483667,159846196880000;5290004,524811184000000;8,782043425000040;47,763200822000044;0
181639;08;4;17;079;2019;08;11;7;2;0;7;0;1;1;0;0;0;0;494034,245593056080000;5341065,490409657400000;8,919678849000036;48,222785340000030;0
181640;08;3;17;005;2019;08;09;7;3;5;3;0;1;1;0;0;0;0;425488,594661728480000;5378328,225329725100000;7,990270556000041;48,553622639000025;0
181642;08;3;16;056;2019;08;15;7;2;5;3;0;1;1;0;0;0;0;421516,846695047800000;5326471,658238587900000;7,946110648000058;48,086680680000029;0
181643;08;3;11;000;2019;08;22;7;3;0;1;2;1;0;0;0;0;0;413790,024116504940000;5316264,834953799800000;7,844429474000037;47,993869027000073;0
181646;08;2;26;010;2019;08;22;7;3;0;7;2;1;0;0;0;0;0;480711,883307842540000;5458905,296545293200000;8,734790275000023;49,282596465000040;0
181648;08;2;22;000;2019;08;19;7;3;0;7;0;1;0;0;0;0;0;461410,727278309870000;5480847,930004015600000;8,467281015000026;49,479048565000028;0
181649;08;2;22;000;2019;08;20;7;3;5;3;1;1;0;0;0;0;0;461636,606648834420000;5482432,137543225700000;8,470245379000062;49,493311991000041;0
181651;08;2;12;000;2019;08;11;7;3;5;2;0;1;1;0;0;0;0;455230,397161386910000;5429024,698014680300000;8,387758100000042;49,012489105000043;0
181654;08;3;35;043;2019;09;16;5;3;8;1;0;1;0;0;0;0;0;512781,741069317800000;5278415,474194670100000;9,170228625000050;47,659007358000054;0
181655;08;3;35;043;2019;09;13;5;2;5;3;0;1;1;0;0;0;0;513793,307412089780000;5280977,096194628600000;9,183781607000071;47,682035183000039;0
181656;08;3;26;074;2019;09;19;5;3;0;1;0;1;0;0;0;0;0;459035,138131764720000;5322068,190302914000000;8,450301639000031;48,050580279000030;0
181659;08;3;17;047;2019;09;09;5;3;5;3;0;1;1;0;0;0;0;417963,092532013540000;5362852,700729172700000;7,891347122000070;48,413484945000050;0
181660;08;3;17;096;2019;09;14;5;3;5;2;0;1;0;0;0;1;0;422616,222227338700000;5369287,761754201700000;7,953029582000056;48,471956888000079;1
181661;08;3;17;073;2019;09;16;5;2;0;1;0;1;0;0;0;0;0;410236,656999999660000;5347400,037999998800000;7,790248760000054;48,273440597000047;0
181662;08;3;16;055;2019;09;06;5;3;5;3;1;1;1;0;0;0;0;427283,563910735770000;5332659,294694619300000;8,022479971000053;48,143026835000057;0
181664;08;3;11;000;2019;09;09;5;3;5;2;0;1;1;0;0;0;0;413051,287436715330000;5317911,262754442200000;7,834195775000069;48,008579144000066;0
181665;08;3;11;000;2019;09;14;5;3;5;3;0;1;0;0;1;0;0;412186,702999999750000;5315805,691000001500000;7,823036919000060;47,989520706000064;0
181666;08;2;12;000;2019;09;12;5;3;5;3;0;1;1;0;0;0;0;454338,438116161150000;5429754,786658003900000;8,375478810000061;49,018990930000029;0
181667;08;2;35;046;2019;09;12;5;3;6;4;0;0;1;1;0;0;0;478933,131615233610000;5377362,504037348600000;8,714543308000032;48,549008519000040;0
181669;08;2;26;095;2019;09;14;5;3;6;4;0;0;1;1;0;0;0;473923,024489451200000;5461816,527040062500000;8,641255800000067;49,308530973000074;0
181670;08;2;25;058;2019;09;12;5;3;6;4;0;0;1;1;0;0;0;509100,693482710050000;5465283,794092707300000;9,125279607000039;49,340208327000028;0
181671;08;2;22;000;2019;09;15;5;3;6;4;0;0;1;1;0;0;0;461154,655357515440000;5481541,852534547400000;8,463677978000021;49,485273695000046;0
181672;08;2;21;000;2019;09;10;5;3;5;3;0;1;1;0;0;0;0;477537,426683331840000;5470788,882250383500000;8,690472849000059;49,389380413000026;0
181673;08;2;21;000;2019;09;16;5;3;1;7;0;1;1;0;0;0;0;477221,139275854450000;5472021,526726631400000;8,686043915000028;49,400456132000045;0
181674;08;2;21;000;2019;09;11;5;3;6;4;0;0;1;1;0;0;0;477401,257000001150000;5471881,654000001000000;8,688534357000037;49,399204710000049;0
181676;08;2;16;007;2019;09;14;5;3;5;3;0;1;1;0;0;0;0;436349,249584850860000;5394131,929728472600000;8,135001948000024;48,696976388000053;0
181678;08;2;15;100;2019;09;15;5;3;1;5;0;1;1;0;0;0;0;474395,773045420650000;5449511,795604415200000;8,648545984000066;49,197869302000072;0
181679;08;1;21;000;2019;09;14;5;3;5;3;0;1;1;0;0;0;0;515733,065000001340000;5442883,133000001300000;9,215700587000072;49,138575388000049;0
181681;08;1;25;026;2019;09;12;5;3;0;2;0;1;1;0;0;0;0;493596,593435960820000;5442404,276430159800000;8,912216523000041;49,134435987000074;0
181683;08;1;19;041;2019;09;16;5;3;0;1;0;1;0;0;0;0;0;527633,900026899760000;5410851,720073966300000;9,376679603000071;48,850018977000047;0
181684;08;1;19;008;2019;09;08;5;3;5;2;0;1;0;0;0;0;1;531482,779537594880000;5420908,583635570500000;9,429917563000061;48,940302438000060;0
181685;08;1;18;073;2019;09;09;5;3;0;2;0;1;0;0;0;1;0;496753,987349261530000;5422688,051520461200000;8,955658786000072;48,957102650000081;0
181686;08;1;18;048;2019;09;17;5;3;3;2;0;1;1;0;0;0;0;512929,686685888100000;5416616,958852952300000;9,176429299000063;48,902362330000074;0
181689;08;1;16;078;2019;09;12;5;3;5;3;0;1;1;0;0;0;0;509085,534564136530000;5393366,962841425100000;9,123460547000036;48,693275716000073;0
181693;08;1;11;000;2019;09;18;5;3;5;3;0;1;1;0;0;0;0;506670,175091326240000;5396375,988789485800000;9,090687643000024;48,720375606000061;0
181694;08;1;11;000;2019;09;14;5;3;4;6;0;1;1;0;0;0;0;513038,308767421170000;5403030,468544593100000;9,177479112000071;48,780138403000080;0
181695;08;4;35;042;2019;09;20;4;2;0;7;2;1;0;0;0;0;0;552385,083506105470000;5278691,019602501800000;9,697678203000066;47,659491685000035;0
181696;08;4;35;016;2019;09;15;4;3;0;7;0;1;0;0;0;0;0;537764,881142666560000;5278806,480772780300000;9,502981753000029;47,661549315000059;0
181699;08;4;36;018;2019;09;16;5;3;5;3;0;1;1;0;0;0;0;553686,731000000610000;5283698,827999999700000;9,715628446000039;47,704440148000060;0
181700;08;4;17;079;2019;09;21;4;2;0;1;2;1;0;0;0;0;0;500094,725569056350000;5344061,791400227700000;9,001276028000063;48,249770556000044;1
181703;08;4;16;041;2019;09;13;4;2;6;4;0;0;1;1;0;0;0;504992,197662596590000;5375268,774634439500000;9,067619747000038;48,530506629000058;0
181704;08;4;15;050;2019;09;10;4;2;0;7;0;1;0;0;0;0;0;521847,222911898980000;5375624,503245003500000;9,295939215000033;48,533346388000041;0
181705;08;3;37;126;2019;09;11;4;3;5;3;0;1;1;0;0;0;0;441269,586043090560000;5274489,441733662000000;8,218384762000028;47,621145471000034;0
181707;08;3;17;001;2019;09;08;4;2;0;1;0;1;0;0;0;0;0;432788,832587679850000;5387006,161856237800000;8,087780588000044;48,632506704000036;0
181709;08;3;11;000;2019;09;18;4;3;5;3;0;1;1;0;1;0;0;414112,994542654600000;5317945,348638646300000;7,848421270000074;48,009029326000075;0
181710;08;3;11;000;2019;09;08;4;3;5;3;0;1;1;0;0;0;0;414656,094000000510000;5319086,125000001900000;7,855474580000021;48,019363788000078;0
181712;08;2;36;071;2019;09;09;4;3;1;5;0;1;1;0;0;0;0;468218,669664805760000;5422837,254778336700000;8,565855162000048;48,957636412000056;0
181713;08;2;26;060;2019;09;13;4;3;5;2;0;1;1;0;0;0;0;477792,783999999990000;5463919,433000000200000;8,694374674000073;49,327599585000030;0
181714;08;2;22;000;2019;09;10;4;3;5;3;0;1;1;0;0;0;0;461744,984929915520000;5479780,629766531300000;8,471998389000021;49,469469900000036;0
181715;08;2;22;000;2019;09;10;4;2;6;7;0;0;1;1;0;0;0;461777,655124004930000;5479124,346669949600000;8,472512667000046;49,463569016000065;0
181717;08;2;22;000;2019;09;10;4;3;0;7;0;1;1;0;0;0;0;460630,249928141940000;5481956,700245935500000;8,456396751000057;49,488971229000072;0
181718;08;2;21;000;2019;09;11;4;3;5;3;0;1;1;0;0;0;0;476171,365563500670000;5469629,878378866200000;8,671718735000070;49,378903401000059;0
181719;08;2;21;000;2019;09;18;4;3;1;7;0;0;0;1;0;0;1;477462,386415248740000;5472682,559003474200000;8,689331410000023;49,406411000000048;0
181720;08;2;21;000;2019;09;14;4;3;6;5;0;0;1;1;0;0;0;477787,961726245470000;5472635,864292578800000;8,693821830000047;49,406002958000045;0
181721;08;2;16;049;2019;09;14;4;2;5;3;0;1;1;0;0;0;0;437999,584465621040000;5401090,639632519300000;8,156380551000041;48,759736643000053;0
181723;08;1;36;088;2019;09;18;4;3;7;7;0;1;0;0;0;0;1;580549,790783646520000;5410749,807516519000000;10,097866760000045;48,844490153000038;0
181724;08;1;36;021;2019;09;12;4;3;3;2;0;1;0;0;0;0;0;575165,858913567850000;5406761,608172351500000;10,023767200000066;48,809293866000075;0
181727;08;1;36;050;2019;09;07;4;3;6;7;0;0;0;1;0;0;1;581192,433000000190000;5404057,668999999800000;10,105299933000026;48,784215790000076;0
181729;08;1;25;102;2019;09;13;4;3;6;4;0;0;1;1;0;0;0;522390,941696034740000;5443884,604897402200000;9,307034668000028;49,147377292000044;0
181730;08;1;25;066;2019;09;08;4;3;4;3;0;1;1;0;0;0;0;513714,781999999660000;5433170,506000001000000;9,187700359000075;49,051254611000047;0
181734;08;1;18;019;2019;09;16;4;3;0;1;0;1;1;0;0;0;0;503480,421308444810000;5404064,895405119300000;9,047384806000025;48,789570963000074;0
181736;08;1;16;019;2019;09;18;4;3;6;4;0;0;1;1;0;0;0;521624,999046579930000;5400062,063536595600000;9,294204907000051;48,753195792000042;0
181737;08;1;15;003;2019;09;15;4;2;6;4;0;0;1;1;0;0;0;501371,038023227830000;5391706,554555930200000;9,018625129000043;48,678403146000051;0
181738;08;4;21;000;2019;09;15;5;3;5;3;0;1;1;0;0;0;0;572070,622443780300000;5360393,303600577600000;9,973567076000052;48,392580832000078;0
181740;08;1;11;000;2019;09;19;4;3;0;3;1;1;1;0;0;0;0;507852,077149409800000;5397845,464399401100000;9,106784732000051;48,733581284000081;0
181742;08;1;11;000;2019;09;19;4;3;6;4;0;1;1;1;0;0;0;511692,594661572020000;5401575,926346564700000;9,159119803000067;48,767080184000065;0
181743;08;1;11;000;2019;09;15;4;2;6;4;0;0;1;1;0;0;0;515463,071668138730000;5406366,316683292400000;9,210610655000039;48,810091733000036;0
181744;08;1;11;000;2019;09;11;4;2;0;7;0;1;0;0;0;0;0;515293,672000001180000;5404940,872999999700000;9,208250310000040;48,797272826000039;0
181745;08;1;11;000;2019;09;10;4;3;2;7;0;1;1;0;0;0;0;509811,985611869950000;5398607,723287465100000;9,133456691000049;48,740410786000041;0
181746;08;1;11;000;2019;09;18;4;3;0;6;0;1;0;0;0;0;0;511500,238253374580000;5402265,918250177100000;9,156521404000046;48,773290896000049;0
181747;08;4;36;064;2019;09;18;3;3;0;1;0;1;0;0;0;0;0;546432,848465226590000;5291785,263896424300000;9,619805580000048;47,777756610000040;0
181748;08;4;35;059;2019;09;15;3;3;0;7;0;1;0;0;0;0;0;512130,492287443950000;5290266,233997194100000;9,161885152000025;47,765648348000070;0
181754;08;3;35;043;2019;09;16;3;3;6;2;0;0;1;1;0;0;0;513117,785984131510000;5278305,279567142900000;9,174700779000034;47,658009135000043;0
181755;08;3;35;043;2019;09;14;3;3;0;1;0;1;0;0;0;0;0;512791,783110651190000;5281015,501511156600000;9,170438517000036;47,682401337000044;0
181756;08;3;35;066;2019;09;19;3;3;8;1;0;1;0;0;0;0;0;509420,328920003030000;5281846,232040004800000;9,125535115000048;47,689933900000028;0
181759;08;3;17;153;2019;09;13;3;2;2;6;0;1;1;0;0;0;0;421106,218363056890000;5391960,992452146500000;7,928301536000049;48,675708519000068;0
181763;08;3;11;000;2019;09;21;3;2;0;1;2;1;0;0;0;0;0;412264,420666278340000;5314824,494698230200000;7,824278826000068;47,980705204000060;0
181765;08;3;36;043;2019;09;17;3;3;0;7;0;1;0;0;0;0;1;401396,982252240180000;5271825,559837933600000;7,688452895000069;47,592340734000061;0
181766;08;3;11;000;2019;09;15;3;3;6;4;0;0;1;1;0;0;0;414414,259363099930000;5315277,401850909000000;7,852991928000051;47,985070533000055;0
181771;08;2;22;000;2019;09;16;3;3;0;7;0;0;1;1;0;0;0;461820,763000001200000;5482849,421000000100000;8,472747937000065;49,497076848000063;0
181772;08;2;22;000;2019;09;13;3;3;5;3;0;1;1;0;0;0;0;461867,140527486800000;5482278,547059774400000;8,473443466000049;49,491945061000081;0
181773;08;2;22;000;2019;09;15;3;3;1;5;0;1;1;0;0;0;0;464688,158581966530000;5485701,161283711000000;8,512089809000031;49,522900493000066;0
181780;08;4;21;000;2019;09;21;5;3;8;1;2;1;0;0;0;0;0;572394,860000000340000;5361008,135999999900000;9,978052388000037;48,398074262000080;0
181781;08;2;15;017;2019;09;15;3;3;5;3;0;1;1;0;0;0;0;456801,581588541160000;5420895,319211361900000;8,410106945000052;48,939475913000081;0
181782;08;2;12;000;2019;09;19;3;3;2;7;0;1;1;0;0;0;0;453635,170132988130000;5430500,941171633100000;8,365775420000034;49,025650156000040;0
181783;08;2;12;000;2019;09;12;3;3;6;5;0;0;0;1;0;0;1;455163,322705177590000;5431078,362466078300000;8,386613902000022;49,030957083000033;0
181784;08;1;26;056;2019;09;17;3;3;4;6;0;1;1;0;0;0;0;558041,157707525420000;5465601,156433332700000;9,798997527000040;49,340369347000035;0
181785;08;1;25;027;2019;09;17;3;2;5;3;0;1;1;0;0;0;0;519005,324999999250000;5446622,286000000300000;9,260739361000049;49,172117593000053;0
181786;08;1;21;000;2019;09;08;3;3;3;6;0;1;0;0;0;0;1;516014,255379594860000;5442893,385146997900000;9,219556090000026;49,138660343000026;0
181789;08;4;21;000;2019;09;15;5;3;4;2;0;1;1;0;0;0;0;573808,704841501080000;5361080,135968791300000;9,997163068000077;48,398557975000074;0
181790;08;1;19;055;2019;09;10;3;2;4;3;0;1;1;0;0;0;0;543681,572900877330000;5404282,357991283800000;9,594716923000021;48,790002717000050;0
181791;08;1;18;048;2019;09;20;3;3;1;6;1;1;0;0;0;0;1;513742,449006972830000;5415593,281919647000000;9,187485172000038;48,893136111000047;0
181792;08;4;16;025;2019;09;12;5;3;4;6;0;1;0;1;0;0;0;503887,336647589690000;5361258,317120118100000;9,052524088000041;48,404470089000029;0
181793;08;1;17;026;2019;09;17;3;3;5;3;0;1;1;0;0;0;0;548444,067814835350000;5394405,296921264400000;9,658391518000030;48,700801623000075;0
181796;08;1;16;019;2019;09;06;3;2;1;3;0;1;1;0;0;0;0;525015,959581001660000;5397474,909014612400000;9,340180533000023;48,729795098000068;0
181799;08;1;11;000;2019;09;16;3;3;0;7;0;1;0;0;0;0;0;507678,834832983090000;5407814,035392958700000;9,104614902000037;48,823260199000060;0
181801;08;4;36;064;2019;09;17;2;3;0;3;0;1;1;0;0;0;0;543503,871411589910000;5289718,680352127200000;9,580503541000041;47,759367829000041;1
181802;08;4;35;029;2019;09;14;2;3;0;7;0;1;0;0;0;0;0;544440,364047189240000;5271863,602908887000000;9,591181555000048;47,598658033000049;0
181809;08;3;11;000;2019;09;14;2;3;0;7;0;1;1;0;0;0;0;409987,125152225610000;5316368,856991104800000;7,793444528000066;47,994280682000067;0
181810;08;3;11;000;2019;09;02;2;2;1;7;2;1;1;0;0;0;0;410425,560480262150000;5314730,998094700300000;7,799661791000062;47,979609336000067;0
181811;08;3;11;000;2019;09;13;2;2;6;1;0;0;1;1;0;0;0;412044,803414986470000;5316688,103907747200000;7,820954620000066;47,997438765000027;0
181813;08;2;22;000;2019;09;17;2;3;5;3;0;1;1;0;0;0;0;463386,377392370250000;5484027,153319323400000;8,494258866000052;49,507766452000055;0
181814;08;2;26;018;2019;09;07;2;3;3;2;0;1;1;0;0;0;0;473462,296000001020000;5472074,458000002400000;8,634234091000053;49,400779963000048;1
181815;08;2;21;000;2019;09;17;2;3;0;1;0;1;0;0;0;0;0;476963,601966160350000;5469001,356998300200000;8,682669403000034;49,373280397000030;0
181816;08;2;16;015;2019;09;19;2;2;3;6;0;1;0;0;0;0;0;449865,429407668300000;5406545,621624432500000;8,317156442000055;48,809874662000027;0
181818;08;3;17;001;2019;09;13;2;2;6;2;0;0;0;1;0;1;0;431295,363149197770000;5386579,092972170600000;8,067584122000028;48,628502905000062;0
181820;08;1;15;003;2019;09;17;2;2;6;4;0;0;1;1;0;0;0;502463,688476377170000;5391741,511115353600000;9,033468655000036;48,678714264000064;0
181822;08;1;35;019;2019;09;06;2;2;5;3;2;1;1;0;0;0;0;584070,210782865060000;5390936,268681809300000;10,141793015000076;48,665816256000028;0
181823;08;1;19;020;2019;09;17;2;3;4;2;0;1;1;0;0;0;0;519806,355194931850000;5409179,423403808800000;9,269902433000027;48,835274605000052;0
181824;08;1;19;067;2019;09;14;2;2;0;1;0;1;0;1;0;0;0;539965,617984230630000;5410228,373118287000000;9,544706564000023;48,843740004000040;0
181825;08;1;18;001;2019;09;09;2;3;5;3;0;1;1;0;0;0;0;522890,149578569460000;5418701,278811512500000;9,312457928000072;48,920824076000031;1
181835;08;4;37;076;2019;09;01;1;3;0;1;2;1;0;0;0;0;0;524375,564633604140000;5321969,506213590500000;9,327089691000026;48,050541785000064;0
181836;08;4;36;055;2019;09;11;1;3;5;3;0;1;1;0;0;0;0;576094,140473311770000;5296746,415058231000000;10,016555762000053;47,819566996000049;1
181837;08;4;21;000;2019;09;17;1;2;6;2;0;0;1;1;0;0;0;573148,928537059580000;5360915,626387681800000;9,988222145000066;48,397155075000057;1
181838;08;4;21;000;2019;09;16;1;3;5;3;0;1;1;0;0;0;0;570574,128999999720000;5360870,362000001600000;9,953434796000067;48,397041393000052;1
181840;08;2;37;075;2019;09;10;1;2;6;4;0;0;1;1;0;0;0;448065,942669551820000;5366234,014640532400000;8,297699249000061;48,447103095000045;0
181842;08;3;17;057;2019;09;06;1;2;0;7;2;1;0;0;0;0;0;412737,734166369770000;5380784,673674456800000;7,816999639000073;48,574072055000045;1
181845;08;2;26;095;2019;09;16;1;3;5;3;0;1;1;0;0;0;0;475198,582380185840000;5460072,798474144200000;8,658911741000054;49,292899299000055;1
181847;08;1;36;082;2019;09;10;1;3;9;1;0;1;0;0;0;0;0;586914,376961740670000;5413823,745023051300000;10,185247896000021;48,871278294000035;0
181848;08;1;28;007;2019;09;20;1;2;6;4;2;0;1;1;0;0;0;555638,625402075240000;5482990,195352045800000;9,768365331000041;49,496992915000078;1
181854;08;4;36;049;2019;09;15;7;3;6;4;0;0;1;1;0;0;0;578074,589929316190000;5282996,865220988200000;10,040539103000071;47,695637634000036;0
181857;08;4;37;088;2019;09;17;7;2;4;6;0;1;1;0;0;0;0;520067,294712895530000;5306150,239690655800000;9,268539688000033;47,908363973000064;0
181858;08;4;26;097;2019;09;21;7;2;0;7;2;1;0;0;0;0;0;535051,520267744550000;5334684,025848066400000;9,471388338000054;48,164433562000056;0
181859;08;4;25;071;2019;09;12;7;3;0;1;0;1;0;0;0;0;0;550602,618911309170000;5371012,906988799600000;9,684875413000043;48,490201553000077;0
181860;08;4;15;061;2019;09;22;7;3;6;4;2;0;0;1;0;0;1;515861,294459139000000;5370980,590583289000000;9,214678867000032;48,491748148000056;0
181862;08;3;35;043;2019;09;13;7;3;3;6;0;1;0;0;0;0;1;513400,116688727400000;5279213,130177203600000;9,178488641000058;47,666171893000069;0
181865;08;2;35;079;2019;09;14;7;2;9;1;0;1;0;0;0;0;0;466824,916589516220000;5399764,156934252000000;8,548686115000066;48,750007633000052;0
181867;08;2;22;000;2019;09;21;7;3;6;4;2;0;1;1;1;0;0;462107,890913828280000;5482857,942986402700000;8,476712157000065;49,497171501000025;1
181868;08;2;26;018;2019;09;20;7;2;5;3;2;1;1;0;0;0;0;473118,717378144150000;5471693,046479433800000;8,629524501000049;49,397334165000075;1
181872;08;2;15;040;2019;09;21;7;2;0;7;2;1;0;0;0;0;0;488537,624317214820000;5435854,085657592900000;8,843049914000062;49,075440724000032;0
181874;08;2;12;000;2019;09;02;7;3;0;7;2;1;0;0;0;0;0;455898,200019364250000;5427881,388365069400000;8,397014228000046;49,002253006000046;0
181875;08;2;12;000;2019;09;10;7;3;0;7;0;1;0;0;0;0;0;455694,095743299460000;5428524,780079888200000;8,394153552000034;49,008025765000070;0
181877;08;1;35;019;2019;09;00;7;3;6;6;2;0;1;1;0;0;0;584941,991938983090000;5392080,909878546400000;10,153865630000041;48,675993557000027;0
181878;08;1;28;007;2019;09;19;7;2;6;3;0;0;1;1;0;0;0;556537,269000001250000;5481544,576000003100000;9,780567553000026;49,483907909000038;0
181879;08;1;25;079;2019;09;10;7;3;5;3;0;1;1;0;0;0;0;511852,837943420750000;5454123,311268594100000;9,162834350000026;49,239771107000081;0
181881;08;1;25;026;2019;09;09;7;3;3;2;0;1;1;0;0;0;0;494722,832884471860000;5442727,081918964200000;8,927651754000067;49,137350456000036;0
181883;08;1;17;061;2019;09;18;7;2;5;3;0;1;1;0;0;0;0;563277,263842877000000;5396227,333810787600000;9,860244275000071;48,715862670000035;0
181884;08;3;36;050;2019;09;09;5;3;2;6;0;1;1;0;0;0;0;399509,649604607370000;5273893,783587398000000;7,662881864000042;47,610655413000075;0
181888;08;1;11;000;2019;09;13;7;2;6;4;0;0;1;1;0;0;0;515062,107102223670000;5403630,607659120100000;9,205049131000067;48,785491482000054;0
181890;08;4;15;061;2019;09;16;6;3;5;3;0;1;1;0;0;0;0;516038,817593500950000;5371093,618235716600000;9,217085923000070;48,492760477000047;0
181892;08;3;11;000;2019;09;12;6;3;0;7;0;1;0;0;0;0;1;415265,543805725870000;5315896,299631625400000;7,864276240000038;47,990751134000050;0
181896;08;2;26;095;2019;09;18;6;3;5;3;0;1;0;0;0;0;0;473936,221853750760000;5460794,020848657900000;8,641504085000065;49,299334130000034;0
181901;08;2;12;000;2019;09;15;6;3;5;3;0;1;1;0;0;0;0;456716,628724443730000;5425107,320622429300000;8,408499101000075;48,977357779000045;0
181902;08;1;15;002;2019;09;17;6;1;6;7;0;0;1;1;0;0;0;499621,089882251810000;5386216,230722487000000;8,994857648000050;48,629012707000072;0
181908;08;4;21;000;2019;09;16;3;3;5;3;0;1;1;0;0;0;0;572282,350751806980000;5360859,585851743800000;9,976507046000052;48,396750926000038;0
181909;08;4;17;008;2019;09;16;3;3;5;3;0;1;1;0;0;0;0;493122,611960107460000;5352209,055032309100000;8,907223585000054;48,323031933000038;0
181910;08;4;17;052;2019;09;12;3;3;0;1;0;1;0;0;0;0;0;484340,036624525670000;5338270,343773094900000;8,789262725000071;48,197472715000060;0
181912;08;4;15;061;2019;09;17;3;3;5;3;0;1;1;0;0;0;0;515640,944000000130000;5371160,596000000800000;9,211703238000041;48,493373063000035;0
181913;08;3;37;096;2019;09;21;3;3;7;7;2;1;0;0;0;0;0;420740,219605615360000;5267129,648941779500000;7,946540177000031;47,552747844000066;0
181914;08;3;37;126;2019;09;07;3;3;6;4;0;0;1;1;0;0;0;446825,565995614040000;5276041,499076005100000;8,292132014000060;47,635589400000072;0
181915;08;3;37;126;2019;09;15;3;3;6;4;0;0;1;1;0;0;0;441240,627801954750000;5274498,075204443200000;8,217998249000061;47,621220520000065;0
181916;08;3;35;075;2019;09;16;3;2;1;5;0;1;1;0;0;0;0;487814,815164470110000;5290569,225231656800000;8,837376465000034;47,768373485000041;0
181917;08;3;35;075;2019;09;18;3;3;6;7;0;1;0;1;0;0;0;488780,209976670330000;5289963,825296301400000;8,850276214000076;47,762943915000051;0
181918;08;3;35;043;2019;09;17;3;2;0;7;0;1;0;0;0;0;0;512436,473849187610000;5278796,568146465300000;9,165641184000037;47,662443051000025;0
181920;08;3;17;096;2019;09;12;3;3;6;4;0;0;1;1;0;0;0;422180,151220368220000;5369662,565269738400000;7,947060994000026;48,475274401000036;0
181921;08;3;17;096;2019;09;16;3;3;5;3;0;1;1;0;0;0;0;420877,745625934560000;5365688,054412206600000;7,930193495000026;48,439361538000071;0
181926;08;3;11;000;2019;09;07;3;3;5;3;0;1;0;0;0;0;0;417791,283425325530000;5314943,226434022200000;7,898305463000042;47,982507417000079;0