OBJECTID;ULAND;UREGBEZ;UKREIS;UGEMEINDE;UJAHR;UMONAT;USTUNDE;UWOCHENTAG;UKATEGORIE;UART;UTYP1;ULICHTVERH;IstRad;IstPKW;IstFuss;IstKrad;IstGkfz;IstSonstige;LINREFX;LINREFY;XGCSWGS84;YGCSWGS84;STRZUSTAND
181927;08;3;15;047;2019;09;15;3;3;5;3;0;1;0;0;1;0;0;415347,625000000930000;5321042,538000002500000;7,864360028000021;48,037054465000040;0
181928;08;3;11;000;2019;09;15;3;3;5;3;0;1;1;0;0;0;0;412065,284728670490000;5317587,958954151700000;7,821044668000070;48,005536029000041;0
181929;08;3;11;000;2019;09;17;3;3;6;4;0;1;0;1;0;0;0;414774,782688885930000;5319053,840539440500000;7,857072375000030;48,019089223000037;0
181931;08;3;15;047;2019;09;13;3;2;0;1;0;1;0;0;0;0;0;415289,637383330610000;5322240,427888333800000;7,863345204000041;48,047822210000049;0
181932;08;1;11;000;2019;09;11;4;3;5;2;0;1;1;0;0;0;0;516170,324000000020000;5405375,753000000500000;9,220204507000062;48,801162764000026;0
181933;08;2;26;095;2019;09;17;3;3;5;7;0;1;0;1;0;0;0;473896,295122148470000;5462004,156087812000000;8,640875821000066;49,310217546000047;0
181934;08;2;37;028;2019;09;12;3;3;6;4;0;0;1;1;0;0;0;456967,635010676460000;5368661,410416584500000;8,417819458000054;48,469611581000038;0
181939;08;2;25;109;2019;09;16;3;3;1;5;0;1;1;0;0;0;0;526027,630566316660000;5492668,789519649000000;9,360092146000056;49,586041144000035;0
181940;08;2;22;000;2019;09;17;3;3;5;5;0;1;0;0;0;0;1;462204,993136725390000;5483112,296808274500000;8,478028743000039;49,499465335000082;0
181943;08;2;22;000;2019;09;16;3;3;3;2;0;1;0;0;0;0;1;461566,584589522330000;5482462,650873133900000;8,469275531000051;49,493582011000058;0
181950;08;1;28;007;2019;09;07;3;3;0;1;1;1;0;0;0;0;0;553800,564755057920000;5484839,138142386500000;9,743236010000032;49,513788230000046;0
181951;08;1;25;065;2019;09;15;3;3;0;7;0;1;0;0;0;0;0;516947,658787531780000;5448656,112690277400000;9,232595645000060;49,190472675000080;0
181953;08;1;16;071;2019;09;07;4;3;5;3;0;1;1;0;0;0;0;528897,299438168290000;5390531,300697980400000;9,392473985000038;48,667163343000027;0
181955;08;1;21;000;2019;09;17;3;3;5;3;0;1;1;0;0;0;0;516885,985511417500000;5442890,026482824200000;9,231507305000037;49,138606787000072;0
181957;08;1;25;026;2019;09;06;3;3;5;6;1;1;1;0;0;0;0;493604,007126721550000;5442442,661442438100000;8,912317547000043;49,134781352000061;1
181958;08;1;19;091;2019;09;07;3;3;0;7;0;1;0;0;0;0;0;529584,264295994300000;5404456,752577761200000;9,402803243000051;48,792402013000071;0
181959;08;1;18;048;2019;09;12;3;3;4;6;0;1;0;0;0;0;0;515124,017611703840000;5415585,708024937700000;9,206333202000053;48,893035795000060;0
181960;08;1;16;049;2019;09;14;3;3;1;5;0;1;1;0;0;0;0;523988,155892252920000;5386959,602216314500000;9,325593847000050;48,635240140000064;0
181961;08;1;16;019;2019;09;16;3;3;5;3;0;1;1;0;0;0;0;522008,418475948270000;5398619,799939658500000;9,299344127000040;48,740207912000074;0
181962;08;1;15;003;2019;09;10;3;3;5;3;0;1;1;0;0;0;0;497810,638523002160000;5391633,784553546500000;8,970258586000057;48,677746165000030;0
181966;08;1;11;000;2019;09;06;3;3;5;2;1;1;1;0;0;0;0;508168,058992281560000;5406930,326060771900000;9,111262385000032;48,815304212000058;0
181968;08;1;11;000;2019;09;16;3;3;5;3;0;1;1;0;0;0;0;518398,071000000460000;5403294,579000001800000;9,250448073000030;48,782378875000063;0
181969;08;1;11;000;2019;09;22;3;3;6;4;2;0;1;1;0;0;0;516966,856359442700000;5406677,671701235700000;9,231105260000049;48,812853392000079;0
181971;08;1;11;000;2019;09;07;3;3;5;3;1;1;1;0;0;0;0;513796,799000000580000;5407017,849999999600000;9,187937672000032;48,815992066000035;0
181972;08;1;11;000;2019;09;07;3;3;0;2;0;1;1;0;0;0;0;511484,826337795700000;5401685,875910718000000;9,156295448000037;48,768073153000046;1
181974;08;4;35;034;2019;09;15;2;2;4;6;0;1;1;0;0;0;0;528797,842156222090000;5282520,509186841500000;9,383800014000030;47,695427648000077;0
181975;08;4;36;010;2019;09;11;2;2;1;7;0;1;1;0;0;0;0;567001,539359994230000;5306434,316045353200000;9,896604205000074;47,907733577000045;0
181976;08;4;35;059;2019;09;16;2;3;6;6;0;0;0;1;0;0;1;511120,482084153220000;5290660,980550436300000;9,148416408000060;47,769218309000053;0
181977;08;4;26;021;2019;09;21;2;3;0;1;2;1;0;0;0;0;0;558761,950497101060000;5327430,706281643400000;9,789231056000062;48,097431978000031;0
181980;08;1;16;070;2019;09;14;4;3;1;7;0;1;1;0;0;0;0;539890,090756576510000;5384931,130602438000000;9,541229330000022;48,616180069000052;0
181984;08;3;35;043;2019;09;09;2;2;0;1;0;1;0;0;0;0;0;513140,425189562140000;5279297,706668680500000;9,175032129000044;47,666938213000037;0
181985;08;3;35;043;2019;09;12;2;2;0;1;0;1;0;0;0;0;0;513353,934813370000000;5278176,117703616600000;9,177841813000043;47,656842145000041;0
181986;08;4;35;057;2019;09;16;2;3;6;3;0;0;1;1;0;0;0;543893,675423384640000;5279361,382034048400000;9,584661421000021;47,666155033000052;0
181989;08;3;26;074;2019;09;17;2;3;5;3;0;1;1;0;0;0;0;460070,321836670860000;5324737,543792329700000;8,463942613000029;48,074661253000045;0
181990;08;3;26;074;2019;09;17;2;1;0;7;0;1;0;0;0;0;0;459055,718549265530000;5324708,210235381500000;8,450324979000072;48,074333000000081;0
181992;08;1;16;072;2019;09;18;4;3;6;4;0;0;1;1;0;0;0;531533,100643889050000;5392094,431904142700000;9,428390805000049;48,681097553000029;0
181993;08;3;17;001;2019;09;16;2;2;6;1;0;1;0;1;0;0;0;431007,189295383170000;5387476,232300011400000;8,063524412000049;48,636540939000042;0
181995;08;3;15;015;2019;09;13;2;3;4;6;0;1;0;0;0;0;0;395455,309232332740000;5321073,936202071600000;7,597565234000058;48,034389593000071;0
181997;08;3;15;051;2019;09;14;2;3;5;3;0;1;1;0;0;0;0;418489,336000000130000;5323121,992000000600000;7,906102957000030;48,056168977000027;0
181998;08;3;36;050;2019;09;16;2;3;4;2;0;1;1;0;0;0;0;399202,106087625030000;5272995,240719372400000;7,658997506000048;47,602524950000031;0
182000;08;2;12;000;2019;09;15;2;2;5;3;0;1;0;0;0;0;1;457863,716109927740000;5428480,319252185500000;8,423824312000022;49,007777788000055;0
182002;08;2;35;046;2019;09;21;2;2;0;7;2;1;0;0;0;0;0;479816,725651519370000;5371548,999644177000000;8,726797305000048;48,496737768000060;0
182004;08;2;26;037;2019;09;17;2;3;5;3;0;1;1;0;0;0;0;465618,348083667460000;5468553,255106376500000;8,526429862000043;49,368715246000079;0
182005;08;2;25;091;2019;09;19;2;3;0;1;2;1;0;0;0;0;0;521071,366000001320000;5476691,082000000400000;9,290670373000069;49,442519544000049;1
182009;08;2;15;039;2019;09;10;2;3;3;2;0;1;1;0;0;0;0;472744,454168668020000;5452126,830787850500000;8,625702269000044;49,221320600000070;0
182010;08;2;12;000;2019;09;22;2;3;2;6;2;1;1;0;0;0;0;457207,646999999880000;5428066,144000001300000;8,414897296000049;49,004007080000065;0
182011;08;2;12;000;2019;09;12;2;3;6;7;0;0;1;1;0;0;0;457037,082091688180000;5428493,386645801400000;8,412520071000074;49,007838336000077;0
182012;08;1;18;054;2019;09;15;2;2;5;3;0;1;1;0;0;0;0;518550,157957863990000;5423388,967340480500000;9,253429738000023;48,963138014000037;0
182013;08;1;18;048;2019;09;12;2;2;5;3;0;1;1;0;0;0;0;512535,736353394580000;5417218,769947225200000;9,171072236000043;48,907784155000058;0
182014;08;1;35;019;2019;09;19;2;3;0;7;0;1;0;0;0;0;0;586030,774198238740000;5395743,357255853700000;10,169415338000022;48,708785355000032;0
182015;08;1;28;139;2019;09;17;2;3;0;1;0;1;0;0;0;0;0;550566,728648955930000;5491938,159296982000000;9,699476309000033;49,577915826000037;0
182019;08;1;21;000;2019;09;16;2;3;6;7;0;0;1;1;0;0;0;515983,405007707890000;5443548,401880649800000;9,219159113000046;49,144553237000082;0
182025;08;1;19;008;2019;09;08;2;3;0;1;0;1;0;0;0;0;0;532507,166953615840000;5421290,751345202300000;9,443936288000032;48,943687218000036;0
182026;08;1;18;079;2019;09;18;2;3;0;7;0;1;0;0;0;0;0;510424,561766339470000;5422512,470190793300000;9,142396999000027;48,955443810000077;0
182029;08;1;17;019;2019;09;19;2;3;4;6;0;1;0;0;0;0;0;552101,843946942130000;5394241,224539965400000;9,708078936000050;48,699030937000032;0
182030;08;1;16;049;2019;09;06;2;2;0;1;2;1;0;0;0;0;0;525548,582999999630000;5383563,392000000900000;9,346564088000037;48,604625852000026;0
182031;08;1;16;019;2019;09;15;2;3;5;3;0;1;1;0;0;0;0;523508,945013576190000;5398331,921559248100000;9,319736562000060;48,737563368000053;0
182036;08;1;11;000;2019;09;08;2;3;5;3;0;1;1;0;0;0;0;507784,763182439840000;5398446,745943628300000;9,105880652000053;48,738991266000028;0
182039;08;1;11;000;2019;09;18;2;3;5;3;0;1;1;0;0;0;0;509499,901359383950000;5396301,681563478000000;9,129158779000022;48,719670433000033;0
182040;08;4;26;120;2019;09;21;1;3;0;1;2;1;0;0;0;0;0;561399,520114717070000;5323712,008411958800000;9,824117973000057;48,063729356000067;0
182041;08;4;26;065;2019;09;17;1;2;4;2;0;1;1;0;0;0;0;579833,135693360120000;5331717,138061216100000;10,072995870000057;48,133698386000049;0
182045;08;4;15;061;2019;09;12;1;3;0;7;0;1;0;0;0;0;0;514489,743753480720000;5369543,746801830800000;9,196065541000053;48,478854892000072;0
182047;08;3;36;050;2019;09;17;1;2;0;7;0;1;0;0;0;0;0;398717,381240000950000;5274342,549380002500000;7,652239254000051;47,614568853000037;0
182048;08;3;26;020;2019;09;13;1;3;5;3;0;1;1;0;0;0;0;436025,883089591750000;5321933,764454269800000;8,141595120000034;48,047479081000063;0
182051;08;2;16;007;2019;09;12;1;2;5;7;0;1;0;0;1;0;0;441585,798793328930000;5386534,613949468400000;8,207230504000052;48,629148679000082;0
182053;08;2;15;039;2019;09;13;1;3;5;3;0;1;1;0;0;0;0;473042,048813222910000;5452249,961840927600000;8,629780743000026;49,222441344000060;0
182055;08;1;36;002;2019;09;17;1;3;0;7;0;1;0;0;0;0;0;569686,681817661040000;5418050,799957549200000;9,951073437000048;48,911474174000034;0
182057;08;1;25;078;2019;09;15;1;3;6;7;0;0;1;1;0;0;0;518658,765699342820000;5454219,932569611800000;9,256337915000074;49,240470606000031;0
182058;08;1;19;076;2019;09;19;1;3;0;7;0;1;0;0;0;0;0;542418,635000000710000;5407377,438999999300000;9,577842949000058;48,817931846000079;0
182059;08;1;19;001;2019;09;21;1;2;8;1;2;1;0;0;0;0;0;550176,381742899310000;5409261,139117272600000;9,683745194000039;48,834298058000059;0
182060;08;1;18;073;2019;09;18;1;3;5;2;0;1;1;0;0;0;0;495921,865897895770000;5426647,708145495500000;8,944252133000020;48,992717412000047;0
182064;08;1;17;018;2019;09;15;1;3;0;1;0;1;0;0;0;0;0;539654,706726899370000;5396298,321109818300000;9,539125477000027;48,718451327000025;0
182065;08;1;17;018;2019;09;15;1;3;0;1;0;1;0;0;0;0;0;539648,037179579960000;5396298,018128017000000;9,539034777000040;48,718449026000030;0
182067;08;1;15;045;2019;09;01;1;3;0;1;2;1;0;0;0;0;0;495455,392458722000000;5393617,924124360100000;8,938241903000062;48,695582986000034;0
182069;08;4;36;005;2019;09;09;7;3;4;2;0;1;1;0;0;0;0;541046,090427426620000;5308838,735412251200000;9,549523201000056;47,931552484000065;0
182070;08;4;36;064;2019;09;18;7;3;0;1;0;1;0;0;0;0;0;545355,768000000160000;5290589,024000000200000;9,605304175000072;47,767070721000039;0
182071;08;4;35;066;2019;09;14;7;3;5;1;0;1;1;0;0;0;0;518270,416727480480000;5286089,645898748200000;9,243648256000029;47,727924661000031;0
182073;08;3;27;050;2019;09;17;7;3;6;6;0;1;0;1;0;0;0;486504,254448805000000;5314346,171073317500000;8,819142884000030;47,982276611000032;0
182075;08;3;16;009;2019;09;11;7;3;5;3;0;1;1;0;0;0;0;417852,135130755600000;5325087,868863433600000;7,897175433000029;48,073771134000026;0
182076;08;3;16;011;2019;09;12;7;3;5;3;0;1;1;0;0;0;0;414557,256000000980000;5328373,795000003700000;7,852293585000041;48,102895831000069;0
182078;08;3;11;000;2019;09;04;7;2;1;7;2;1;1;0;0;0;0;414879,916000000200000;5315595,593000002200000;7,859168227000055;47,987994938000043;0
182079;08;3;11;000;2019;09;01;7;3;9;1;2;1;0;0;0;0;0;417555,163543168460000;5314315,552299736100000;7,895262265000042;47,976830757000073;0
182080;08;3;11;000;2019;09;10;7;2;6;4;0;0;1;1;0;0;0;411157,809734429230000;5315415,469874078400000;7,809330460000069;47,985868455000059;0
182081;08;3;11;000;2019;09;17;7;3;0;1;0;1;0;0;0;0;0;408731,739138922650000;5313421,296405440200000;7,777247323000040;47,967588926000076;0
182082;08;2;12;000;2019;09;14;7;3;0;1;0;1;0;0;0;0;0;456755,098536831330000;5430252,450498640500000;8,408476951000068;49,023641617000067;0
182083;08;2;22;000;2019;09;18;7;3;6;6;0;1;0;1;0;0;0;460065,034446546810000;5487957,032533979000000;8,447985734000042;49,542903632000048;0
182085;08;2;22;000;2019;09;12;7;2;5;3;0;1;0;0;1;0;0;461735,585843157020000;5482363,031127894300000;8,471618798000066;49,492696667000075;0
182088;08;2;15;107;2019;09;10;7;3;5;3;0;1;1;0;0;0;0;462475,195594845340000;5456143,576988002300000;8,484304671000075;49,256907703000081;0
182089;08;2;12;000;2019;09;14;7;2;0;4;0;0;0;1;0;0;1;458976,399358804340000;5428344,830594714700000;8,439052169000036;49,006634014000042;0
182091;08;2;16;008;2019;09;17;7;2;0;1;0;1;0;0;0;0;0;440721,169381110000000;5392168,052928162700000;8,194690662000028;48,679741620000073;0
182092;08;1;36;088;2019;09;13;7;3;3;7;0;1;1;0;0;0;0;580730,961994144130000;5410731,002847658500000;10,100331881000045;48,844297482000059;0
182093;08;1;36;066;2019;09;18;7;3;6;4;0;0;1;1;0;0;0;556304,499555118380000;5414946,106496952500000;9,768026636000059;48,884909026000059;0
182094;08;1;36;065;2019;09;18;7;2;4;3;0;1;1;0;0;0;0;557363,512319673780000;5405419,801862010700000;9,781137027000057;48,799122559000068;0
182096;08;1;35;019;2019;09;14;7;3;6;4;0;0;1;1;0;0;0;581365,472017372030000;5392407,023767344700000;10,105355431000021;48,679403110000067;0
182098;08;1;26;046;2019;09;15;7;3;0;1;0;1;0;0;0;0;0;549512,870000001040000;5461437,236000003300000;9,681089420000035;49,303668957000070;0
182099;08;1;26;046;2019;09;14;7;3;0;7;0;1;0;0;0;0;0;548890,037332328040000;5460204,827985867900000;9,672371662000046;49,292634201000055;0
182102;08;1;16;050;2019;09;10;7;3;4;6;0;1;0;0;0;0;0;526615,857442476790000;5387434,973720097900000;9,361289759000044;48,639410243000043;0
182103;08;1;15;045;2019;09;14;7;3;6;4;0;0;1;1;0;0;0;497828,198576479220000;5396784,624165374800000;8,970470037000041;48,724083614000051;0
182104;08;1;11;000;2019;09;20;7;2;5;2;2;1;1;0;0;0;0;513795,965854784470000;5408471,590428980100000;9,187975223000024;48,829069710000056;0
182105;08;1;11;000;2019;09;00;7;2;6;4;2;0;0;1;1;0;0;512855,658574141560000;5403382,813455944900000;9,175003886000070;48,783311870000034;0
182106;08;1;11;000;2019;09;07;4;3;5;3;0;1;1;0;0;0;0;515328,947259519250000;5404759,417977932800000;9,208723869000039;48,795639611000070;0
182108;08;1;11;000;2019;09;17;4;3;5;7;0;1;1;0;0;0;0;515272,300776467660000;5407708,368236079800000;9,208062285000040;48,822169339000027;0
182110;08;4;35;059;2019;09;14;6;3;6;2;0;0;1;1;0;0;0;512725,421573486180000;5289914,506024405400000;9,169814331000055;47,762472196000033;0
182111;08;4;35;016;2019;09;12;6;3;5;3;0;1;0;0;1;0;0;536262,490423569460000;5277843,026097528600000;9,482892571000036;47,652966695000032;0
182114;08;1;11;000;2019;09;13;4;3;6;4;0;0;1;1;0;0;0;512598,935214215890000;5408802,398163054100000;9,171675477000065;48,832071044000031;0
182119;08;4;15;014;2019;09;13;6;2;1;5;0;1;1;0;0;0;0;524168,949042982420000;5375297,335198491800000;9,327369487000055;48,530317980000063;0
182120;08;3;36;081;2019;09;17;6;3;5;3;0;1;1;0;0;0;0;412344,931218096060000;5278880,289790146100000;7,832629337000071;47,657376889000034;0
182121;08;3;35;063;2019;09;07;6;3;5;3;0;1;1;0;0;0;0;497428,303217765880000;5287324,254688607500000;8,965697248000026;47,739286699000047;0
182123;08;3;35;043;2019;09;14;6;3;0;1;0;1;0;0;0;0;0;515737,480745068750000;5279228,533057414000000;9,209622527000022;47,666257828000028;0
182124;08;3;35;043;2019;09;17;6;3;6;2;0;0;1;1;0;0;0;513050,790782598780000;5279083,621022088500000;9,173831798000038;47,665013756000064;0
182125;08;3;27;049;2019;09;19;6;3;4;2;0;1;1;0;0;0;0;473261,753484304990000;5324649,942684052500000;8,641039055000022;48,074562808000053;0
182126;08;3;26;074;2019;09;07;6;3;5;3;0;1;1;0;0;0;0;460433,169068851510000;5322515,150744695200000;8,469019316000072;48,054689674000031;0
182127;08;3;26;006;2019;09;16;6;2;0;7;0;1;0;0;0;0;0;458837,232468451370000;5308403,319680968300000;8,448956422000038;47,927627615000063;0
182128;08;1;11;000;2019;09;10;4;3;6;2;0;0;1;1;0;0;0;512935,081773170270000;5403423,818718589800000;9,176086357000031;48,783679103000054;0
182130;08;3;17;153;2019;09;22;6;2;8;7;2;1;0;0;0;0;0;418256,743034775370000;5388445,826369665600000;7,890295828000035;48,643724938000048;0
182131;08;3;15;064;2019;09;15;6;3;5;3;0;1;1;0;0;0;0;422489,681656498460000;5312873,899013804300000;7,961631859000022;47,964478863000068;0
182132;08;1;11;000;2019;09;16;4;3;6;7;0;0;1;1;0;0;0;513387,320999999530000;5402516,770999999700000;9,182213159000071;48,775509808000038;0
182135;08;2;31;000;2019;09;12;6;3;3;6;0;1;0;0;0;0;1;478557,596567651260000;5416010,830560786600000;8,707445323000059;48,896673610000050;0
182136;08;2;26;096;2019;09;09;6;3;2;6;0;1;0;0;0;0;1;475281,182776588020000;5486117,170653108500000;8,658426174000056;49,527166965000049;0
182137;08;2;26;096;2019;09;11;6;2;0;7;0;1;0;0;0;0;0;472512,434873227960000;5488285,151125181500000;8,620016266000050;49,546547769000028;0
182139;08;2;21;000;2019;09;12;6;3;5;3;0;1;1;0;0;0;0;475655,237394698900000;5473094,630998926200000;8,664396024000041;49,410047904000066;0
182141;08;2;21;000;2019;09;10;6;3;3;6;0;1;1;0;0;0;0;477697,874019749460000;5472789,426850713800000;8,692571425000040;49,407380936000038;0
182142;08;2;21;000;2019;09;14;6;3;0;7;0;1;0;0;0;0;0;477498,095562824980000;5469814,544191299000000;8,689986032000036;49,380614905000073;0
182143;08;1;11;000;2019;09;17;4;3;1;7;0;1;1;0;0;0;0;517594,265121876260000;5405532,707128066600000;9,239602031000061;48,802536025000052;0
182144;08;2;21;000;2019;09;18;6;3;5;3;0;1;1;0;0;0;0;474710,933235206640000;5474283,071629924700000;8,651302875000056;49,420699175000038;0
182145;08;2;16;005;2019;09;13;6;3;0;1;0;1;0;0;0;0;0;444908,765355984680000;5417563,464105658200000;8,248168505000024;48,908561197000040;0
182146;08;2;15;007;2019;09;09;6;3;6;4;0;0;1;1;0;0;0;478229,907787471080000;5431486,990077532800000;8,702146480000067;49,035878719000038;0
182147;08;2;12;000;2019;09;13;6;3;6;4;0;1;0;1;0;0;0;451528,267557130200000;5431820,920798443300000;8,336799270000029;49,037361335000071;0
182148;08;2;16;049;2019;09;12;6;3;0;1;0;1;0;0;0;0;0;439000,533954846670000;5401142,255703372900000;8,169990990000031;48,760299819000068;0
182149;08;2;11;000;2019;09;17;6;3;5;3;0;1;1;0;0;0;0;441795,721108963710000;5403199,531188797200000;8,207729623000034;48,779072883000026;0
182150;08;2;11;000;2019;09;07;6;3;5;2;0;1;0;0;1;0;0;443017,091939068400000;5402776,967096755300000;8,224411744000065;48,775384936000080;0
182153;08;1;28;039;2019;09;07;6;3;0;7;0;1;0;0;0;0;1;523619,123898734340000;5511583,375934155700000;9,327912789000038;49,756265737000035;0
182154;08;1;28;115;2019;09;10;6;3;5;3;0;1;1;0;0;0;0;547641,241515642030000;5497046,923518175300000;9,659631292000029;49,624101939000070;0
182155;08;1;18;048;2019;09;08;6;3;6;4;0;1;0;1;0;0;0;513392,441438555720000;5415665,246834412200000;9,182712481000067;48,893791152000063;0
182156;08;1;18;007;2019;09;10;6;3;6;7;0;0;1;1;0;0;0;510025,297357954080000;5427218,892023248600000;9,137059183000076;48,997787631000051;0
182162;08;1;11;000;2019;09;12;6;2;6;4;0;0;1;1;0;0;0;518602,769038653930000;5403326,483840955400000;9,253235989000075;48,782659798000054;0
182165;08;2;12;000;2019;09;07;2;3;2;2;0;1;1;0;0;0;0;455990,717632681130000;5429210,134614942600000;8,398135067000055;49,014211824000029;1
182166;08;2;12;000;2019;09;10;2;3;4;6;0;1;1;0;0;0;0;454618,986681300220000;5429065,794405259200000;8,379392737000046;49,012814104000029;1
182167;08;2;12;000;2019;09;17;2;3;2;6;0;1;0;0;0;0;1;455921,773331305010000;5428722,410677475900000;8,397245215000055;49,009819777000075;0
182168;08;2;11;000;2019;09;05;2;3;4;6;2;1;0;0;0;0;0;440602,383716956710000;5404259,852783583100000;8,191334488000052;48,788497741000072;0
182170;08;2;16;002;2019;09;11;2;3;5;3;0;1;1;0;0;0;0;444110,335786881860000;5422470,882146421800000;8,236600610000039;48,952631519000079;1
182173;08;1;19;008;2019;09;20;2;3;6;2;2;0;1;1;0;0;0;532299,928999998610000;5421036,607999999100000;9,441086070000040;48,941411944000038;0
182176;08;1;17;018;2019;09;05;2;3;6;7;2;0;1;1;0;0;0;538770,965056522750000;5396107,509070877000000;9,527093173000026;48,716790432000039;1
182178;08;1;16;019;2019;09;16;2;3;0;7;0;1;0;0;0;0;0;521913,128171360120000;5397850,980981541800000;9,298007186000064;48,733295047000070;0
182181;08;4;37;100;2019;09;17;1;3;5;3;0;1;0;0;0;0;0;536959,212002097630000;5317635,975629376200000;9,495567170000072;48,010949104000076;0
182182;08;4;36;081;2019;09;10;1;3;6;4;0;0;1;1;0;0;0;562707,772176628000000;5281926,888712951900000;9,835609282000064;47,687685673000033;0
182186;08;4;16;041;2019;09;09;1;2;0;1;0;1;0;0;0;0;0;504192,394903155980000;5373787,869761595500000;9,056771465000054;48,517189730000041;0
182188;08;3;36;087;2019;09;13;1;2;0;7;0;1;1;0;0;0;0;420482,724746079180000;5296628,662770398000000;7,937743504000025;47,818093682000040;0
182189;08;3;36;084;2019;09;18;1;3;5;3;0;1;1;0;0;0;0;405560,639446860180000;5277255,149202281600000;7,742650279000031;47,641803062000065;0
182190;08;3;35;063;2019;09;13;1;3;5;3;0;1;1;0;0;0;0;498139,227556815370000;5287651,007320392900000;8,975178562000053;47,742229129000066;0
182191;08;3;25;045;2019;09;17;1;3;0;1;0;1;0;0;0;0;0;467600,834334427490000;5351190,025693364400000;8,563017746000071;48,313071361000027;0
182192;08;2;26;041;2019;09;21;1;3;1;1;2;1;0;0;0;0;1;476166,214727624320000;5466156,418809952200000;8,671855748000041;49,347659779000026;0
182194;08;2;22;000;2019;09;00;1;3;0;7;2;1;0;0;0;0;0;461927,981751944870000;5481058,225515320900000;8,474401071000045;49,480972728000040;0
182195;08;2;15;108;2019;09;15;1;3;5;3;0;1;1;0;0;0;0;447995,314427247270000;5423867,744283592300000;8,289482823000071;48,965535237000040;0
182196;08;1;36;088;2019;09;14;1;1;6;4;0;0;1;1;0;0;0;581245,649305755270000;5408651,499771658300000;10,106933314000059;48,825526871000079;0
182197;08;1;17;051;2019;09;20;1;3;6;7;2;0;1;1;0;0;0;543107,845395384360000;5394857,803936926600000;9,585919671000056;48,705263796000054;0
182198;08;1;17;026;2019;09;17;1;3;0;7;0;0;0;1;0;0;1;548276,040395158340000;5395020,133567936700000;9,656179952000059;48,706345407000072;0
182199;08;3;11;000;2019;09;16;2;2;5;3;0;1;1;0;0;0;0;414746,324980239380000;5320241,556824212900000;7,856454495000037;48,029769355000042;0
182201;08;1;16;035;2019;09;19;1;3;0;7;2;1;0;0;0;0;0;527583,827183774670000;5392401,939096581200000;9,374760024000068;48,684050876000072;0
182202;08;1;16;019;2019;09;14;1;3;6;7;0;0;1;1;0;0;0;525740,729813801120000;5399954,582196462900000;9,350191089000020;48,752072361000046;0
182204;08;1;11;000;2019;09;11;1;2;3;6;0;1;1;0;0;0;0;509021,313358404670000;5402116,213339155500000;9,122779363000063;48,771985039000072;0
182207;08;4;35;066;2019;09;15;7;3;5;3;0;1;0;0;1;0;0;517825,498191788790000;5287066,964041238700000;9,237755044000039;47,736730555000065;0
182209;08;4;21;000;2019;09;14;7;3;6;7;0;0;0;1;1;0;0;571850,700321246870000;5360638,727501126000000;9,970638692000023;48,394813585000065;0
182211;08;4;25;098;2019;09;16;7;3;0;1;0;1;0;0;0;0;0;540664,607123437340000;5343175,735292354600000;9,547686085000066;48,240494530000035;0
182216;08;3;35;063;2019;09;01;7;2;9;1;2;1;0;0;0;0;0;500293,061299189930000;5290249,042349305000000;9,003910990000065;47,765607761000069;0
182217;08;4;35;057;2019;09;18;7;2;6;4;0;0;1;1;0;0;0;541340,966709494590000;5279582,585579659800000;9,550682081000048;47,668313485000056;0
182219;08;3;17;146;2019;09;17;7;3;5;3;0;1;0;0;1;0;0;430228,205714868380000;5354881,742549406400000;8,058396721000065;48,343260746000055;0
182222;08;2;12;000;2019;09;13;2;3;5;3;0;1;0;0;0;0;0;453537,012086709030000;5428788,879349798000000;8,364628852000067;49,010242714000071;0
182224;08;3;15;015;2019;09;14;7;2;3;7;0;1;0;0;0;0;0;401285,017120367850000;5316068,343406850500000;7,676899162000041;47,990293379000036;0
182226;08;3;11;000;2019;09;18;7;3;0;7;0;1;1;0;0;0;0;412255,534530340690000;5314374,177718179300000;7,824251760000038;47,976653239000029;0
182227;08;3;15;047;2019;09;22;7;3;0;7;2;1;0;0;0;0;0;415809,748784344640000;5322012,510082148000000;7,870367556000076;48,045840831000078;0
182228;08;3;11;000;2019;09;19;7;3;0;7;2;1;0;0;0;0;0;415773,553000000310000;5315383,615000000200000;7,871184465000056;47,986206415000026;0
182230;08;2;26;096;2019;09;14;7;3;4;2;0;1;1;0;0;0;0;476103,620000001040000;5489105,345000002500000;8,669609551000065;49,554077451000069;0
182231;08;2;26;037;2019;09;18;7;2;1;5;0;1;1;0;0;0;0;466413,400509555820000;5468417,032332092500000;8,537391968000065;49,367534297000077;0
182232;08;2;26;105;2019;09;15;7;3;5;3;0;1;1;0;0;0;0;469964,138201832770000;5479704,629943214400000;8,585442624000052;49,469248504000063;0
182234;08;2;21;000;2019;09;15;7;3;6;4;0;1;0;1;0;0;0;479052,162901913750000;5473197,324690684700000;8,711218141000074;49,411098047000053;0
182235;08;2;15;066;2019;09;13;7;3;5;3;0;1;1;0;0;0;0;460190,101000000720000;5454319,293000001500000;8,453083854000056;49,240354169000057;0