OBJECTID;ULAND;UREGBEZ;UKREIS;UGEMEINDE;UJAHR;UMONAT;USTUNDE;UWOCHENTAG;UKATEGORIE;UART;UTYP1;ULICHTVERH;IstRad;IstPKW;IstFuss;IstKrad;IstGkfz;IstSonstige;LINREFX;LINREFY;XGCSWGS84;YGCSWGS84;STRZUSTAND
182236;08;2;15;009;2019;09;17;7;3;5;3;0;1;1;0;0;0;0;471124,147274733520000;5442595,243948143000000;8,604135679000024;49,135508572000049;0
182237;08;2;15;103;2019;09;14;7;3;5;3;0;1;0;0;1;0;0;466658,829262399110000;5443563,200344761800000;8,542841651000060;49,143989345000080;0
182239;08;2;12;000;2019;09;11;7;3;1;7;0;1;1;0;0;0;0;455160,777085149660000;5430750,099846283000000;8,386615378000045;49,028004158000044;0
182240;08;1;28;126;2019;09;10;7;2;0;1;0;1;0;0;0;0;0;565173,179735004900000;5481457,060970623000000;9,899768202000075;49,482254910000051;0
182245;08;1;17;026;2019;09;11;7;3;5;2;0;1;1;0;0;0;0;549960,189661704940000;5393669,056334693000000;9,678906207000068;48,694059215000038;0
182248;08;1;15;003;2019;09;13;7;2;4;7;0;1;0;0;0;0;0;500846,651548591440000;5391692,935430526700000;9,011501473000067;48,678281558000037;0
182249;08;1;15;003;2019;09;13;7;3;3;2;0;1;1;0;0;0;0;500579,561176913790000;5392890,004270160600000;9,007874820000041;48,689050830000042;0
182250;08;1;11;000;2019;09;00;7;3;6;7;2;0;1;1;0;0;0;512605,230116708200000;5403634,546513456900000;9,171602543000063;48,785581564000040;0
182253;08;1;11;000;2019;09;18;7;3;6;4;0;0;1;1;0;0;0;512769,839804250750000;5405146,051764072900000;9,173890446000030;48,799175557000069;0
182254;08;4;35;057;2019;09;09;6;3;5;2;0;1;0;0;0;0;0;544308,407000000590000;5279951,878000000500000;9,590245221000032;47,671439580000026;0
182255;08;4;26;070;2019;09;07;6;2;0;1;0;1;0;0;0;0;0;565658,309434096330000;5341184,953333484000000;9,883968376000041;48,220489956000051;0
182257;08;4;16;041;2019;09;16;6;3;0;1;0;1;0;0;0;0;0;503374,758398171510000;5373808,254255510900000;9,045699580000076;48,517378045000044;0
182259;08;3;37;118;2019;09;07;6;3;6;4;0;0;1;1;0;0;0;436797,639038967900000;5280395,402203774100000;8,158022568000035;47,673859141000037;0
182260;08;3;36;008;2019;09;16;6;3;6;3;0;0;1;1;0;0;0;396339,527178326620000;5276541,964545054400000;7,620086001000061;47,633976897000025;0
182265;08;3;26;074;2019;09;14;6;3;5;3;0;1;1;0;0;0;0;458647,247338533400000;5324125,322332995000000;8,444897941000022;48,069062599000063;0
182267;08;3;17;085;2019;09;13;6;2;5;3;0;1;1;0;0;0;0;431131,823713206690000;5359109,359128341100000;8,069897640000022;48,381389149000029;0
182268;08;3;17;096;2019;09;07;6;3;5;2;1;1;1;0;0;0;0;422590,451867952010000;5368905,005968947000000;7,952751834000026;48,468510850000030;0
182269;08;3;17;065;2019;09;11;6;3;5;3;0;1;1;0;0;0;0;415638,679562548180000;5352181,398805778500000;7,862081677000049;48,317191452000031;0
182272;08;3;15;050;2019;09;18;6;2;8;7;0;1;0;0;0;0;0;400745,544072275050000;5302911,747380349800000;7,672702686000037;47,871867966000082;0
182274;08;3;11;000;2019;09;09;6;3;0;6;0;1;1;0;0;0;0;418427,821000001390000;5314288,208999998900000;7,906958608000025;47,976696648000029;0
182275;08;3;11;000;2019;09;19;6;3;3;6;0;1;1;0;0;0;0;413851,388430137190000;5316087,693275846500000;7,845287392000046;47,992283843000052;0
182276;08;2;16;015;2019;09;08;2;2;0;7;0;1;0;0;0;0;0;450682,389500543480000;5405483,554944030900000;8,328410391000034;48,800386424000067;1
182277;08;3;11;000;2019;09;22;6;3;0;1;2;1;0;0;0;0;0;413415,580000001010000;5317239,612000001600000;7,839214738000067;48,002586884000038;0
182278;08;3;11;000;2019;09;10;6;3;5;2;0;1;0;0;0;0;1;410284,901795442220000;5316924,045608544700000;7,797319017000064;47,999316570000076;0
182279;08;3;11;000;2019;09;12;6;3;5;2;0;1;1;0;0;0;0;413596,889320481570000;5316312,241976628100000;7,841831671000023;47,994269400000064;0
182280;08;3;11;000;2019;09;10;6;3;6;4;0;0;1;1;0;0;0;413950,912145781330000;5316540,029816754200000;7,846530408000035;47,996366178000073;0
182281;08;3;36;050;2019;09;17;6;3;5;3;0;1;1;0;0;0;0;401910,227763171310000;5277443,207150915600000;7,694019926000067;47,642951851000078;0
182282;08;3;15;047;2019;09;16;6;3;1;7;0;1;1;0;0;0;0;415870,755856027830000;5322113,293976860100000;7,871166148000043;48,046755463000068;0
182284;08;3;11;000;2019;09;21;6;3;0;7;2;1;0;0;0;0;0;412242,882004899900000;5317411,885986238700000;7,823461248000058;48,003976613000077;0
182286;08;3;11;000;2019;09;13;6;3;5;2;0;1;1;0;0;0;0;413901,881103687920000;5317136,755628405100000;7,845753553000066;48,001727341000048;0
182289;08;2;22;000;2019;09;17;6;3;6;7;0;1;0;1;0;0;0;461723,497612900100000;5484388,147251321000000;8,471255649000057;49,510910706000061;0
182290;08;2;26;036;2019;09;10;6;3;5;2;0;1;1;0;0;0;0;468048,686000000690000;5480465,223000001200000;8,558944775000043;49,475991973000077;0
182296;08;2;15;103;2019;09;16;6;3;1;7;0;0;1;1;0;0;0;466890,822309434410000;5442878,559447005400000;8,546078773000033;49,137843473000032;0
182298;08;1;36;065;2019;09;12;6;3;5;3;0;1;1;0;0;0;0;558652,777722580360000;5405062,967226767900000;9,798640640000031;48,795792506000055;0
182299;08;1;28;007;2019;09;10;6;3;6;7;0;0;1;1;0;0;0;555786,230536956340000;5482320,611223412700000;9,770309031000068;49,490957099000070;0
182300;08;1;28;007;2019;09;07;6;3;0;4;0;0;1;1;0;0;0;555711,172377967280000;5482278,142692495100000;9,769266724000033;49,490582032000077;0
182301;08;1;21;000;2019;09;07;6;3;5;3;0;1;1;0;0;0;0;517451,471186827870000;5443073,091207671900000;9,239267986000073;49,140237708000029;0
182302;08;1;21;000;2019;09;07;6;3;0;7;0;1;0;0;0;0;0;516555,253704559060000;5442113,258407121500000;9,226941101000023;49,131628501000080;0
182305;08;3;17;034;2019;09;06;2;3;6;4;2;1;0;1;0;0;0;427121,346743362020000;5361698,011928111300000;8,015292802000033;48,404224111000076;1
182306;08;1;16;033;2019;09;13;6;3;0;7;0;1;1;0;0;0;0;533472,073992589490000;5388065,606577243700000;9,454405834000056;48,644753835000074;0
182307;08;1;16;047;2019;09;17;6;3;1;6;0;1;1;0;0;0;0;520104,627123297190000;5392336,298495940900000;9,273144181000021;48,683746102000043;0
182308;08;1;16;056;2019;09;15;6;3;0;6;0;1;0;0;0;0;0;530451,605234719810000;5395425,630085967500000;9,413944245000039;48,711118236000061;0
182309;08;1;15;045;2019;09;14;6;3;5;2;0;1;1;0;0;0;0;501392,297374011020000;5396373,366567313700000;9,018929666000076;48,720386148000046;0
182310;08;1;11;000;2019;09;08;6;3;6;7;0;0;1;1;0;0;0;515565,947748080830000;5396404,794177468900000;9,211634963000051;48,720476074000032;0
182315;08;2;31;000;2019;09;18;5;3;7;7;0;1;0;0;0;0;1;476967,291307769720000;5415311,289855502500000;8,685787372000050;48,890323705000071;0
182317;08;4;36;064;2019;09;18;5;3;0;7;0;1;0;0;0;0;0;545542,775288079870000;5292448,062762571500000;9,607994726000072;47,783783367000069;0
182319;08;4;35;016;2019;09;17;5;3;6;6;0;0;1;1;0;0;0;534134,446757779460000;5278641,190759811600000;9,454617577000022;47,660263906000068;0
182320;08;4;35;057;2019;09;13;5;3;5;3;0;1;1;0;0;0;0;547667,900235340000000;5276319,621502485100000;9,634599187000049;47,638520585000037;0
182321;08;4;37;114;2019;09;17;5;2;4;6;0;1;0;0;0;0;1;514697,621600346640000;5334043,733118735300000;9,197640842000055;48,159469530000081;0
182324;08;4;16;041;2019;09;15;5;3;2;1;0;1;0;0;0;0;0;502001,047000001180000;5376906,692000001700000;9,027112229000068;48,545258559000047;0
182325;08;4;15;050;2019;09;12;5;3;0;1;0;1;0;0;0;0;0;520971,856019374910000;5376271,540231578100000;9,284114350000039;48,539197153000032;0
182326;08;3;36;091;2019;09;13;5;3;5;3;0;1;1;0;0;0;0;396041,676758185030000;5271596,958960592700000;7,617295446000071;47,589447962000065;0
182328;08;2;15;007;2019;09;09;2;3;6;4;0;0;1;1;0;0;0;478308,892519583930000;5431269,803055573300000;8,703238738000039;49,033927810000080;1
182329;08;4;36;055;2019;09;16;5;2;6;4;0;0;1;1;0;0;0;576007,819796881640000;5296678,029024429600000;10,015390779000029;47,818961997000031;0
182333;08;3;17;065;2019;09;15;5;3;6;7;0;0;0;1;1;0;0;416228,256000000050000;5353882,557000001900000;7,869694549000030;48,332571636000068;0
182335;08;3;17;057;2019;09;12;5;2;5;3;0;1;1;0;0;0;0;413644,311692058110000;5379381,571570081600000;7,829578578000053;48,561577574000069;0
182336;08;3;36;069;2019;09;17;5;3;5;3;0;1;0;0;0;0;1;406719,848583187910000;5267591,028017101800000;7,760135898000044;47,555035551000060;0
182337;08;3;11;000;2019;09;07;5;3;5;3;0;1;1;0;0;0;0;414803,935000001450000;5316557,483000002800000;7,857959167000047;47,996637415000066;1
182338;08;2;26;095;2019;09;17;5;2;5;5;0;1;1;0;0;0;0;474013,252318988550000;5460387,592625672000000;8,642590020000057;49,295681600000080;0
182342;08;2;21;000;2019;09;17;5;3;1;7;0;1;1;0;0;0;0;476726,016625050460000;5472358,102472066900000;8,679200137000066;49,403464848000056;0
182344;08;2;21;000;2019;09;07;5;3;4;3;0;1;1;0;0;0;0;476237,906816521660000;5469458,259718999300000;8,672645695000028;49,377362312000059;0
182348;08;2;15;017;2019;09;06;5;3;6;2;1;0;1;1;0;0;0;456802,992000000550000;5420904,721000000800000;8,410125207000021;48,939560583000059;0
182349;08;1;35;019;2019;09;06;5;3;5;3;0;1;1;0;0;0;0;584976,701609362850000;5393015,433837857100000;10,154529134000029;48,684394213000076;0
182352;08;1;21;000;2019;09;16;5;3;6;4;0;0;1;1;0;0;0;514607,358135420830000;5445908,048419926300000;9,200376942000048;49,165813279000076;0
182353;08;1;21;000;2019;09;12;5;3;1;7;0;1;1;0;0;0;0;515960,600800305600000;5445032,229728568300000;9,218905232000054;49,157901328000037;0
182356;08;1;18;011;2019;09;16;5;3;6;7;0;0;1;1;0;0;0;504795,301400609310000;5408219,056924371000000;9,065334993000022;48,826932682000063;0
182357;08;3;11;000;2019;09;14;2;3;1;5;0;1;0;0;0;1;0;414275,450313033540000;5319434,085429366700000;7,850301323000053;48,022442846000047;0
182358;08;4;25;072;2019;09;21;5;2;6;6;2;0;0;1;0;0;1;581615,556408477020000;5372199,212384320800000;10,104782522000050;48,497609656000066;0
182359;08;1;16;049;2019;09;10;5;3;0;7;0;1;0;0;0;0;0;525038,256804235280000;5386004,109408393500000;9,339789005000057;48,626603319000026;0
182360;08;1;15;045;2019;09;15;5;3;5;3;0;1;1;0;0;0;0;497562,710540539590000;5396450,356359910200000;8,966862175000074;48,721075543000040;0
182361;08;1;15;003;2019;09;12;5;3;6;4;0;0;1;1;0;0;0;500953,147125324230000;5392591,120531374600000;9,012950250000074;48,686361581000028;0
182363;08;4;36;082;2019;09;17;4;2;4;2;0;1;1;0;0;0;0;547323,979595226240000;5294362,237691799200000;9,631981064000058;47,800876722000055;0
182364;08;4;15;061;2019;09;13;4;3;3;7;0;1;0;0;0;0;1;512863,533251950520000;5372404,054808720900000;9,174148953000042;48,504622668000081;0
182366;08;3;15;047;2019;09;07;4;3;5;3;0;1;1;0;0;0;0;415347,625000000930000;5321042,538000002500000;7,864360028000021;48,037054465000040;0
182369;08;2;36;040;2019;09;07;2;3;0;3;2;1;1;0;0;0;0;488274,304463119250000;5421937,889029461900000;8,839846442000066;48,950251768000044;1
182370;08;3;35;043;2019;09;17;4;3;5;3;0;1;1;0;0;0;0;512625,710482340310000;5279021,476045338400000;9,168168112000046;47,664463034000050;0
182372;08;3;26;003;2019;09;18;4;2;6;7;0;0;1;1;0;0;0;464941,698445278220000;5318537,418347582200000;8,529846529000054;48,019166380000058;0
182374;08;3;17;096;2019;09;15;4;2;0;1;0;1;0;0;0;0;0;422557,657000000590000;5364230,718000004100000;7,953172809000023;48,426461691000043;0
182375;08;3;17;065;2019;09;15;4;3;5;3;0;1;0;0;1;0;0;414179,478001388720000;5354858,313104156400000;7,841858046000027;48,341073451000057;0
182378;08;3;15;015;2019;09;16;4;3;5;2;0;1;1;0;0;0;0;394757,438998859380000;5320422,571134459200000;7,588366500000063;48,028416309000079;0
182379;08;3;11;000;2019;09;08;4;3;2;6;0;1;0;0;0;0;0;412415,257013944910000;5317066,986600451200000;7,825842152000064;48,000897786000053;0
182380;08;3;11;000;2019;09;17;4;3;4;6;0;1;0;0;0;0;0;410865,221143687140000;5317916,339220570400000;7,804890570000055;48,008323648000044;0
182381;08;3;11;000;2019;09;16;4;3;0;7;0;1;0;0;0;0;0;414748,177000000140000;5317099,427000002900000;7,857104213000071;48,001504984000064;0
182383;08;2;21;000;2019;09;14;2;3;1;5;0;1;1;0;0;0;0;476762,580492941660000;5473876,213429955800000;8,679615257000023;49,417121400000042;0
182384;08;2;12;000;2019;09;13;4;2;6;4;0;1;0;1;0;0;0;455675,534970641140000;5427722,291939681400000;8,393987363000065;49,000805967000076;0
182385;08;2;12;000;2019;09;08;4;3;4;6;0;1;1;0;0;0;0;456738,012148921380000;5427324,392400223800000;8,408555316000047;48,997302184000034;0
182386;08;2;12;000;2019;09;11;4;3;6;4;0;0;0;1;0;0;1;456471,009485199120000;5428688,258892251200000;8,404759067000043;49,009551566000027;0
182387;08;2;36;076;2019;09;09;4;2;1;5;0;1;1;0;0;0;0;473390,570528043430000;5423457,208258833700000;8,636463097000046;48,963457454000036;0
182389;08;2;31;000;2019;09;05;4;3;5;3;1;1;1;0;0;0;0;475441,691674450410000;5415229,735378991800000;8,664980376000074;48,889531486000067;0
182390;08;2;26;098;2019;09;07;4;2;5;3;1;1;1;0;0;0;0;477760,083255721260000;5460430,770779417800000;8,694118999000068;49,296217879000039;0
182394;08;2;22;000;2019;09;09;4;3;5;3;0;1;1;0;0;0;0;462209,738633441740000;5478755,416852282400000;8,478510590000042;49,460277708000035;0
182395;08;2;21;000;2019;09;07;4;3;0;7;0;1;0;0;0;0;0;478929,880462628790000;5473649,166123965800000;8,709508424000035;49,415158073000043;0
182396;08;2;21;000;2019;09;05;4;3;4;2;2;1;1;0;0;0;0;477674,421000000090000;5473510,192999998100000;8,692207605000021;49,413863255000081;0
182397;08;2;21;000;2019;09;11;4;3;0;1;0;1;0;0;0;0;0;477753,486434945840000;5473644,529167339200000;8,693290098000034;49,415074483000069;0
182398;08;2;21;000;2019;09;13;4;3;5;2;0;1;1;0;0;0;0;476559,826200777660000;5472652,009571461000000;8,676892122000027;49,406102117000046;0
182400;08;2;16;009;2019;09;14;4;3;3;6;0;1;1;0;0;0;0;447233,041864372790000;5421349,687382182100000;8,279395398000077;48,942820765000079;0
182402;08;2;12;000;2019;09;07;4;3;5;3;0;1;1;0;0;0;0;454068,273779999460000;5432752,322395982200000;8,371444359000066;49,045933780000041;0
182403;08;2;12;000;2019;09;11;4;3;0;2;0;1;1;0;0;0;0;455947,867002269250000;5425884,801429089200000;8,397909739000056;48,984296995000079;0
182404;08;2;12;000;2019;09;14;4;3;0;7;0;1;0;0;0;0;0;457547,277000000700000;5428578,972000002900000;8,419487208000021;49,008643496000047;0
182406;08;2;16;049;2019;09;15;4;3;0;7;0;1;0;0;0;0;0;438521,629992373290000;5401128,904860625000000;8,163477344000057;48,760132616000078;0
182407;08;1;15;003;2019;09;12;4;2;5;3;0;1;1;0;0;0;0;501478,120203809810000;5393801,536639798400000;9,020087302000036;48,697249582000040;0
182408;08;1;36;065;2019;09;20;4;3;0;1;2;1;0;0;0;0;0;561485,177908107640000;5404363,935462810100000;9,837098961000038;48,789231073000053;0
182409;08;3;11;000;2019;09;06;2;2;0;1;2;1;0;0;0;0;0;414541,383514204060000;5315978,338842188900000;7,854555749000042;47,991392744000052;1
182413;08;1;21;000;2019;09;09;4;2;5;3;0;1;1;0;0;0;0;515915,924942321140000;5443604,622539032300000;9,218236077000029;49,145060713000078;0
182415;08;1;19;091;2019;09;11;4;3;0;7;0;1;0;0;0;0;0;528250,807802968660000;5406252,464338149900000;9,384771602000058;48,808617760000061;0
182417;08;1;18;048;2019;09;07;4;3;0;7;0;1;0;0;0;0;0;513423,235112430530000;5415001,678189767500000;9,183110796000051;48,887821194000026;0
182418;08;1;17;026;2019;09;13;4;3;5;3;0;1;1;0;0;0;0;550243,192967033010000;5395734,845373917400000;9,683003044000031;48,712619176000032;0
182420;08;1;17;033;2019;09;17;4;3;6;7;0;0;1;1;0;0;0;558900,094465198000000;5387523,111930524900000;9,799503627000036;48,637994954000078;0
182421;08;2;22;000;2019;09;11;2;3;3;6;0;1;1;0;0;0;0;465255,521526993250000;5477284,422418540300000;8,520668514000022;49,447228576000043;0
182423;08;3;11;000;2019;09;06;2;3;5;3;2;1;1;0;0;0;0;414028,943509970790000;5317574,066800827200000;7,847368971000037;48,005678214000056;0
182424;08;4;21;000;2019;09;07;2;3;4;2;0;1;1;0;0;0;0;571387,657354630530000;5360775,547530576600000;9,964407583000025;48,396096918000069;0
182425;08;4;16;041;2019;09;08;2;3;3;6;0;1;1;0;0;0;0;504307,630100841630000;5373407,032655971100000;9,058327992000045;48,513762798000073;0
182428;08;1;25;013;2019;10;16;3;3;0;7;0;0;1;1;0;0;0;504904,174283953380000;5436647,485276322800000;9,067160781000041;49,082664912000041;0
182429;08;4;17;008;2019;09;17;2;2;0;7;0;1;0;0;0;0;0;495302,180999999870000;5349603,747999999700000;8,936655108000025;48,299612745000047;0
182430;08;3;17;089;2019;09;18;2;3;0;7;0;1;0;0;0;0;0;427772,464756184260000;5376311,905326211800000;8,021564970000043;48,535753050000039;0
182431;08;3;15;006;2019;09;12;2;3;0;6;0;1;1;0;0;0;0;402938,233822033740000;5307819,431560721200000;7,700913056000047;47,916347960000053;0
182432;08;3;15;074;2019;09;17;2;3;2;6;0;1;1;0;0;0;0;397054,536553815940000;5295741,265887882600000;7,625064008000038;47,806789494000043;0
182433;08;3;15;133;2019;09;16;2;2;0;1;0;1;0;0;0;0;0;395813,615812643430000;5328498,624363752100000;7,600560736000034;48,101228750000075;0
182434;08;3;11;000;2019;09;17;2;3;5;3;0;1;1;0;0;0;0;413206,685389475900000;5315215,029889434600000;7,836824228000069;47,984346748000064;0
182436;08;3;36;050;2019;09;17;2;3;4;2;0;1;1;0;0;0;0;399531,643408671950000;5273660,314317371700000;7,663227955000025;47,608558685000048;0
182438;08;2;12;000;2019;09;17;2;3;5;3;0;1;1;0;0;0;0;451905,312252151780000;5427892,011296439900000;8,342423467000060;49,002050355000051;0
182439;08;2;31;000;2019;09;18;2;3;5;2;0;1;1;0;0;0;0;477238,714617426510000;5415287,876076178600000;8,689491381000039;48,890123112000026;0
182441;08;2;26;096;2019;09;11;2;3;6;4;0;0;1;1;0;0;0;476007,698755577210000;5488623,710784545200000;8,668312707000041;49,549741549000032;0
182442;08;2;21;000;2019;09;16;2;3;5;5;0;1;1;0;0;0;0;474995,810710575430000;5471412,258769406000000;8,655411597000068;49,394888522000031;0
182443;08;2;15;007;2019;09;12;2;3;6;4;0;0;1;1;0;0;0;479054,117966366930000;5431410,235799580800000;8,713426954000056;49,035216833000050;0
182445;08;2;12;000;2019;09;08;2;3;5;3;0;1;1;0;0;1;0;456397,073057240810000;5427449,620829677200000;8,403881079000030;48,998404645000051;0
182446;08;2;12;000;2019;09;16;2;3;8;7;0;1;0;0;0;0;0;457316,763000002130000;5429120,407000003400000;8,416278318000025;49,013497875000041;0
182447;08;1;15;003;2019;09;21;2;3;6;4;2;0;1;1;0;0;0;500253,272036634390000;5392804,662204114700000;9,003441296000062;48,688283301000070;0
182449;08;1;35;019;2019;09;08;2;3;5;3;0;1;1;0;0;0;0;583524,920566645450000;5392410,544640909900000;10,134686471000066;48,679149591000055;0
182452;08;1;25;065;2019;09;17;2;3;5;3;0;1;1;0;0;0;0;517167,740553888490000;5448084,801373740700000;9,235591697000075;49,185327467000036;0
182457;08;1;11;000;2019;09;15;2;3;6;4;0;0;1;1;0;0;0;513524,566798736340000;5409023,008472910200000;9,184295521000024;48,834036146000074;0
182458;08;1;19;079;2019;10;11;3;3;6;4;0;0;1;1;0;0;0;522784,424013797190000;5408579,022980649000000;9,310450808000041;48,829771407000067;0
182460;08;1;11;000;2019;09;18;2;3;6;4;0;0;1;1;0;0;0;515612,417999999600000;5404024,994000002700000;9,212555760000043;48,789025767000055;0
182461;08;4;26;070;2019;09;15;1;3;0;1;0;1;0;0;0;0;0;564706,758228265680000;5341210,126586299400000;9,871162881000032;48,220814186000041;0
182462;08;4;16;048;2019;09;13;1;2;1;6;0;0;0;1;1;0;0;496073,181398496960000;5375684,621637441200000;8,946806978000041;48,534255304000055;0
182463;08;3;37;123;2019;09;16;1;3;0;1;0;1;0;0;0;0;0;451768,899455650710000;5277000,751483041800000;8,357828354000048;47,644607121000035;0
182468;08;3;17;057;2019;09;17;1;3;5;3;0;1;1;0;0;0;0;412491,668750094250000;5380467,813839662800000;7,813731194000070;48,571187788000032;0
182469;08;2;12;000;2019;09;15;1;3;1;5;0;1;1;0;0;0;0;454517,434056735600000;5426001,762948999200000;8,378347144000031;48,985245395000049;0
182470;08;2;35;079;2019;09;13;1;3;5;2;0;1;1;0;0;0;0;468825,980999999680000;5403216,673000004100000;8,575646197000026;48,781168953000076;0
182471;08;1;19;093;2019;10;18;3;3;5;3;0;1;1;0;0;0;0;524666,918996445830000;5404231,296939102900000;9,335839130000068;48,790588384000046;0
182473;08;2;21;000;2019;09;18;1;3;0;7;0;1;0;0;0;0;0;477699,053566861900000;5472789,944952279300000;8,692587656000058;49,407385639000040;0
182474;08;2;15;009;2019;09;15;1;3;5;3;0;1;1;0;0;0;0;468434,487221147870000;5441984,972851611700000;8,567311474000064;49,129886786000043;1
182475;08;2;11;000;2019;09;14;1;3;5;3;0;1;0;0;1;0;0;440578,447411648930000;5404283,613236801700000;8,191005207000046;48,788709181000058;0
182479;08;1;18;048;2019;09;13;1;3;6;2;0;0;1;1;0;0;0;514425,755976609890000;5415347,200810957700000;9,196798632000025;48,890906898000026;0
182480;08;1;18;048;2019;09;15;1;2;0;7;0;1;0;0;0;0;0;512910,781176702120000;5416548,223083887200000;9,176169156000071;48,901744396000026;0
182482;08;1;16;049;2019;09;17;1;3;3;6;0;1;0;0;0;0;0;522370,500042114410000;5387586,974272290200000;9,303671435000069;48,640943989000050;0
182483;08;1;16;033;2019;09;12;1;2;0;7;0;1;0;0;0;0;0;530319,234319368380000;5388834,966593489100000;9,411661467000045;48,651835847000029;0
182484;08;1;16;078;2019;09;17;1;3;5;3;0;1;1;0;0;0;0;510468,572595382110000;5393713,010669022800000;9,142262941000070;48,696367114000054;0
182486;08;1;16;056;2019;09;13;1;3;0;7;0;1;0;0;0;0;0;531867,068287879230000;5395742,669901596400000;9,433209281000075;48,713899535000053;0
182489;08;4;36;049;2019;09;11;7;3;0;1;0;1;0;0;0;0;0;578017,836707783860000;5282926,330736279500000;10,039770238000074;47,695009949000053;0
182491;08;4;15;061;2019;09;14;7;2;5;3;0;1;1;0;0;0;0;514296,661642926750000;5370490,063625317100000;9,193485276000047;48,487372735000065;0
182493;08;3;37;126;2019;09;08;7;2;5;3;0;1;1;0;0;0;0;446592,527498057110000;5276125,488334909100000;8,289019756000073;47,636325875000068;0
182494;08;3;36;105;2019;09;15;7;3;3;6;0;1;0;0;0;0;0;400687,784000000920000;5267360,613000003600000;7,680032030000064;47,552068213000041;0
182496;08;2;36;050;2019;09;13;7;2;1;7;0;1;1;0;0;0;0;485592,257282390260000;5422808,191910129000000;8,803183534000027;48,958024020000039;0
182499;08;2;22;000;2019;09;13;7;3;5;3;0;1;1;0;0;0;0;464510,596494994130000;5477223,037704609300000;8,510397489000070;49,446633398000074;0
182500;08;2;26;018;2019;09;12;7;3;6;6;0;0;1;1;0;0;0;473281,922244658690000;5471063,586979700300000;8,631816050000055;49,391679479000061;0
182501;08;2;21;000;2019;09;18;7;3;5;3;0;1;1;0;0;0;0;476202,407145379110000;5472036,240842133800000;8,672002307000071;49,400549506000061;0
182507;08;1;18;048;2019;09;13;7;3;0;7;0;1;1;0;0;0;0;513467,964936923240000;5414967,303441779700000;9,183719835000034;48,887510997000049;0
182509;08;1;16;019;2019;09;14;7;3;0;7;0;1;0;0;0;0;0;525072,741000001320000;5396704,870999999300000;9,340905838000026;48,722865642000045;0
182511;08;1;18;048;2019;10;15;3;3;6;4;0;0;1;1;0;0;0;517038,888319710270000;5415513,856703691200000;9,232454097000073;48,892339741000058;0
182513;08;1;11;000;2019;09;23;7;2;6;4;2;0;1;1;0;0;0;516026,071164831520000;5405461,429037336300000;9,218243457000028;48,801937230000078;0
182514;08;4;35;020;2019;09;18;6;3;6;7;1;0;1;1;0;0;0;520475,425862739790000;5300545,861981462700000;9,273735434000059;47,857926981000048;0
182515;08;4;36;082;2019;09;07;6;3;5;2;0;1;1;0;0;0;0;547268,429830208420000;5295572,265166763200000;9,631371201000036;47,811767355000029;0
182516;08;4;37;076;2019;09;11;6;3;2;6;0;1;1;0;0;0;0;524490,961755500180000;5321809,780808206600000;9,328629007000075;48,049100323000062;0
182517;08;4;26;021;2019;09;20;6;3;6;4;2;0;1;1;0;0;0;558618,642729894260000;5327607,716327464200000;9,787330794000070;48,099037595000027;1
182518;08;4;21;000;2019;09;14;6;3;6;7;0;0;1;1;0;0;0;573088,225143354390000;5361331,314928328600000;9,987474558000031;48,400901326000053;0
182519;08;3;11;000;2019;09;21;6;3;4;2;2;1;1;0;0;0;0;414174,588283226830000;5315689,430230381000000;7,849698196000077;47,988744774000054;1
182521;08;3;11;000;2019;09;12;6;3;5;3;0;1;1;0;0;0;0;414717,019858715120000;5318881,385721959200000;7,856332210000062;48,017530221000072;0
182522;08;2;12;000;2019;09;09;6;3;5;5;0;1;1;0;0;0;0;455883,351437522100000;5429460,516412431400000;8,396639607000054;49,016456364000078;1
182528;08;2;26;085;2019;09;13;6;3;5;3;0;1;1;0;0;0;0;490724,272370613180000;5455462,606754312300000;8,872538895000048;49,251862827000082;1
182532;08;2;22;000;2019;09;11;6;3;5;3;0;1;1;0;0;0;0;461462,607006165200000;5482180,605957068500000;8,467867278000028;49,491038574000072;0
182534;08;2;22;000;2019;09;13;6;3;6;2;0;0;1;1;0;0;0;460657,782070983200000;5482322,940433668000000;8,456740432000061;49,492267141000070;1
182544;08;1;35;019;2019;09;12;6;2;0;7;0;1;0;0;0;0;0;585398,305771164600000;5394641,639296539100000;10,160592159000032;48,698963175000074;0
182546;08;1;35;019;2019;09;15;6;2;7;1;0;1;0;0;0;0;0;583836,658510903830000;5392339,714361483200000;10,138906197000040;48,678470734000030;1
182550;08;1;27;076;2019;09;15;6;3;6;4;0;0;0;1;0;0;1;552247,764168040830000;5439456,297179799500000;9,715847248000046;49,105731582000033;0
182555;08;1;11;000;2019;09;08;6;3;0;5;0;1;1;0;0;0;0;515273,557133799420000;5403554,751103578100000;9,207924883000032;48,784803928000031;0
182556;08;1;11;000;2019;09;15;6;3;0;4;0;0;0;1;0;0;1;510543,848868219180000;5397445,996952496500000;9,143381299000055;48,729947933000062;1