OBJECTID;ULAND;UREGBEZ;UKREIS;UGEMEINDE;UJAHR;UMONAT;USTUNDE;UWOCHENTAG;UKATEGORIE;UART;UTYP1;ULICHTVERH;IstRad;IstPKW;IstFuss;IstKrad;IstGkfz;IstSonstige;LINREFX;LINREFY;XGCSWGS84;YGCSWGS84;STRZUSTAND
182557;08;4;36;064;2019;09;07;5;3;0;2;0;1;1;0;0;0;0;546259,957000000400000;5292735,201999997700000;9,617599113000040;47,786315648000027;1
182558;08;4;35;016;2019;09;17;5;3;6;4;0;0;1;1;0;0;0;535977,168692098930000;5278017,669815864400000;9,479107570000053;47,654553965000048;0
182559;08;4;26;021;2019;09;07;5;3;6;4;0;0;1;1;0;0;0;558654,356173523700000;5326107,284153239800000;9,787604266000074;48,085536133000062;0
182560;08;4;26;021;2019;09;06;5;2;5;3;2;1;0;0;0;0;0;558785,227631581950000;5327348,199395811200000;9,789532295000072;48,096687584000051;1
182562;08;3;35;066;2019;09;18;5;3;5;2;0;1;1;0;0;0;0;504228,426409225910000;5282167,425573496100000;9,056351095000025;47,692878726000060;0
182564;08;3;27;050;2019;09;16;5;3;5;2;0;1;1;0;0;0;0;486284,631934122180000;5314293,721671694900000;8,816201403000036;47,981800044000067;0
182565;08;3;27;050;2019;09;07;5;3;6;7;0;0;0;1;0;0;1;486621,345718905330000;5314497,814624093500000;8,820707297000070;47,983643434000044;0
182566;08;1;16;049;2019;10;13;3;3;5;3;0;1;1;0;0;0;0;525476,662400496190000;5386019,951036239000000;9,345739378000076;48,626728125000056;0
182567;08;3;17;096;2019;09;10;5;3;5;3;0;1;1;0;0;0;0;422896,604037504640000;5369327,573597021400000;7,956815034000044;48,472349436000059;1
182568;08;3;17;065;2019;09;08;5;3;0;3;0;1;0;0;1;0;0;416120,268656069410000;5354631,275582116100000;7,868088723000028;48,339291960000025;1
182569;08;3;11;000;2019;09;07;5;3;3;2;1;1;1;0;0;0;0;414311,310000000520000;5319401,989000000100000;7,850788575000024;48,022158940000054;1
182570;08;3;36;050;2019;09;13;5;3;5;3;0;1;1;0;0;0;0;400578,510466584940000;5275417,963287759600000;7,676754184000060;47,624530872000037;1
182571;08;2;12;000;2019;09;07;5;3;6;7;2;0;1;1;0;0;0;455852,555542010810000;5427875,265485862300000;8,396390852000025;49,002194667000026;1
182573;08;2;12;000;2019;09;11;5;3;0;5;0;1;1;0;0;0;0;455160,842000001110000;5428120,215000003600000;8,386906864000025;49,004348150000055;0
182575;08;1;16;049;2019;10;17;3;3;6;7;0;0;1;1;0;0;0;525698,786334889010000;5385745,874225428300000;9,348736738000071;48,624253432000046;0
182579;08;1;15;045;2019;10;13;3;3;3;6;0;1;1;0;0;0;0;499668,001324565150000;5394912,315050743500000;8,995487324000067;48,707243900000037;0
182580;08;2;26;038;2019;09;07;5;3;0;7;0;1;0;0;0;0;0;471668,900000001300000;5479842,361999999700000;8,608961428000043;49,470569292000050;1
182583;08;2;21;000;2019;09;11;5;3;1;5;0;1;1;0;0;0;0;477275,215605055910000;5472567,695928251400000;8,686757977000070;49,405370864000076;1
182587;08;2;12;000;2019;09;11;5;3;2;6;0;1;0;0;0;0;1;450373,780935259540000;5427492,800489790700000;8,321533836000072;48,998338226000044;0
182591;08;1;18;073;2019;09;06;5;3;6;4;1;0;1;1;0;0;0;497338,628907559440000;5421722,602777445700000;8,963651420000076;48,948420567000028;0
182593;08;1;15;003;2019;09;07;5;2;0;7;0;1;0;0;0;0;0;499888,714999999850000;5391470,847999999300000;8,998488291000058;48,676284197000030;1
182594;08;1;15;045;2019;09;09;5;3;5;2;0;1;1;0;0;0;0;501352,669468600300000;5394819,916347634000000;9,018385793000050;48,706411296000056;1
182599;08;4;16;050;2019;09;18;4;3;6;4;0;0;1;1;0;0;0;488538,478030024100000;5364303,349711963900000;8,845053681000024;48,431772489000082;0
182600;08;4;15;061;2019;09;07;4;3;0;1;0;1;0;0;0;0;0;515926,765272885560000;5370428,712127246000000;9,215543950000040;48,486781597000061;1
182601;08;3;37;002;2019;09;08;4;3;0;1;0;1;0;0;0;0;0;431539,308000000190000;5271945,117000002400000;8,089302266000061;47,597299728000053;1
182602;08;3;17;057;2019;09;12;4;2;9;1;0;1;0;0;0;0;0;413599,798622522500000;5379546,445277068800000;7,828941165000060;48,563054384000054;1
182605;08;3;11;000;2019;09;16;4;3;5;3;0;1;1;0;0;0;0;414163,386795364320000;5315485,075068641500000;7,849588953000023;47,986905016000037;0
182606;08;3;11;000;2019;09;23;4;3;0;1;2;1;0;0;0;0;0;412208,695000001230000;5315297,756000002800000;7,823435476000043;47,984954694000066;0
182607;08;2;15;100;2019;09;18;4;1;0;7;0;1;0;0;0;0;0;475081,369880504910000;5451485,617843043100000;8,657834093000076;49,215652346000070;0
182608;08;2;12;000;2019;09;16;4;3;3;6;0;1;1;0;0;0;0;456393,191686950620000;5427463,828033803000000;8,403826493000054;48,998532166000075;1
182609;08;2;37;004;2019;09;12;4;3;0;7;0;1;0;0;0;0;0;454517,982711198740000;5383063,223740600000000;8,383108337000067;48,598995394000042;1
182611;08;2;22;000;2019;09;07;4;3;6;4;1;0;0;1;0;0;1;463097,601586594250000;5478805,340821046400000;8,490757549000023;49,460781342000075;0
182612;08;2;22;000;2019;09;12;4;3;0;7;0;1;0;0;0;0;0;465472,505899747830000;5474421,278144449000000;8,523911229000021;49,421488033000060;1
182613;08;2;26;105;2019;09;15;4;3;6;4;0;0;1;1;0;0;0;471098,541535397990000;5479298,821223277600000;8,601128977000030;49,465653444000054;0
182615;08;2;15;007;2019;09;13;4;3;6;4;0;1;0;1;0;0;0;479294,518184387130000;5431041,793288135900000;8,716734788000053;49,031910646000028;0
182619;08;1;15;042;2019;10;18;3;2;0;1;0;1;0;0;0;0;0;495722,691192390400000;5406738,573926519600000;8,941737983000053;48,813618198000029;0
182620;08;1;19;085;2019;09;15;4;2;6;4;0;0;1;1;0;0;0;528143,447117340750000;5412672,003041578500000;9,383750264000071;48,866370681000035;0
182621;08;1;18;070;2019;09;15;4;3;6;4;0;0;1;1;0;0;0;520264,485996257510000;5423822,407855657900000;9,276871965000055;48,966983228000061;0
182623;08;1;18;079;2019;09;19;4;3;4;1;2;1;1;0;0;0;0;509429,616432967600000;5420803,680263433600000;9,128766764000034;48,940088066000044;1
182629;08;4;15;061;2019;09;08;3;3;5;2;0;1;1;0;0;0;0;515207,783484771850000;5372119,708241451500000;9,205875300000059;48,502012203000049;0
182630;08;4;16;025;2019;09;16;3;3;5;3;0;1;1;0;0;0;0;503461,704089169390000;5361087,253319622900000;9,046771708000051;48,402933586000074;0
182631;08;1;15;021;2019;10;13;3;3;2;6;0;1;0;0;0;0;0;490727,283341100440000;5381997,316345034200000;8,874250415000063;48,590989847000060;0
182632;08;4;15;061;2019;09;17;3;3;5;3;0;1;1;0;0;0;0;513124,526999999770000;5372395,421000002000000;9,177682047000076;48,504539596000029;0
182635;08;4;36;064;2019;09;16;3;3;5;3;0;1;1;0;0;0;0;546393,601000001650000;5293354,342000000200000;9,619449426000074;47,791876433000027;0
182636;08;3;35;043;2019;09;14;3;2;0;1;0;1;0;0;0;0;0;513024,881118323650000;5284081,589553769700000;9,173635879000074;47,709984191000046;0
182639;08;3;16;011;2019;09;12;3;3;4;6;0;1;0;0;0;0;0;415062,246070617810000;5329132,407449102000000;7,858924392000063;48,109787265000080;0
182640;08;3;15;006;2019;09;08;3;2;5;3;0;1;1;0;0;0;0;402863,569873490370000;5307888,880157554500000;7,699898358000041;47,916961343000025;0
182643;08;2;12;000;2019;09;15;3;3;5;3;0;1;1;0;0;0;0;459358,599731697700000;5428227,006561862300000;8,444289829000070;49,005599453000059;0
182644;08;2;12;000;2019;09;10;3;3;0;1;0;1;0;0;0;0;0;461277,325846009890000;5427503,484803909400000;8,470593318000056;48,999214579000068;0
182646;08;2;12;000;2019;09;16;3;3;5;3;0;1;1;0;0;0;0;456640,162302370180000;5428600,786370553100000;8,407081375000075;49,008776649000026;0
182647;08;2;12;000;2019;09;17;3;3;5;3;0;1;1;0;0;0;0;455060,129921779040000;5426806,848518446100000;8,385675202000073;48,992526961000067;1
182648;08;2;26;084;2019;09;07;3;3;5;5;0;1;1;0;0;0;0;469865,197892539200000;5469719,672229573100000;8,584835550000037;49,379431749000048;0
182650;08;2;22;000;2019;09;09;3;3;5;3;0;1;1;0;0;0;0;464274,217308112420000;5479253,436559300900000;8,506953424000074;49,464882111000065;0
182651;08;2;22;000;2019;09;15;3;3;6;4;0;1;0;1;0;0;0;464873,253254706970000;5484772,560866376400000;8,514729854000052;49,514558970000053;0
182652;08;2;26;096;2019;09;16;3;2;5;2;0;1;1;0;0;0;0;475391,301549052820000;5487297,227411363300000;8,659874166000066;49,537785615000075;0
182653;08;2;21;000;2019;09;13;3;3;1;7;0;1;1;0;0;0;0;477017,617273072710000;5470829,170665338600000;8,683307824000053;49,389723405000041;0
182654;08;2;21;000;2019;09;12;3;3;3;2;0;1;1;0;0;0;0;477255,523552570490000;5470184,379890151300000;8,686622959000033;49,383932524000045;0
182656;08;2;15;009;2019;09;10;3;3;8;7;0;1;0;0;0;0;0;466935,875044418500000;5437767,269510349300000;8,547115171000030;49,091869054000028;0
182658;08;2;12;000;2019;09;09;3;3;5;3;0;1;0;0;0;0;0;455285,561812963340000;5427214,707397900500000;8,388711768000064;48,996212064000076;0
182659;08;2;12;000;2019;09;07;3;3;5;3;0;1;0;0;0;0;1;456870,707843065260000;5428247,836723901300000;8,410271260000059;49,005617978000032;0
182660;08;2;12;000;2019;09;16;3;3;0;7;0;1;0;0;0;0;0;461756,331000000240000;5427334,034000001800000;8,477157823000027;48,997720189000063;1
182661;08;1;36;088;2019;09;09;3;3;5;3;0;1;1;0;0;0;0;581228,114837255330000;5413444,666913710500000;10,107644981000021;48,868639747000032;0
182663;08;1;35;019;2019;09;16;3;3;6;4;0;0;1;1;0;0;0;584931,563886140470000;5392857,990690190300000;10,153883651000058;48,682984268000041;0
182664;08;1;25;056;2019;09;18;3;2;6;4;0;0;1;1;0;0;0;510391,039595618840000;5435743,313597666100000;9,142277880000052;49,074463292000075;0
182673;08;4;36;095;2019;09;07;2;3;5;3;1;1;1;0;0;0;0;536069,405686338430000;5296454,656382624100000;9,481863993000047;47,820431617000054;1
182675;08;4;16;041;2019;09;05;2;2;0;7;2;1;0;0;0;0;0;504417,358745269480000;5374697,900256980200000;9,059827459000076;48,525375152000038;1
182677;08;3;37;096;2019;09;05;2;3;6;4;2;1;0;1;0;0;0;420631,427231805400000;5267796,390137871700000;7,944974037000065;47,558732798000051;1
182679;08;3;35;063;2019;09;13;2;3;0;1;0;1;0;0;0;0;0;497312,588599795480000;5287465,967024643000000;8,964152905000049;47,740561298000046;0
182681;08;3;35;043;2019;09;17;2;3;6;2;0;0;1;1;0;0;0;512306,848625429910000;5280662,804532734700000;9,163967303000050;47,679237308000040;0
182682;08;3;26;074;2019;09;07;2;3;6;2;1;0;1;1;0;0;0;465386,921117109250000;5323092,617205865700000;8,535448732000020;48,060173004000035;1
182688;08;2;22;000;2019;10;05;3;3;5;3;2;1;1;0;0;0;0;461094,411022731100000;5481579,483205447000000;8,462842544000068;49,485608304000039;1
182689;08;2;21;000;2019;10;13;3;3;5;3;0;1;1;0;0;0;0;476932,108717091380000;5469716,008308826000000;8,682194139000046;49,379707414000052;1
182690;08;2;21;000;2019;10;09;3;3;5;3;0;1;1;0;0;0;0;474488,275742270980000;5474276,050706042000000;8,648233285000060;49,420626725000034;1
182692;08;2;12;000;2019;10;07;3;3;5;3;1;1;0;0;0;0;0;453253,190570946780000;5428893,975796358700000;8,360735804000058;49,011166624000055;0
182694;08;1;25;066;2019;10;10;3;3;6;7;0;0;1;1;0;0;0;514609,956576938740000;5432117,352329369600000;9,199913652000021;49,041760404000058;0
182695;08;1;19;008;2019;10;14;3;3;1;1;0;1;1;0;0;0;0;530818,945161288600000;5422229,366906477100000;9,420952662000047;48,952216918000033;1
182696;08;1;18;078;2019;10;22;3;3;1;7;2;1;1;0;0;0;0;513607,465255578050000;5420263,593160938500000;9,185799362000068;48,935151826000038;1
182697;08;1;18;048;2019;10;15;3;3;6;4;0;0;1;1;0;0;0;513433,269245698120000;5415088,231954297100000;9,183250520000058;48,888599592000048;0
182698;08;1;18;046;2019;10;12;3;3;4;2;0;1;1;0;0;0;0;514549,634470967580000;5412410,938630446800000;9,198384113000031;48,864490109000030;0
182699;08;1;17;024;2019;10;12;3;2;6;4;0;1;0;1;0;0;0;560409,611154085030000;5386108,032746130600000;9,819785241000034;48,625121889000070;0
182700;08;1;16;080;2019;10;19;3;3;0;1;1;1;0;0;0;0;0;521930,963334254920000;5395576,987218648200000;9,298128800000029;48,712837733000072;0
182701;08;1;16;019;2019;10;14;3;3;0;7;0;0;0;1;0;0;1;522472,786125135610000;5398342,391062350900000;9,305644929000039;48,737695790000032;0
182702;08;1;15;045;2019;10;15;3;3;6;4;0;0;1;1;0;0;0;500238,845257380980000;5395437,330795025500000;9,003246797000031;48,711967022000067;0
182705;08;1;11;000;2019;10;17;3;3;6;4;0;0;1;1;0;0;0;517560,507448880930000;5402435,762175999600000;9,239009966000026;48,774677267000072;0
182706;08;1;11;000;2019;10;16;3;2;6;4;0;0;0;1;0;0;1;514751,679998717270000;5404405,858100894800000;9,200850968000054;48,792472992000057;0
182707;08;1;11;000;2019;10;08;3;3;5;2;0;1;1;0;0;0;0;517277,983258133750000;5406844,909976752500000;9,235350119000032;48,814349266000079;1
182709;08;1;11;000;2019;10;17;3;3;5;3;0;1;1;0;0;0;0;518646,593349923380000;5402866,352524073800000;9,253811684000027;48,778519203000030;0
182711;08;4;36;055;2019;10;13;2;2;6;4;0;0;1;1;0;0;0;576383,827745984310000;5296997,491181179900000;10,020469382000044;47,821791355000073;0
182712;08;4;35;016;2019;10;17;2;3;0;1;0;1;0;0;0;0;0;535983,964456034820000;5278293,734834684100000;9,479220792000035;47,657037459000037;1
182713;08;4;35;016;2019;10;16;2;3;6;1;0;1;0;1;0;0;0;535907,947901062670000;5277889,347883926700000;9,478175250000049;47,653403245000050;0
182716;08;4;15;053;2019;10;12;2;2;0;1;0;1;0;0;0;0;0;536480,677078599110000;5362516,181089703000000;9,493011840000065;48,414742339000043;0
182717;08;3;35;075;2019;10;11;2;3;0;1;0;1;0;0;0;0;0;488820,582266234790000;5287725,752475049300000;8,850872508000066;47,742807454000058;0
182719;08;3;25;049;2019;10;12;2;3;6;4;0;0;1;1;0;0;0;472276,228798919360000;5335032,977772677300000;8,627133265000055;48,167934870000067;0
182720;08;3;15;074;2019;10;11;2;2;6;4;0;1;0;1;0;0;0;397207,106367660690000;5295929,648605871900000;7,627056456000048;47,808508364000033;0
182722;08;3;11;000;2019;10;11;2;3;5;3;0;1;1;0;0;0;0;413899,747084531930000;5316833,455628959500000;7,845785818000024;47,998998762000042;0
182723;08;3;36;050;2019;10;14;2;3;5;3;0;1;1;0;0;0;0;399616,924415905030000;5274140,056597301700000;7,664252437000073;47,612887351000040;0
182724;08;2;12;000;2019;10;08;2;3;4;2;0;1;1;0;0;0;0;456230,303683701900000;5428467,227878686000000;8,401491534000058;49,007546341000079;1
182725;08;4;21;000;2019;10;06;3;2;5;3;2;1;1;0;0;0;0;568500,085687836630000;5356116,921557769200000;9,924644313000044;48,354510951000066;0
182727;08;2;26;098;2019;10;20;2;3;5;2;2;1;1;0;0;0;0;477902,356693481100000;5460415,921575881500000;8,696076576000053;49,296089473000052;0
182728;08;2;26;096;2019;10;10;2;3;1;5;0;1;1;0;0;0;0;475069,234485910270000;5488444,183096053100000;8,655350287000033;49,548088857000039;1
182730;08;2;26;063;2019;10;07;2;3;5;5;1;1;1;0;0;0;0;470832,869036397900000;5471210,360974086400000;8,598057351000023;49,392887285000029;1
182733;08;2;22;000;2019;10;12;2;3;1;5;0;1;1;0;0;0;0;461568,471455315130000;5480074,098906813200000;8,469533729000034;49,472098360000075;0
182735;08;2;22;000;2019;10;13;2;2;6;2;0;0;1;1;0;0;0;467283,783198827880000;5483105,519217331000000;8,548167905000071;49,499699570000075;0
182736;08;2;26;018;2019;10;07;2;3;6;4;1;0;1;1;0;0;0;473193,504664606410000;5472138,273663498500000;8,630525147000071;49,401342194000051;1
182738;08;2;15;017;2019;10;15;2;3;5;3;0;1;1;0;0;0;0;456216,605863390490000;5421572,436349356500000;8,402046539000025;48,945525601000043;0
182739;08;4;15;061;2019;10;18;3;3;0;7;0;1;0;0;0;0;0;514619,161340909080000;5369311,890351327100000;9,197808613000063;48,476766026000064;0
182740;08;2;12;000;2019;10;13;2;3;5;3;0;1;1;0;0;0;0;457792,869512256230000;5429097,705657105900000;8,422791404000066;49,013326426000049;0
182744;08;1;25;065;2019;10;12;2;3;5;3;0;1;1;0;0;0;0;516939,028627734630000;5449919,031975209700000;9,232530449000024;49,201833170000043;0
182745;08;1;21;000;2019;10;08;2;3;5;2;0;1;1;0;0;0;0;515929,862155601380000;5440800,389203095800000;9,218316384000048;49,119835309000052;1
182747;08;1;19;042;2019;10;17;2;3;8;7;0;1;0;0;0;0;0;529838,231329930950000;5416932,430385110900000;9,407169946000067;48,904616424000039;0
182748;08;1;19;079;2019;10;09;2;2;6;4;0;1;0;1;0;0;0;523002,343686975540000;5408538,586148943800000;9,313417773000026;48,829399613000078;0
182749;08;1;19;020;2019;10;12;2;2;4;2;0;1;1;0;0;0;0;521097,595973595980000;5407007,892688365700000;9,287386306000030;48,815697464000039;0
182754;08;1;16;033;2019;10;13;2;3;0;7;0;1;0;0;0;0;1;533188,303213180970000;5388965,662314932800000;9,450625720000062;48,652865770000062;0
182755;08;1;16;049;2019;10;20;2;2;6;7;2;0;1;1;0;0;0;525356,074673556720000;5386808,781622231000000;9,344151189000058;48,633829373000026;0
182756;08;1;16;019;2019;10;17;2;3;6;7;0;0;1;1;0;0;0;522336,357114839370000;5397179,539312269500000;9,303726415000028;48,727239788000077;0
182757;08;1;15;042;2019;10;16;2;3;0;7;0;1;1;0;0;0;0;495859,191225715910000;5406165,920868799100000;8,943603052000071;48,808467588000042;0
182759;08;1;11;000;2019;10;11;2;3;6;7;0;0;1;1;0;0;0;513185,466533122580000;5403693,564479420000000;9,179503503000035;48,786100454000064;0
182760;08;4;15;061;2019;10;07;3;3;5;3;0;1;1;0;0;0;0;515384,259364414960000;5370438,618274768800000;9,208202394000068;48,486884231000033;0
182764;08;3;17;065;2019;10;19;1;3;1;5;2;1;1;0;0;0;0;415738,526351156640000;5354667,762059679300000;7,862931071000048;48,339569350000033;1
182765;08;3;11;000;2019;10;12;1;3;9;1;0;1;0;0;0;0;0;418532,364942096170000;5314194,134680522600000;7,908377041000051;47,975863714000070;0
182767;08;2;26;032;2019;10;17;1;3;6;3;0;0;0;1;0;0;1;468709,851401692260000;5463672,057783387600000;8,569393999000056;49,324976350000043;1
182774;08;1;15;003;2019;10;17;1;3;6;4;0;0;1;1;0;0;0;497095,410598785620000;5393373,353290807500000;8,960530336000034;48,693392594000045;0
182777;08;1;11;000;2019;10;14;1;3;0;7;0;1;0;0;0;0;0;516249,023556242700000;5403312,186192600100000;9,221194598000068;48,782597121000038;1
182778;08;1;11;000;2019;10;14;1;3;0;1;0;1;0;0;0;0;0;518557,023549689910000;5401052,113637981900000;9,252510649000044;48,762201190000042;1
182781;08;3;36;050;2019;10;15;3;3;4;6;0;1;1;0;0;0;0;399690,651415064930000;5274940,847612764700000;7,665049843000077;47,620102162000080;0
182782;08;4;21;000;2019;10;13;7;2;6;4;0;0;0;1;0;0;1;573813,121600535700000;5361520,234726455100000;9,997300118000055;48,402516232000039;1
182785;08;3;36;050;2019;10;19;7;3;6;4;1;0;1;1;0;0;0;399326,342470916920000;5274651,395491346700000;7,660269392000032;47,617441931000030;1
182787;08;3;17;065;2019;10;16;7;3;6;7;0;0;1;1;0;0;0;413894,381840168500000;5354642,427212964700000;7,838055651000047;48,339092804000074;1
182788;08;3;16;011;2019;10;09;7;2;0;1;0;1;0;0;0;0;0;412667,328910704700000;5331290,285304643200000;7,826315260000058;48,128873685000030;1
182789;08;3;11;000;2019;10;19;7;2;5;2;2;1;1;0;0;0;0;416306,576813180000000;5315482,270760513800000;7,878307477000021;47,987163844000065;1
182791;08;3;11;000;2019;10;21;7;3;8;1;2;1;0;0;0;0;0;415953,623851575890000;5315360,978389708300000;7,873601749000045;47,986026477000053;1
182792;08;2;12;000;2019;10;10;7;3;6;4;0;1;1;1;0;0;0;455498,479510392990000;5428468,613728322100000;8,391484977000062;49,007506468000031;1
182794;08;3;35;043;2019;10;08;3;2;5;3;0;1;0;0;0;0;0;512871,853390396570000;5279218,190735144500000;9,171452393000038;47,666228157000035;0
182797;08;2;22;000;2019;10;19;7;3;0;4;1;0;1;1;0;0;0;461306,735602802600000;5481929,739200444900000;8,465739628000051;49,488772243000028;0
182798;08;2;15;106;2019;10;22;7;3;1;5;2;1;1;0;0;0;0;465151,559840706180000;5453080,963536897700000;8,521350307000034;49,229518051000070;0
182799;08;2;15;108;2019;10;09;7;3;0;1;0;1;0;0;0;0;0;449826,508506781420000;5425086,399658061600000;8,314349410000034;48,976648435000072;1
182800;08;1;19;093;2019;10;17;7;3;6;7;0;0;1;1;0;0;0;524969,221916598270000;5403892,772192010700000;9,339934326000048;48,787531022000053;0
182801;08;3;25;053;2019;10;12;3;3;6;7;0;0;1;1;0;0;0;454297,404000126760000;5341554,669059192800000;8,384639136000033;48,225567724000030;0
182802;08;1;11;000;2019;10;18;7;3;1;7;1;1;1;0;0;0;0;511595,739795654080000;5408813,103188052800000;9,158006106000073;48,832186890000060;0
182803;08;4;36;064;2019;10;13;6;3;2;6;0;1;1;0;0;0;0;545916,306451559070000;5291973,844191761700000;9,612930907000077;47,779490294000027;1
182806;08;4;16;041;2019;10;16;6;2;0;1;0;1;0;0;0;0;0;504278,303991529160000;5372716,246248574900000;9,057923815000038;48,507548422000070;0
182810;08;3;35;043;2019;10;12;6;3;6;4;0;0;1;1;0;0;0;512886,916089708920000;5278645,200045459000000;9,171636125000021;47,661072272000069;1
182812;08;3;17;096;2019;10;11;6;3;5;3;0;1;1;0;0;0;0;421615,963999999690000;5369689,233000000900000;7,939423633000047;48,475444192000054;1
182813;08;3;17;096;2019;10;19;6;3;1;5;2;1;1;0;0;0;0;422270,733921521340000;5371694,936676383000000;7,947908336000069;48,493566599000076;1
182815;08;3;15;015;2019;10;12;6;3;3;1;0;1;1;0;0;0;0;394903,393805435860000;5320927,179854009300000;7,590199788000064;48,032979003000037;0
182816;08;3;15;059;2019;10;09;6;3;0;5;0;1;1;0;0;0;0;399035,884431372400000;5322199,072199851300000;7,645318051000061;48,045085966000045;1
182820;08;2;22;000;2019;10;20;6;3;6;7;2;0;0;1;0;0;1;461354,835250899200000;5481807,836449969600000;8,466415654000059;49,487678859000027;1
182821;08;2;21;000;2019;10;08;6;3;3;6;0;1;1;0;0;0;0;477866,422091144140000;5472950,913338109900000;8,694885777000025;49,408839636000039;0
182824;08;3;27;050;2019;10;15;3;1;6;4;0;0;0;1;0;1;0;485850,237720085310000;5314404,756517855500000;8,810376494000025;47,982789581000077;0
182825;08;1;21;000;2019;10;17;6;3;8;3;1;1;0;0;0;0;0;513949,542000000370000;5443162,412000000500000;9,191258275000052;49,141130689000079;1
182826;08;1;19;008;2019;10;20;6;2;2;3;2;1;1;0;1;0;0;531261,221940302290000;5421231,994616223500000;9,426916953000045;48,943222904000038;1
182828;08;1;18;048;2019;10;12;6;3;6;7;0;0;1;1;0;0;0;515367,788058404810000;5415148,028716689000000;9,209642417000055;48,889092553000069;0
182829;08;1;17;012;2019;10;12;6;3;0;1;0;1;0;0;0;0;0;543963,057843901220000;5387564,112656720000000;9,596767649000071;48,639592670000070;1
182830;08;1;15;015;2019;10;16;6;2;0;1;0;1;0;0;0;0;0;492944,374656743370000;5387425,966363528700000;8,904224552000073;48,639856015000078;1
182831;08;1;11;000;2019;10;15;6;3;1;7;0;1;1;0;0;0;0;515868,265773300080000;5405713,923607423900000;9,216104233000067;48,804212684000049;0
182834;08;4;25;072;2019;10;07;5;3;6;7;0;0;1;1;0;0;0;583036,262606461530000;5372478,877454940200000;10,124065598000072;48,499938984000039;0
182835;08;4;15;061;2019;10;15;5;3;0;7;0;1;0;0;0;0;0;516031,628254082050000;5373350,359279004900000;9,217075293000050;48,513063052000064;0
182836;08;3;36;050;2019;10;17;5;3;5;6;0;1;0;0;0;0;0;398576,337000001220000;5272524,526999997000000;7,650783613000044;47,598193117000051;0
182839;08;3;26;074;2019;10;16;5;3;6;6;0;1;0;1;0;0;0;464978,994638232510000;5322259,024465745300000;8,530042288000061;48,052651075000028;0
182840;08;3;17;040;2019;10;19;5;2;9;1;2;1;0;0;0;0;0;432880,111437183800000;5347667,150450613300000;8,095328681000069;48,278648719000046;0
182841;08;3;17;047;2019;10;14;5;3;7;7;0;1;0;0;0;0;0;420713,610999999570000;5365757,157999999800000;7,927961566000022;48,439962469000079;0
182843;08;3;17;065;2019;10;13;5;2;5;3;0;1;1;0;0;0;0;417559,678999999540000;5355221,691000003400000;7,887393357000065;48,344792197000061;0
182844;08;3;16;009;2019;10;19;5;3;9;1;2;1;0;0;0;0;0;417020,092708802780000;5324790,251060338700000;7,886065336000058;48,070986213000026;0
182845;08;3;15;006;2019;10;16;5;3;0;6;0;1;0;0;0;0;0;402545,512306131420000;5307420,647126663500000;7,695748388000027;47,912701326000047;0
182847;08;3;16;011;2019;10;19;3;3;6;4;2;0;0;1;0;0;1;414616,115551413040000;5330132,789419455500000;7,852731874000028;48,118726243000026;0
182853;08;4;35;034;2019;10;07;4;3;0;6;1;1;1;0;0;0;0;529694,041546470490000;5284438,619589811200000;9,395874366000044;47,712645159000033;0
182854;08;3;11;000;2019;10;08;3;3;5;3;0;1;1;0;0;0;0;412706,616344828160000;5316571,496890507600000;7,829848065000022;47,996480556000051;0
182856;08;4;17;079;2019;10;17;4;3;4;2;0;1;1;0;0;0;0;501220,068413560280000;5344193,256080314500000;9,016435658000034;48,250952149000057;1
182862;08;3;27;048;2019;10;20;4;2;6;7;2;1;0;1;0;0;0;474998,643155157570000;5317856,789326863400000;8,664753194000070;48,013515531000053;0
182864;08;3;16;045;2019;10;10;4;2;5;3;0;1;0;0;0;0;1;414416,939997123550000;5324356,629909975500000;7,851214216000074;48,066741622000052;1
182865;08;3;16;011;2019;10;11;4;3;2;6;0;1;0;0;1;0;0;414628,268957180900000;5330081,120105700600000;7,852905488000033;48,118263097000067;0
182866;08;3;11;000;2019;10;16;4;3;0;7;0;1;0;0;0;0;0;414610,342000001110000;5318522,906000001400000;7,854973335000068;48,014291316000026;1
182867;08;3;36;050;2019;10;17;4;3;6;4;0;0;1;1;0;0;0;401165,872927160000000;5273264,580591103100000;7,685055322000039;47,605250184000056;0
182868;08;3;36;069;2019;10;14;4;2;6;2;0;0;1;1;0;0;0;408976,343193273990000;5268035,660678340100000;7,790029774000061;47,559355687000050;0
182872;08;2;12;000;2019;10;07;4;3;6;4;1;0;0;1;0;0;1;460141,219262192960000;5427820,747524505500000;8,455030343000033;49,001996111000039;1
182873;08;2;12;000;2019;10;12;4;3;5;3;0;1;1;0;0;0;0;461576,485883655960000;5427346,773253781700000;8,474698002000025;48,997823614000026;1
182874;08;2;12;000;2019;10;15;4;3;6;4;0;1;0;1;0;0;0;453252,178366984240000;5429322,237289823600000;8,360672635000071;49,015018775000044;0