OBJECTID;ULAND;UREGBEZ;UKREIS;UGEMEINDE;UJAHR;UMONAT;USTUNDE;UWOCHENTAG;UKATEGORIE;UART;UTYP1;ULICHTVERH;IstRad;IstPKW;IstFuss;IstKrad;IstGkfz;IstSonstige;LINREFX;LINREFY;XGCSWGS84;YGCSWGS84;STRZUSTAND
183489;08;3;36;069;2019;10;09;5;3;5;3;0;1;1;0;0;0;0;408406,600894372910000;5268326,830572281000000;7,782397295000067;47,561894868000081;0
183490;08;2;26;041;2019;10;10;1;3;5;3;0;1;1;0;0;0;0;476074,138000001200000;5463689,506000001000000;8,670736111000053;49,325466438000035;0
183493;08;2;12;000;2019;10;17;1;3;0;7;1;1;0;0;0;0;0;461646,904209611010000;5427525,472073987100000;8,475643802000036;48,999435432000041;0
183495;08;1;19;067;2019;10;11;7;2;6;7;0;0;0;1;0;0;1;537624,297000000250000;5408724,984000001100000;9,512659167000038;48,830362595000054;0
183499;08;1;16;056;2019;10;17;7;3;0;7;0;1;0;0;0;0;0;530554,371999999510000;5396028,237999998000000;9,415385793000041;48,716534167000077;0
183501;08;1;15;024;2019;10;11;7;3;8;1;0;1;0;0;0;0;0;501057,064506852070000;5387523,280455760700000;9,014349210000034;48,640770395000061;0
183504;08;1;11;000;2019;10;18;7;3;1;5;1;1;1;0;0;0;0;512611,786563690750000;5401244,985618840900000;9,171618514000045;48,764085111000043;0
183505;08;4;36;082;2019;10;07;6;3;5;3;1;1;1;0;0;0;0;547737,677801134060000;5296532,144502326800000;9,637744359000067;47,820368669000061;0
183506;08;4;36;064;2019;10;16;6;2;0;1;0;1;0;0;0;0;0;545539,321890529250000;5292066,594256239000000;9,607908611000028;47,780351530000075;0
183507;08;4;36;055;2019;10;10;6;3;5;3;0;1;0;0;0;1;0;575366,124295203020000;5297192,467999666900000;10,006909219000022;47,823665427000037;0
183508;08;4;21;000;2019;10;15;6;3;3;2;0;1;1;0;0;0;0;570637,184658223760000;5361120,041604347500000;9,954328546000056;48,399280278000049;0
183512;08;3;35;043;2019;10;12;6;3;5;3;0;1;1;0;0;0;0;513458,525845548140000;5279847,903008189100000;9,179286202000071;47,671882153000070;0
183513;08;3;26;074;2019;10;07;6;3;5;3;0;1;1;0;0;0;0;459636,758639709090000;5323348,748272122800000;8,458253427000045;48,062139408000064;0
183514;08;3;26;003;2019;10;18;6;3;0;1;1;0;1;1;0;0;0;472534,918606166730000;5316224,999291621100000;8,631821930000058;47,998733173000062;0
183516;08;3;26;003;2019;10;12;6;2;6;4;0;0;1;1;0;0;0;465264,931107372980000;5318342,907856272500000;8,534196894000047;48,017434053000045;0
183517;08;3;16;009;2019;10;14;6;3;6;4;0;0;1;1;0;0;0;416983,728037559430000;5324411,289233492700000;7,885650870000063;48,067572576000032;0
183518;08;3;16;054;2019;10;16;6;3;5;3;0;1;1;0;0;0;0;417641,683000001130000;5337214,623999999800000;7,892006530000060;48,182827841000062;0
183519;08;3;16;011;2019;10;20;6;3;4;2;2;1;1;0;0;0;0;415700,411390324120000;5329124,036203157200000;7,867497580000077;48,109796761000041;0
183521;08;3;11;000;2019;10;07;6;3;5;3;2;1;1;0;0;0;0;414565,999944594690000;5318019,645778887000000;7,854479134000030;48,009758378000072;0
183522;08;3;11;000;2019;10;11;6;3;5;2;0;1;1;0;0;0;0;413148,048740076830000;5315620,958963578600000;7,835956455000030;47,987990263000029;0
183523;08;3;15;047;2019;10;20;1;3;0;1;2;1;0;0;0;0;0;415355,287999999710000;5322026,222000002900000;7,864268301000038;48,045904065000059;0
183526;08;3;15;064;2019;10;07;6;2;9;1;0;1;0;0;0;0;0;422076,724454074170000;5313536,477159922900000;7,955980494000073;47,970389104000049;0
183527;08;2;15;017;2019;10;01;6;2;5;3;2;1;1;0;0;0;0;456304,629029998560000;5420935,074314627800000;8,403316963000066;48,939798616000076;0
183528;08;2;12;000;2019;10;12;6;3;6;4;0;0;0;1;0;0;1;453566,239937664940000;5428924,985611686500000;8,365012941000032;49,011469196000064;0
183529;08;2;31;000;2019;10;16;6;3;6;4;0;0;1;1;0;0;0;475633,556871320120000;5416584,012071322600000;8,667516936000027;48,901721630000054;0
183536;08;2;26;018;2019;10;07;6;3;3;6;1;1;0;0;0;0;0;473476,066571478730000;5472060,701639523700000;8,634424803000059;49,400656828000081;0
183537;08;2;21;000;2019;10;14;6;2;2;1;0;1;1;0;0;0;0;474385,073173970920000;5475021,245349669800000;8,646762197000044;49,427325251000070;0
183539;08;2;15;017;2019;10;23;6;3;0;1;2;1;0;0;0;0;0;455167,449154756030000;5421867,353540735300000;8,387686506000023;48,948103273000072;0
183540;08;2;12;000;2019;10;13;6;3;5;2;0;1;1;0;0;0;0;455180,325023509560000;5428373,842598673000000;8,387145246000046;49,006630969000071;0
183541;08;2;16;007;2019;10;08;6;2;5;3;0;1;1;0;0;0;0;435629,288413358850000;5394244,763639297300000;8,125201449000031;48,697917465000046;0
183545;08;1;19;055;2019;10;17;6;3;5;3;1;1;1;0;0;0;0;543694,197070206520000;5404848,763576837300000;9,594949030000066;48,795096906000026;0
183546;08;1;19;020;2019;10;13;6;3;5;3;0;1;1;0;0;0;0;520104,697824520060000;5406552,290069636000000;9,273839132000035;48,811631875000046;0
183549;08;1;11;000;2019;10;18;6;2;6;4;2;0;1;1;0;0;0;516414,094801738860000;5406733,980529667800000;9,223578418000045;48,813374786000054;0
183550;08;1;15;028;2019;10;15;6;3;6;7;0;0;1;1;0;0;0;500467,535135795360000;5404159,602276295400000;9,006365448000054;48,790432505000069;0
183553;08;4;16;041;2019;10;14;5;3;5;3;0;1;0;0;0;0;0;504455,703305099160000;5374625,235048167400000;9,060346010000046;48,524721159000080;0
183555;08;3;35;043;2019;10;16;5;3;5;3;0;1;0;0;0;0;0;513032,710314852190000;5279344,978761473700000;9,173598771000059;47,667365732000064;0
183556;08;3;35;043;2019;10;08;5;3;9;1;0;1;0;0;0;0;0;512354,143766619270000;5281311,891267886400000;9,164615798000057;47,685076661000039;0
183557;08;3;17;089;2019;10;16;5;3;6;4;0;0;1;1;0;0;0;431872,820680947040000;5375226,045800844200000;8,077280476000055;48,526444183000081;0
183558;08;3;17;001;2019;10;14;5;3;0;7;0;1;0;0;0;0;0;430795,529941041950000;5387703,646935649200000;8,060613868000075;48,638563135000027;0
183559;08;3;15;043;2019;10;17;5;3;5;3;0;1;1;0;0;0;0;405226,599000001330000;5322726,467000000200000;7,728243018000057;48,050779087000080;0
183560;08;3;11;000;2019;10;15;5;2;6;1;0;1;0;1;0;0;0;412662,416769335980000;5317460,826233316200000;7,829074666000054;48,004474308000056;0
183561;08;3;11;000;2019;10;11;5;3;5;3;0;1;1;0;0;0;0;415206,051389107480000;5319482,893159436100000;7,862769903000071;48,023006103000057;0
183562;08;3;15;089;2019;10;16;5;3;6;7;0;0;1;1;0;0;0;406799,886133919470000;5309947,775273213200000;7,752124472000048;47,936065756000062;0
183563;08;2;12;000;2019;10;07;5;3;6;4;0;0;1;1;0;0;0;460734,234875126740000;5427641,478713490100000;8,463155313000073;49,000421558000028;0
183566;08;2;26;096;2019;10;07;5;3;3;1;0;1;1;0;0;0;0;475080,956967430190000;5488386,509041357800000;8,655515987000058;49,547570585000074;0
183567;08;2;26;105;2019;10;14;5;3;5;3;0;1;1;0;0;0;0;471451,037228386850000;5477469,878164593100000;8,606125533000068;49,449219345000074;0
183572;08;2;11;000;2019;10;16;5;3;6;4;0;0;1;1;0;0;0;444262,129572663460000;5401238,935096787300000;8,241564642000071;48,761662830000034;0
183573;08;1;28;131;2019;10;08;5;3;6;7;0;0;1;1;0;0;0;535496,680489514950000;5511283,373714724600000;9,492780473000039;49,752983455000049;0
183574;08;1;21;000;2019;10;18;5;3;6;4;1;0;1;1;0;0;0;514110,282133902420000;5440641,586213970600000;9,193373917000031;49,118451278000066;0
183576;08;1;21;000;2019;10;07;5;3;1;5;1;1;1;0;0;0;0;515193,230409626850000;5441791,378789153000000;9,208258355000055;49,128768268000044;1
183578;08;1;18;048;2019;10;06;5;3;7;7;2;1;0;0;0;0;0;514639,096627118070000;5415615,803193414600000;9,199718667000070;48,893318170000043;0
183579;08;1;18;080;2019;10;07;5;3;3;2;0;1;0;0;0;1;0;508727,107281693260000;5408197,801461264500000;9,118904492000070;48,826698665000038;0
183581;08;1;16;033;2019;10;07;5;3;5;3;2;1;1;0;0;0;0;531800,938000001940000;5388733,428999999500000;9,431771018000063;48,650848771000028;0
183583;08;1;16;047;2019;10;07;2;3;6;2;0;0;0;1;0;0;1;520045,779918591490000;5392731,910876225700000;9,272363875000053;48,687306927000066;0
183585;08;1;15;003;2019;10;18;5;3;4;2;2;1;1;0;0;0;0;501863,243083917540000;5391455,535744860800000;9,025310451000053;48,676143675000048;1
183586;08;4;36;064;2019;10;11;4;3;5;3;0;1;1;0;0;0;0;545782,397000000810000;5293219,315999999600000;9,611274839000032;47,790705352000032;0
183587;08;4;26;120;2019;10;17;4;3;6;4;0;0;1;1;0;0;0;561580,747968614100000;5324199,006097180800000;9,826620344000048;48,068092987000057;0
183588;08;4;21;000;2019;10;18;4;3;3;3;1;1;1;0;0;0;0;571737,564000000250000;5361303,358000000900000;9,969224117000067;48,400805001000037;0
183589;08;4;21;000;2019;10;07;4;2;5;2;1;1;1;0;0;0;0;570456,858346225690000;5356633,028213538200000;9,951140380000027;48,358938207000051;0
183592;08;3;36;105;2019;10;07;4;3;1;5;1;1;1;0;0;0;0;401900,583322072400000;5266337,276811929400000;7,696375445000058;47,543047083000033;0
183593;08;3;35;075;2019;10;07;4;3;6;4;2;0;1;1;0;0;0;488347,821773011240000;5290774,942886441900000;8,844484428000044;47,770234292000055;0
183596;08;3;17;153;2019;10;17;4;3;8;1;0;1;0;0;0;0;0;422026,255254677500000;5391709,940454393600000;7,940844478000031;48,673565988000064;0
183598;08;2;12;000;2019;10;17;4;3;2;7;0;1;1;0;0;0;0;456770,480923617260000;5428205,924812849600000;8,408905345000051;49,005233962000034;0
183599;08;2;12;000;2019;10;14;4;3;0;2;0;1;1;0;0;0;0;459459,343173525300000;5427209,737756591300000;8,445768823000037;48,996455549000075;0
183602;08;2;26;082;2019;10;15;4;3;5;3;0;1;1;0;0;0;0;475749,197505740450000;5479778,547191198900000;8,665282342000069;49,470171972000060;0
183603;08;2;22;000;2019;10;08;4;3;1;5;0;1;1;0;0;0;0;463045,075333490040000;5480351,155284039700000;8,489888388000054;49,474682019000056;0
183604;08;2;21;000;2019;10;12;4;3;0;7;0;1;0;0;0;0;0;478255,312436084260000;5473009,769825976300000;8,700243379000028;49,409383063000064;0
183605;08;2;26;095;2019;10;11;4;3;3;6;0;0;1;1;0;0;0;474013,059541773980000;5461210,150996858300000;8,642533859000025;49,303080482000041;0
183609;08;2;15;009;2019;10;20;4;3;0;7;2;1;0;0;0;0;0;468018,265502328050000;5442241,592869482900000;8,561585879000063;49,132173599000055;0
183611;08;2;12;000;2019;10;09;4;3;0;1;0;1;0;0;0;0;0;456120,369578209710000;5428530,082460599000000;8,399981583000056;49,008103918000074;0
183612;08;1;35;019;2019;10;06;4;3;5;2;2;1;1;0;0;0;0;583830,277529447340000;5392628,447540376300000;10,138878081000030;48,681068555000081;0
183614;08;1;19;090;2019;10;14;4;3;6;4;0;0;0;1;1;0;0;532677,547418620440000;5406273,907502669800000;9,445063041000026;48,808593647000066;0
183616;08;1;17;024;2019;10;01;4;3;0;7;2;1;1;0;0;0;0;561993,708012455140000;5385669,999054780200000;9,841214267000055;48,621026665000045;0
183617;08;1;16;019;2019;10;08;4;3;6;4;1;0;1;1;0;0;0;523733,939373747450000;5397905,990585861700000;9,322772048000047;48,733723210000051;0
183618;08;1;15;028;2019;10;13;4;3;5;3;0;1;0;0;0;0;0;501600,513722780160000;5403431,276269881100000;9,021788010000023;48,783878637000043;0
183619;08;1;11;000;2019;10;17;4;3;1;5;0;1;1;0;0;0;0;509341,562432017180000;5402819,285854363800000;9,127153888000066;48,778305116000070;0
183621;08;1;11;000;2019;10;08;4;3;6;2;0;0;1;1;0;0;0;512721,358369263820000;5408545,983097381900000;9,173335673000054;48,829761879000046;0
183624;08;4;25;135;2019;10;10;3;3;0;1;0;1;0;0;0;0;0;570041,004852555690000;5374876,105447985200000;9,948578078000026;48,523085763000040;0
183625;08;1;11;000;2019;10;08;3;3;6;4;0;0;1;1;0;0;0;509064,497999998740000;5396938,377000002200000;9,123253130000023;48,725404648000051;0
183628;08;4;15;050;2019;10;07;3;3;5;3;0;1;1;0;0;0;0;521052,283468437380000;5377514,074302511300000;9,285266732000025;48,550372567000068;0
183629;08;4;15;061;2019;10;19;3;3;3;2;1;1;1;0;0;0;0;515894,291944384570000;5370550,270646376500000;9,215109102000042;48,487876003000054;0
183630;08;4;15;019;2019;10;08;3;3;6;4;0;0;1;1;0;0;0;519041,248405524530000;5370831,049951477000000;9,257711558000040;48,490314515000080;0
183631;08;3;37;126;2019;10;17;3;2;5;3;0;1;1;0;0;0;0;442315,713002733890000;5274009,258797187400000;8,232369111000025;47,616919283000072;0
183633;08;3;36;050;2019;10;15;3;3;5;3;0;1;1;0;0;0;0;399329,952000000510000;5275857,161000002200000;7,660040225000046;47,628288736000059;0
183634;08;3;35;043;2019;10;14;3;3;6;7;0;0;1;1;0;0;0;514065,805914439260000;5280465,178251877400000;9,187395854000044;47,677423255000065;0
183635;08;3;35;043;2019;10;11;3;3;6;4;0;0;1;1;0;0;0;513637,305536766540000;5279956,459818318500000;9,181671173000041;47,672855164000055;0
183636;08;3;35;098;2019;10;17;3;2;6;7;0;0;1;1;0;0;0;504106,116461138240000;5295722,907870385800000;9,054849122000064;47,814845926000032;0
183637;08;3;17;096;2019;10;15;3;3;2;6;0;1;0;0;0;0;1;420893,025865938510000;5368055,680273776900000;7,929952664000041;48,460660038000071;0
183638;08;3;17;001;2019;10;08;3;3;6;6;0;1;0;1;0;0;0;432366,039467907510000;5387386,486110467500000;8,081980952000038;48,635882146000029;0
183640;08;3;11;000;2019;10;13;3;3;5;3;0;1;0;0;0;0;1;414494,227753476240000;5315363,020439565200000;7,854046381000046;47,985851403000026;0
183641;08;3;17;089;2019;10;11;1;3;2;6;0;1;0;0;0;0;0;428500,747347462920000;5377068,797174850500000;8,031299316000059;48,542644749000033;0
183642;08;3;11;000;2019;10;18;3;3;6;4;1;0;1;1;0;0;0;413230,713842879050000;5318194,173009185100000;7,836543755000037;48,011148397000056;1
183645;08;2;12;000;2019;10;13;3;3;5;3;0;1;1;0;0;0;0;451993,298169141640000;5431199,679377552100000;8,343235049000043;49,031809675000034;0
183646;08;2;15;009;2019;10;06;3;3;8;1;1;1;0;0;0;0;0;470488,337603142490000;5440718,262748347600000;8,595556820000070;49,118594551000058;0
183648;08;2;37;040;2019;10;14;3;3;5;3;0;0;1;1;0;0;0;478220,100752213040000;5365020,371725641200000;8,705525524000052;48,437950733000037;0
183651;08;2;22;000;2019;10;10;3;3;1;5;0;1;1;0;0;0;0;462736,925047736610000;5485870,692253846700000;8,485114361000058;49,524308501000064;0
183652;08;2;22;000;2019;10;08;3;3;3;2;0;1;0;0;0;0;1;461712,950129698960000;5483193,539271559600000;8,471225768000068;49,500165208000055;0
183653;08;2;22;000;2019;10;10;3;2;5;2;0;1;1;0;0;0;0;465517,266730230300000;5476498,306450137900000;8,524347798000065;49,440172677000078;0
183655;08;2;26;018;2019;10;18;3;3;5;3;1;1;1;0;0;0;0;472972,700686298310000;5471295,106846796300000;8,627539223000042;49,393748309000046;0
183656;08;2;21;000;2019;10;15;3;3;3;2;0;1;1;0;0;0;0;476521,918619277890000;5473378,087821260100000;8,676326664000044;49,412631608000027;0
183657;08;2;21;000;2019;10;18;3;3;1;5;2;1;1;0;0;0;0;475927,602401378560000;5472980,331586977500000;8,668157567000037;49,409030637000058;0
183658;08;2;21;000;2019;10;15;3;3;3;2;0;1;1;0;0;0;0;476298,540715165440000;5471790,553752359000000;8,673341933000074;49,398343339000064;0
183659;08;2;16;009;2019;10;07;3;3;5;3;2;1;1;0;0;0;0;446426,222045311700000;5420908,980092676400000;8,268436051000037;48,938787257000058;1
183660;08;2;15;009;2019;10;08;3;3;5;3;0;1;1;0;0;0;0;467874,698660820720000;5443068,119690379100000;8,559552018000034;49,139600832000042;0
183662;08;2;15;096;2019;10;07;3;3;4;2;1;1;1;0;0;0;0;463934,571000002320000;5418605,616999998700000;8,507709390000059;48,919336135000037;1
183663;08;3;15;095;2019;10;13;1;2;4;6;0;1;1;0;0;0;0;427461,357766006140000;5317837,781648352700000;8,027386047000050;48,009716276000063;0
183665;08;2;12;000;2019;10;19;3;3;0;7;2;1;0;0;0;0;0;454299,907395700920000;5429312,661804912600000;8,375001646000044;49,015011140000070;1
183667;08;1;18;073;2019;10;19;3;2;8;1;2;1;0;0;0;0;0;498996,617418067530000;5425316,053085729500000;8,986287100000027;48,980750979000049;1
183668;08;1;36;010;2019;10;18;3;3;5;3;1;1;1;0;0;0;0;600674,805056670680000;5411663,533716073300000;10,372314534000054;48,849769721000030;0
183670;08;1;25;046;2019;10;17;3;1;4;1;0;1;0;0;0;0;1;523140,688835677690000;5434370,832399912200000;9,316770178000070;49,061770119000073;0
183671;08;2;12;000;2019;10;03;1;3;5;2;2;1;1;0;0;0;0;457406,434601604010000;5428642,043787118000000;8,417554768000059;49,009201131000054;1
183674;08;1;19;079;2019;10;15;3;3;6;4;0;0;0;1;0;0;1;522651,891185901130000;5408113,747725697200000;9,308619295000028;48,825590753000029;0
183676;08;1;19;020;2019;10;17;3;3;5;3;0;1;1;0;0;0;0;519551,961080494340000;5408391,669679068000000;9,266398256000059;48,828196207000076;0
183678;08;1;18;067;2019;10;13;3;3;5;3;0;1;1;0;0;0;0;505581,899859870780000;5414928,928743319600000;9,076143719000072;48,887286994000078;0
183679;08;2;12;000;2019;10;15;1;3;0;1;0;1;0;0;0;0;0;459844,771007532250000;5425091,399128327100000;8,451247035000051;48,977425809000067;0
183684;08;1;16;019;2019;10;07;3;3;8;1;0;1;0;0;0;0;0;521955,543277624990000;5397886,461071031200000;9,298585891000073;48,733612730000061;0
183686;08;1;15;003;2019;10;17;3;3;5;3;0;1;1;0;0;0;0;500709,605973254890000;5393392,799216844100000;9,009642674000077;48,693573889000049;0
183689;08;1;11;000;2019;10;13;3;2;6;4;0;0;0;1;0;0;1;516166,472514431920000;5405413,673000691500000;9,220153551000067;48,801503987000046;0
183690;08;4;25;019;2019;10;16;1;3;0;3;0;1;1;0;0;0;0;575820,963388063940000;5371845,885201765200000;10,026293923000026;48,495157546000030;0
183692;08;1;11;000;2019;10;08;3;3;4;6;0;1;1;0;0;0;0;508666,207207451570000;5406922,765955196700000;9,118047808000029;48,815229454000075;0
183693;08;1;11;000;2019;10;12;3;3;6;6;0;1;0;1;0;0;0;507428,856436640020000;5398594,777607673800000;9,101042638000024;48,740327306000040;0
183694;08;1;11;000;2019;10;18;3;3;5;2;2;1;1;0;0;0;0;512873,758966780270000;5401680,506721340100000;9,175196989000028;48,767997670000057;0
183701;08;1;16;070;2019;10;14;1;3;8;7;0;1;0;0;0;0;0;538142,282784840090000;5385428,377302765800000;9,517561805000071;48,620762223000042;1
183702;08;1;21;000;2019;10;02;1;3;6;2;2;0;0;1;0;0;1;515971,107950235720000;5443400,130904592600000;9,218984624000029;49,143219812000041;1
183703;08;4;21;000;2019;10;08;2;3;5;3;0;1;1;0;0;0;0;570478,298376781870000;5357186,138871239500000;9,951522439000030;48,363911252000037;0
183704;08;4;16;041;2019;10;08;2;3;0;6;0;1;0;0;0;0;0;504283,188443227670000;5373914,361409161200000;9,058002247000047;48,518327083000031;0
183705;08;3;35;043;2019;10;11;2;3;5;3;0;1;1;0;0;0;0;513327,901396281090000;5278969,811796531100000;9,177519321000034;47,663984087000074;1
183706;08;1;16;049;2019;10;17;1;3;5;3;0;1;1;0;0;0;0;525456,478000001050000;5384667,232000000800000;9,345382431000076;48,614559822000047;0
183709;08;3;25;049;2019;10;20;2;2;5;3;2;1;1;0;0;0;0;472783,101203256290000;5334090,344815030700000;8,634010560000036;48,159476151000035;1
183713;08;3;17;153;2019;10;22;2;3;6;6;2;0;0;1;1;0;0;421970,083202018400000;5392287,982622237900000;7,939972515000022;48,678758219000031;1
183714;08;3;11;000;2019;10;16;2;3;6;3;0;0;1;1;0;0;0;410347,516339460390000;5315720,014957081500000;7,798409718000073;47,988494839000055;0
183715;08;3;36;069;2019;10;20;2;2;6;4;2;0;1;1;0;0;0;408708,731008288450000;5268485,836188221400000;7,786379710000063;47,563367822000032;1
183716;08;3;11;000;2019;10;13;2;3;0;1;0;1;0;0;0;0;0;419081,391999999990000;5314166,721000000800000;7,915737506000028;47,975686785000050;1
183717;08;3;11;000;2019;10;17;2;3;5;3;1;1;1;0;0;0;0;415011,883362034340000;5317468,576403172700000;7,860565629000064;48,004860746000077;1
183719;08;2;31;000;2019;10;18;2;3;5;3;0;1;1;0;0;0;0;477803,583771768960000;5415882,364577185400000;8,697164893000036;48,895491419000052;0
183721;08;2;26;085;2019;10;17;2;3;4;7;0;1;1;0;0;0;0;493246,078081353570000;5453188,435314470900000;8,907230203000040;49,231439174000059;0
183723;08;2;22;000;2019;10;11;2;3;5;3;0;1;1;0;0;0;0;461687,906895536000000;5480288,250991970300000;8,471161472000063;49,474032098000066;0
183727;08;2;21;000;2019;10;17;2;3;0;7;0;0;1;1;0;0;0;478593,059189748950000;5467958,009242495500000;8,705171276000044;49,363954999000043;0
183728;08;2;21;000;2019;10;18;2;3;4;2;2;1;1;0;0;0;0;477769,989995039070000;5471707,765851371000000;8,693626047000066;49,397654188000047;1
183730;08;2;12;000;2019;10;20;2;3;0;1;2;1;0;0;0;0;0;456637,790891525340000;5428675,828990493000000;8,407040934000065;49,009451500000068;1
183731;08;2;12;000;2019;10;20;2;3;3;2;2;1;1;0;0;0;0;457422,396966068070000;5428705,468751033800000;8,417766381000035;49,009772748000046;1
183733;08;2;12;000;2019;10;17;2;3;6;7;0;0;1;1;0;0;0;461038,792348591610000;5427945,616689255500000;8,467289879000020;49,003176646000043;0
183738;08;1;27;076;2019;10;09;2;3;0;7;0;1;0;0;0;0;1;553365,984622471030000;5440219,254616050000000;9,731267559000060;49,112498151000068;1
183740;08;1;17;051;2019;10;16;1;2;0;1;0;1;0;0;0;0;0;539873,391374208030000;5398946,629067475000000;9,542354626000076;48,742260593000026;0
183742;08;2;22;000;2019;11;11;7;3;6;4;0;0;1;1;0;0;0;461669,008159823720000;5483279,342519627900000;8,470610597000075;49,500934186000052;0
183743;08;2;16;009;2019;11;18;1;3;5;3;2;1;1;0;0;0;0;446200,525723483410000;5419562,263912841700000;8,265532098000051;48,926653983000051;1
183744;08;2;12;000;2019;11;00;1;3;0;1;2;1;0;0;0;0;0;456646,583948326300000;5428675,172995995700000;8,407161238000072;49,009446217000061;1
183746;08;1;15;028;2019;11;15;1;2;5;3;0;1;1;0;0;0;0;497591,766441701910000;5404151,636090396000000;8,967212170000039;48,790356354000039;1
183750;08;3;11;000;2019;11;13;7;3;5;4;0;1;0;1;0;0;0;414057,084736770950000;5315699,824952885500000;7,848121567000021;47,988822499000037;1
183753;08;4;35;016;2019;11;20;7;3;0;1;2;1;0;0;0;0;0;533589,839173553510000;5279509,601051461000000;9,447431248000044;47,668105887000081;0
183756;08;4;26;073;2019;11;13;7;2;0;1;0;1;0;0;0;0;0;568420,388914293610000;5337396,008004771500000;9,920538842000042;48,186113825000064;0
183759;08;2;12;000;2019;11;16;7;3;5;3;0;1;0;0;0;0;1;455258,289602101780000;5431538,650140939300000;8,387862217000077;49,035104292000028;0
183760;08;2;12;000;2019;11;11;7;2;5;3;0;1;1;0;0;0;0;453353,156758948230000;5426061,421790322300000;8,362428048000027;48,985695193000026;0
183761;08;2;31;000;2019;11;10;7;3;6;4;0;0;1;1;0;0;0;478843,014511790130000;5415186,161839420000000;8,711382146000062;48,889264976000050;1
183763;08;2;26;060;2019;11;11;7;3;5;3;0;1;1;0;0;0;0;477924,324847028590000;5463147,848559146700000;8,696227668000063;49,320663970000055;1
183764;08;2;22;000;2019;11;15;7;2;6;4;0;0;0;1;0;0;1;460992,519000002180000;5481261,232999999100000;8,461467214000038;49,482739274000039;0
183766;08;2;12;000;2019;11;12;7;3;0;5;0;1;0;0;0;0;1;455394,063000001010000;5428772,309000002200000;8,390023897000049;49,010230697000054;1
183769;08;1;19;079;2019;11;14;7;2;5;3;0;1;1;0;0;0;0;522521,266608358360000;5409066,243857344600000;9,306891959000041;48,834163924000052;0
183770;08;1;16;049;2019;11;16;7;3;0;1;0;1;0;0;0;0;0;525761,951317639090000;5384182,756242796800000;9,349496799000065;48,610188947000040;0
183772;08;1;15;048;2019;11;15;7;3;5;3;0;0;1;1;0;0;0;509771,232230342920000;5386982,813133098200000;9,132627476000039;48,635832787000027;0
183774;08;1;11;000;2019;11;08;7;3;5;3;0;1;1;0;0;0;0;516557,018000000160000;5398371,178000003100000;9,225188446000061;48,738140071000032;1
183775;08;1;11;000;2019;11;13;7;2;0;1;0;1;0;0;0;0;0;509191,332677261900000;5399090,056499887300000;9,125025729000072;48,744759322000050;1
183778;08;3;35;043;2019;11;19;6;3;4;6;2;1;0;0;0;0;0;512064,252602084540000;5280391,916108865300000;9,160727662000056;47,676804519000029;1
183779;08;3;11;000;2019;11;11;6;3;6;4;0;1;0;1;0;0;0;414743,364000000990000;5315259,360000001300000;7,857405214000039;47,984952192000037;0
183780;08;2;31;000;2019;11;16;6;3;5;3;0;1;0;0;0;0;0;480068,972750033250000;5408758,084137165900000;8,728419160000044;48,831480342000077;1
183782;08;2;26;082;2019;11;21;6;3;1;5;2;1;1;0;0;0;0;475937,724427339620000;5480539,566403934700000;8,667838121000045;49,477024630000074;1
183784;08;2;21;000;2019;11;02;6;3;1;5;2;1;1;0;0;0;0;477680,952856280840000;5472977,424055343500000;8,692327608000028;49,409071322000045;0
183786;08;4;36;010;2019;10;12;5;3;0;1;0;1;0;0;0;0;0;569718,169479303060000;5309978,871035534900000;9,933526437000069;47,939331219000053;1
183788;08;4;21;000;2019;10;17;5;2;6;2;2;0;1;1;0;0;0;575608,084361457270000;5365038,898625148500000;10,022182553000050;48,433954209000035;0
183789;08;4;26;074;2019;10;16;5;2;5;1;0;1;1;0;0;0;0;556422,883096684700000;5326601,348658738700000;9,757708348000051;48,090182323000079;0
183790;08;4;15;061;2019;10;15;5;3;6;2;0;0;1;1;0;0;0;515891,066000000570000;5371230,923000002300000;9,215091340000072;48,493999473000031;0
183792;08;3;35;075;2019;10;14;5;3;0;7;0;1;0;0;0;0;0;487932,730999999680000;5289326,252000000300000;8,838984678000031;47,757192021000037;0
183793;08;3;35;043;2019;10;21;5;3;5;3;2;1;1;0;0;0;0;512009,485418008640000;5280346,310974746900000;9,159996767000052;47,676395199000069;0
183795;08;3;17;096;2019;10;12;5;3;3;2;0;1;0;0;0;0;0;421503,570673493670000;5369669,078479990400000;7,937906950000070;48,475248882000074;0
183796;08;3;17;096;2019;10;17;5;2;0;7;1;1;0;0;0;0;0;422957,314897346310000;5373915,019189024300000;7,956790058000024;48,513620584000080;0
183798;08;2;12;000;2019;10;19;5;3;5;2;2;1;1;0;0;0;0;458554,826893644410000;5428259,759153310200000;8,433296656000039;49,005840615000068;0
183802;08;2;26;037;2019;10;17;5;3;5;3;1;1;0;0;0;0;0;465388,309466759670000;5468465,783177927100000;8,523269052000046;49,367915437000079;0