OBJECTID;ULAND;UREGBEZ;UKREIS;UGEMEINDE;UJAHR;UMONAT;USTUNDE;UWOCHENTAG;UKATEGORIE;UART;UTYP1;ULICHTVERH;IstRad;IstPKW;IstFuss;IstKrad;IstGkfz;IstSonstige;LINREFX;LINREFY;XGCSWGS84;YGCSWGS84;STRZUSTAND
183804;08;2;22;000;2019;10;11;5;2;0;1;0;1;0;0;0;0;0;461570,577726321290000;5481770,704140959300000;8,469397944000036;49,487358574000041;0
183805;08;2;21;000;2019;10;08;5;3;3;2;0;1;0;0;0;0;0;476402,882446710950000;5474157,782994149300000;8,674639279000076;49,419640220000076;0
183807;08;2;15;110;2019;10;14;5;3;5;3;0;1;1;0;0;0;0;461575,010986380280000;5418235,179627209900000;8,475537815000052;48,915861947000053;0
183809;08;1;28;139;2019;10;15;5;3;5;3;0;1;1;0;0;0;0;545856,292085233140000;5489016,504551863300000;9,633982128000071;49,552013364000061;0
183810;08;1;28;007;2019;10;10;5;3;6;7;0;0;1;1;0;0;0;560413,087000001220000;5480417,377999998600000;9,833900112000038;49,473396559000037;0
183811;08;1;27;103;2019;10;18;5;2;6;7;2;0;1;1;0;0;0;571826,239000000060000;5435990,724000001300000;9,983440495000025;49,072586875000070;0
183812;08;1;19;067;2019;10;17;5;3;5;3;1;1;1;0;0;0;0;538513,383000001310000;5405150,730000002300000;9,524437628000044;48,798155778000080;0
183815;08;1;16;033;2019;10;11;5;3;3;6;0;1;1;0;0;0;0;533454,519999999550000;5388485,846000002700000;9,454201483000077;48,648535202000062;0
183817;08;1;16;019;2019;10;11;5;3;6;4;0;0;1;1;0;0;0;522111,526640444060000;5398700,210361242300000;9,300750832000063;48,740927625000040;0
183819;08;1;11;000;2019;10;15;5;3;6;4;0;0;1;1;0;0;0;512067,991923823950000;5401864,573895121000000;9,164236879000043;48,769669674000056;0
183820;08;1;11;000;2019;10;14;5;3;3;6;0;1;1;0;0;0;0;515488,475027544420000;5406079,583695214200000;9,210945832000050;48,807511692000048;0
183821;08;1;11;000;2019;10;18;5;3;2;7;2;1;1;0;0;0;0;516827,879013663160000;5409923,984394632300000;9,229345499000033;48,842060400000037;0
183823;08;4;37;104;2019;10;16;4;3;2;4;1;0;1;1;0;0;0;516188,573688852600000;5326027,868540074700000;9,217385218000061;48,087315151000041;1
183824;08;4;36;064;2019;10;18;4;3;5;3;2;1;1;0;0;0;0;546572,387698303910000;5293649,341816008100000;9,621868115000041;47,794517634000044;1
183829;08;3;37;116;2019;10;17;4;2;6;4;2;0;1;1;0;0;0;417689,251911336560000;5275187,401341466200000;7,904484766000053;47,624857324000061;1
183830;08;3;36;050;2019;10;09;4;3;0;7;0;1;1;0;0;0;0;399476,704127257690000;5274277,626362409400000;7,662355556000023;47,614103100000079;1
183831;08;3;35;028;2019;10;05;4;3;5;3;2;1;1;0;0;0;0;484680,705932440240000;5287684,293001590300000;8,795650531000035;47,742349379000075;1
183832;08;4;35;016;2019;10;10;4;2;5;3;0;1;0;0;0;0;1;536516,118999999950000;5281961,800000002600000;9,486614291000024;47,690010604000065;1
183833;08;3;35;043;2019;10;22;4;2;5;2;2;1;1;0;0;0;0;512739,206000001170000;5278350,395000001400000;9,169660244000056;47,658422635000079;1
183835;08;3;25;049;2019;10;17;4;3;6;4;2;0;1;1;0;0;0;472550,752578605900000;5334097,028172753800000;8,630885771000067;48,159526289000041;1
183839;08;3;36;069;2019;10;16;4;3;6;1;0;0;0;1;0;1;0;407014,358556864780000;5274294,017846642100000;7,762629116000028;47,615376164000054;1
183845;08;2;21;000;2019;10;17;4;3;6;7;0;1;0;1;0;0;0;476144,648955069480000;5472760,509777540300000;8,671162748000029;49,407061925000050;0
183847;08;1;18;073;2019;10;05;4;2;6;2;2;0;1;1;0;0;0;496763,358486306850000;5420828,879315584900000;8,955801572000041;48,940378154000030;0
183852;08;1;21;000;2019;10;07;4;3;5;3;0;1;1;0;0;0;0;514005,182999448850000;5440573,470886690500000;9,191931233000048;49,117840958000045;0
183855;08;1;18;048;2019;10;12;4;3;5;3;0;1;1;0;0;0;0;514303,340369433160000;5415607,294102234800000;9,195137733000024;48,893249466000043;0
183856;08;1;18;011;2019;10;16;4;2;5;3;0;1;0;0;0;0;1;504488,558000000190000;5407107,458000004300000;9,061143515000026;48,816935153000031;0
183859;08;1;16;015;2019;10;07;4;2;6;4;0;0;1;1;0;0;0;523065,122547061180000;5394459,629333231600000;9,313483847000043;48,702745126000082;0
183862;08;1;11;000;2019;10;16;4;3;6;7;0;1;0;1;0;0;0;512457,198313387110000;5399480,096359061100000;9,169461510000076;48,748211352000055;0
183863;08;1;11;000;2019;10;12;4;3;0;6;0;1;0;0;0;0;1;512102,405219474810000;5401050,990621389800000;9,164681285000029;48,762350055000070;0
183864;08;1;15;041;2019;10;15;4;3;6;4;0;0;1;1;0;0;0;495172,160000000150000;5401926,212000003100000;8,934295653000049;48,770322460000045;0
183865;08;4;16;041;2019;10;19;3;3;4;2;2;1;0;0;0;0;0;505301,583347284240000;5375434,137915056200000;9,071812503000047;48,531991757000071;1
183867;08;4;15;078;2019;10;17;3;2;6;4;2;0;1;1;0;0;0;528557,592709540390000;5371546,465094732100000;9,386555788000067;48,496390118000079;1
183868;08;4;15;014;2019;10;17;3;1;6;4;2;0;1;1;0;0;0;526128,286674724890000;5375166,706376941900000;9,353900105000037;48,529064295000069;1
183870;08;3;36;069;2019;10;18;3;3;6;4;2;0;1;1;0;0;0;408182,232061672960000;5268550,353605140000000;7,779368615000067;47,563873944000079;1
183871;08;3;27;050;2019;10;06;3;3;2;1;2;1;1;0;0;0;0;486871,457748107610000;5314601,712552741200000;8,824055955000063;47,984583404000034;1
183872;08;3;16;056;2019;10;19;3;2;6;4;2;1;0;1;0;0;0;419314,245584657420000;5325860,237034210900000;7,916654544000039;48,080905633000043;1
183874;08;3;11;000;2019;10;17;3;3;0;7;2;1;0;0;0;0;0;411716,777877434160000;5314376,970615219300000;7,817033605000063;47,976604246000079;1
183875;08;3;15;073;2019;10;18;3;3;5;3;2;1;1;0;0;0;0;412533,430627482010000;5313563,132470181200000;7,828139773000032;47,969395659000043;1
183876;08;3;11;000;2019;10;09;3;3;5;3;0;1;1;0;0;0;0;414703,870162206700000;5316762,670296067400000;7,856577302000062;47,998469815000078;1
183877;08;2;12;000;2019;10;12;3;3;6;4;0;0;1;1;0;0;0;458915,798869608900000;5428625,989434368900000;8,438195119000056;49,009159055000055;0
183880;08;2;26;032;2019;10;17;3;3;1;5;2;1;1;0;0;0;0;467153,602635344490000;5462877,850529680000000;8,548043418000077;49,317750814000078;0
183884;08;2;15;017;2019;10;17;3;3;4;6;2;1;0;0;0;0;0;455149,608427077530000;5421863,967856328900000;8,387443229000041;48,948071524000056;0
183886;08;2;12;000;2019;10;10;3;3;5;3;0;1;1;0;0;0;0;455223,649000001140000;5427352,691000003400000;8,387850203000028;48,997448754000061;0
183887;08;1;36;065;2019;10;16;3;3;4;6;1;1;0;0;0;0;1;558562,153828036040000;5406625,319851435700000;9,797629626000060;48,809854493000046;0
183888;08;1;36;044;2019;10;10;3;2;0;1;0;1;0;0;0;0;0;559011,341626758690000;5408052,492173669900000;9,803952304000063;48,822649441000067;1
183895;08;4;36;081;2019;10;13;2;3;6;7;0;0;1;1;0;0;0;561593,228731784040000;5281827,645139940100000;9,820745068000065;47,686899991000075;1
183896;08;4;36;064;2019;10;08;2;3;5;3;0;1;1;0;0;0;0;545578,932300025600000;5292635,260641025400000;9,608497050000040;47,785465032000047;1
183900;08;3;35;043;2019;10;22;2;3;0;1;2;1;0;0;0;0;0;513427,291743996550000;5279874,009392229800000;9,178870926000059;47,672117699000069;1
183903;08;3;17;096;2019;10;09;2;3;0;2;0;1;0;0;0;0;1;423339,167274929580000;5369036,971312154100000;7,962855030000071;48,469789588000026;1
183905;08;3;16;043;2019;10;19;2;3;1;7;2;1;1;0;0;0;0;411881,800598541270000;5330786,790617495800000;7,815864808000072;48,124236436000047;1
183906;08;1;16;019;2019;10;14;2;3;0;7;0;1;0;0;0;0;0;521710,835918730120000;5398158,235264029400000;9,295272340000054;48,736066162000043;0
183907;08;3;11;000;2019;10;15;2;3;5;3;0;0;0;1;0;0;1;410599,271486256270000;5315031,317114153900000;7,801926556000069;47,982335079000052;1
183908;08;3;11;000;2019;10;17;2;3;3;1;2;1;0;0;0;0;0;413690,642798764630000;5316387,498877678100000;7,843072965000033;47,994959026000060;1
183909;08;3;11;000;2019;10;13;2;3;0;1;0;1;0;0;0;0;1;414541,316158957780000;5315978,335347170000000;7,854554847000031;47,991392703000031;1
183910;08;2;15;017;2019;10;06;2;3;6;4;2;0;1;1;0;0;0;454372,324285226870000;5420420,379721753300000;8,376989556000069;48,935029334000035;0
183911;08;2;12;000;2019;10;18;2;3;5;3;2;1;1;0;0;0;0;454612,451527348720000;5429315,406354909800000;8,379275455000027;49,015058899000053;0
183914;08;2;31;000;2019;10;07;2;3;6;2;0;0;1;1;0;0;0;476112,610843951810000;5416314,451385958100000;8,674069340000074;48,899315422000029;1
183918;08;2;22;000;2019;10;18;2;3;6;4;1;0;1;1;0;0;0;461161,027062409560000;5481526,577161131400000;8,463767446000077;49,485136710000063;0
183919;08;2;22;000;2019;10;15;2;3;1;5;0;1;1;0;0;0;0;461428,269086989570000;5482101,677675198800000;8,467400857000030;49,490326475000074;0
183921;08;2;26;018;2019;10;16;2;2;6;4;0;0;1;1;0;0;0;473049,976825541820000;5472330,090012343600000;8,628533927000035;49,403061205000029;0
183922;08;2;12;000;2019;10;15;2;3;5;3;0;1;1;0;0;0;0;455194,040998259560000;5430968,547820227200000;8,387046252000062;49,029971527000043;0
183926;08;1;21;000;2019;10;17;2;3;5;7;1;1;1;0;0;0;0;516672,371593941000000;5442418,754435520600000;9,228559185000052;49,134373373000074;0
183927;08;1;19;079;2019;10;08;2;3;6;7;0;0;0;1;0;0;1;523876,219000000510000;5411485,822000000600000;9,325496301000044;48,855879131000052;1
183928;08;1;19;020;2019;10;17;2;2;6;4;2;0;1;1;0;0;0;518786,822317629120000;5409879,225941393500000;9,256041427000071;48,841601563000040;0
183932;08;1;11;000;2019;10;09;2;3;6;4;0;1;0;1;0;0;0;510860,533633279610000;5400431,810622537500000;9,147766466000064;48,756802842000070;1
183933;08;4;36;064;2019;10;02;1;2;0;1;2;1;0;0;0;0;0;544753,950288660820000;5286358,953377870800000;9,596837682000057;47,729054449000046;0
183934;08;4;37;104;2019;10;12;1;3;0;7;0;0;1;1;0;0;0;517146,352545661850000;5326609,638479676100000;9,230269832000033;48,092524270000069;0
183938;08;3;36;091;2019;10;10;1;3;5;3;0;1;1;0;0;0;0;397021,145279857330000;5272503,592600572900000;7,630106211000054;47,597759638000070;0
183939;08;3;36;107;2019;10;15;1;3;5;3;0;1;1;0;0;0;0;407951,266430902290000;5286242,069071034000000;7,772575908000022;47,722990379000066;0
183940;08;4;36;003;2019;10;17;1;2;5;3;2;1;0;0;0;0;1;580567,061705822130000;5305049,807663036500000;10,077846889000057;47,893718193000041;0
183941;08;3;26;068;2019;10;17;1;2;5;3;1;1;1;0;0;0;0;448094,767178884710000;5321538,166192991700000;8,303569583000069;48,045015831000057;0
183943;08;3;17;153;2019;10;08;1;3;6;7;0;0;1;1;0;0;0;424207,610026891340000;5395507,898547060800000;7,969773069000041;48,707995871000037;0
183945;08;3;15;064;2019;10;13;1;3;5;3;0;1;1;0;0;0;0;423930,947041305710000;5313622,200905848300000;7,980804156000033;47,971383362000040;0
183947;08;2;12;000;2019;10;19;1;3;5;7;2;1;0;0;0;0;1;456363,085000000890000;5427545,860999999600000;8,403406097000072;48,999267936000081;1
183948;08;2;26;032;2019;10;10;1;3;4;6;0;1;0;0;0;0;0;466335,973030194640000;5462338,910246651600000;8,536838919000047;49,312858597000059;0
183949;08;2;22;000;2019;10;14;1;3;5;2;0;1;1;0;0;0;0;463504,779853372830000;5483079,729604009500000;8,495981825000058;49,499252006000063;0
183952;08;1;21;000;2019;10;13;1;3;6;7;0;0;1;1;0;0;0;513615,435788298030000;5443563,511249795600000;9,186691017000044;49,144746212000030;0
183955;08;1;19;090;2019;10;12;1;2;5;3;0;1;0;0;0;0;1;530919,203240221370000;5407099,124204836800000;9,421177541000077;48,816106995000041;0
183962;08;2;15;110;2019;10;10;7;3;6;7;0;0;1;1;0;0;0;460855,074918566270000;5419636,862951226500000;8,465577345000042;48,928425474000051;0
183963;08;4;25;008;2019;10;18;7;2;0;1;0;1;0;0;0;0;0;562298,509118448010000;5381509,115780837800000;9,844725355000037;48,583568154000034;1
183964;08;4;25;008;2019;10;18;7;3;0;1;0;1;0;0;0;0;0;562297,471000000830000;5381513,146999998000000;9,844711885000038;48,583604519000062;1
183967;08;4;15;050;2019;10;07;7;2;5;3;0;1;1;0;0;0;0;522013,959593971260000;5375783,230265127500000;9,298206159000074;48,534768504000056;0
183969;08;3;35;043;2019;10;17;7;3;0;1;0;1;0;0;0;0;0;512891,135421959680000;5278954,978954097300000;9,171701460000065;47,663859479000052;0
183970;08;3;27;050;2019;10;18;7;3;8;1;2;1;0;0;0;0;0;490003,942512411620000;5316827,756808511900000;8,865984411000056;48,004668135000031;1
183971;08;3;26;074;2019;10;11;7;3;6;7;0;1;0;1;0;0;0;465551,283333044500000;5323366,364841921300000;8,537632552000048;48,062644753000029;0
183972;08;3;25;053;2019;10;10;7;3;6;2;0;0;1;1;0;0;0;454365,164895976890000;5341518,187239706500000;8,385555374000035;48,225244401000054;0
183973;08;3;17;034;2019;10;13;7;2;0;1;0;1;0;0;0;0;0;429543,800095064570000;5364831,280640061900000;8,047492812000030;48,432684199000050;0
183974;08;3;17;001;2019;10;12;7;3;5;3;0;1;1;0;0;0;0;432043,466356024150000;5385717,157810282000000;8,077876792000041;48,620831505000069;0
183975;08;3;17;098;2019;10;14;7;2;0;1;0;1;0;0;0;0;0;442713,530768017280000;5370873,583078285700000;8,224690001000056;48,488374486000055;0
183976;08;3;17;057;2019;10;10;7;2;4;3;0;1;1;0;0;0;0;414018,318489959460000;5379977,008796911700000;7,834523521000051;48,566984608000041;0
183978;08;3;11;000;2019;10;02;7;2;0;1;2;1;0;0;0;0;0;413660,738000000830000;5318344,201999999600000;7,842278352000051;48,012556204000077;0
183979;08;3;15;047;2019;10;09;7;3;5;2;0;1;1;0;0;0;0;415347,625000000930000;5321042,538000002500000;7,864360028000021;48,037054465000040;0
183981;08;3;11;000;2019;10;20;7;3;9;1;2;1;0;0;0;0;0;414808,371802987530000;5315927,491915518400000;7,858143680000069;47,990970980000043;0
183983;08;2;12;000;2019;10;13;7;3;2;6;0;1;1;0;0;0;0;454813,029754249380000;5428515,573445750400000;8,382107458000064;49,007879066000044;0
183984;08;2;15;110;2019;10;16;7;3;0;3;0;1;1;0;0;0;0;460695,026969997210000;5417492,067020967600000;8,463599037000051;48,909122141000068;0
183989;08;2;16;008;2019;10;17;7;3;4;1;1;1;1;0;0;0;0;438705,832173951900000;5392998,988527339000000;8,167191825000032;48,687021393000066;1
183990;08;2;16;043;2019;10;14;7;3;6;2;0;0;1;1;0;0;0;442877,628718795250000;5412769,767283016800000;8,221122162000029;48,865258059000041;0
183991;08;2;15;099;2019;10;10;7;2;5;3;0;1;1;0;0;0;0;463039,508638408970000;5445995,100330553900000;8,492993969000054;49,165657197000030;0
183992;08;2;12;000;2019;10;13;7;3;1;5;0;1;1;0;0;0;0;453163,782049594450000;5428927,433705078400000;8,359509359000072;49,011460799000076;0
183996;08;1;25;102;2019;10;12;7;3;6;4;0;0;1;1;0;0;0;521419,356457189660000;5443665,242097254800000;9,293700379000029;49,145438722000051;0
184010;08;4;36;018;2019;11;13;6;3;5;3;0;1;1;0;0;0;0;551963,594000000510000;5284502,916999999400000;9,692757156000027;47,711815464000040;1
184011;08;4;36;064;2019;11;15;6;3;3;6;0;1;1;0;0;0;0;545442,819292632860000;5292067,038109034300000;9,606620510000028;47,780362339000078;1
184012;08;4;25;141;2019;11;17;6;2;6;7;1;0;1;1;0;0;0;568080,791300970130000;5362845,316210631300000;9,920075581000049;48,415081050000026;0
184014;08;4;15;061;2019;11;07;6;3;5;3;2;1;1;0;0;0;0;516294,658513597210000;5372305,238901950400000;9,220595999000068;48,503654043000040;1
184015;08;3;36;050;2019;11;10;6;3;6;7;0;0;1;1;0;0;0;399360,802580046470000;5274229,630749035600000;7,660824735000062;47,613653372000044;0
184016;08;3;35;043;2019;11;09;6;3;0;5;0;1;0;0;0;1;0;513139,415000000970000;5279064,664000002700000;9,175011664000067;47,664841393000074;1
184018;08;3;27;050;2019;11;09;6;3;1;1;0;1;1;0;0;0;0;486701,013370427300000;5314473,290666541100000;8,821775709000065;47,983424449000040;1
184021;08;3;17;096;2019;11;17;6;3;6;4;1;0;1;1;0;0;0;422999,336538023320000;5368991,142788788300000;7,958266685000069;48,469335843000067;1
184023;08;3;11;000;2019;11;08;6;2;5;3;0;1;0;0;0;0;1;414226,610945952120000;5316762,949025590000000;7,850180760000058;47,998408467000047;0
184024;08;3;11;000;2019;11;01;6;3;0;7;2;1;1;0;0;0;0;412851,518581829030000;5314767,304249886400000;7,832156276000035;47,980271009000035;0
184025;08;2;12;000;2019;11;14;6;3;5;3;0;1;1;0;0;0;0;456342,317915522490000;5427691,507350534200000;8,403106535000063;49,000576575000082;1
184026;08;2;12;000;2019;11;18;6;3;1;5;2;1;1;0;0;0;0;455727,722094974480000;5428364,145130867100000;8,394630855000060;49,006583251000052;1
184027;08;2;12;000;2019;11;14;6;3;5;2;0;1;1;0;0;0;0;457895,511000000870000;5428009,007999999400000;8,424307930000055;49,003540442000030;1
184028;08;2;12;000;2019;11;17;6;2;5;3;2;1;0;0;0;0;1;456084,409353750760000;5428719,000887718100000;8,399469448000048;49,009800702000064;1
184031;08;2;31;000;2019;11;18;6;3;6;2;2;0;0;1;0;0;1;476118,181181191470000;5416316,174952521900000;8,674145243000055;48,899331142000051;1
184033;08;2;26;095;2019;11;13;6;3;5;3;0;1;1;0;0;0;0;473938,920140705070000;5460579,685477091000000;8,641555180000069;49,297406304000049;1
184037;08;2;22;000;2019;11;15;6;3;3;6;0;1;0;0;0;0;0;461585,472528973590000;5480003,581469958600000;8,469775229000049;49,471465167000076;1
184038;08;2;16;022;2019;11;08;6;3;5;3;1;1;1;0;0;0;0;434736,008129276340000;5404771,329085126500000;8,111395388000062;48,792510427000082;1
184042;08;1;25;005;2019;11;15;6;3;5;3;0;1;1;0;0;0;0;515614,352797308940000;5453429,129631025700000;9,214482686000054;49,233442422000053;1
184046;08;1;18;080;2019;11;10;6;3;5;3;0;1;1;0;0;0;0;509151,576383806770000;5408536,611378828100000;9,124695318000022;48,829740443000048;1
184047;08;1;17;019;2019;11;19;6;3;6;1;2;0;1;1;0;0;0;552093,444314747120000;5394469,176811903700000;9,707993550000026;48,701082160000055;1
184048;08;1;16;078;2019;11;09;6;2;0;7;0;1;0;0;0;0;0;510552,965016757140000;5393158,339186068600000;9,143395620000035;48,691375829000037;1
184049;08;1;16;019;2019;11;07;6;3;6;2;1;0;0;1;0;0;1;523493,052390608940000;5396129,991706900300000;9,319394945000056;48,717755619000059;1
184050;08;1;16;019;2019;11;10;6;3;5;3;0;1;1;0;0;0;0;523396,140068918470000;5398383,631600551300000;9,318205304000060;48,738032793000059;1
184051;08;1;15;046;2019;11;06;6;3;5;3;2;1;1;0;0;0;0;508801,119844608010000;5389680,736870696800000;9,119517261000055;48,660118121000039;1
184052;08;1;11;000;2019;11;18;6;3;3;2;2;1;1;0;0;0;0;515302,398325604390000;5406741,069343736400000;9,208436235000022;48,813466930000061;1
184056;08;1;18;060;2019;11;07;6;3;3;6;0;1;1;0;0;0;0;523334,138599082830000;5430184,868669079600000;9,319177182000033;49,024108363000039;0
184057;08;1;19;091;2019;11;17;5;3;6;2;1;0;0;1;0;0;1;528778,856999999840000;5405970,192000001700000;9,391943586000025;48,806054291000066;0
184058;08;4;37;100;2019;11;13;5;2;0;1;0;1;0;0;0;0;0;537881,121442584320000;5318231,729559814600000;9,507980727000074;48,016255002000037;0
184059;08;4;35;016;2019;11;18;5;3;5;3;0;1;1;0;0;0;0;536602,110396357250000;5278583,826190996900000;9,487477016000071;47,659612848000052;0
184060;08;4;21;000;2019;11;17;5;3;5;3;2;1;1;0;0;0;0;572282,249798460860000;5360859,636393919600000;9,976505691000057;48,396751392000056;0
184063;08;4;15;061;2019;11;09;5;2;1;5;0;1;0;0;0;1;0;514128,282999999820000;5371172,064000001200000;9,191229589000045;48,493512068000030;0
184064;08;3;35;063;2019;11;17;5;3;5;3;2;1;1;0;0;0;0;497897,972768032920000;5287949,696014111900000;8,971958944000051;47,744915867000032;0
184067;08;3;11;000;2019;11;17;5;2;0;1;1;1;0;0;0;0;0;413517,143016722980000;5316411,219723111000000;7,840743013000065;47,995148959000062;1
184069;08;3;11;000;2019;11;08;5;2;0;7;0;1;0;0;0;0;0;419175,145000000480000;5314110,824000002800000;7,917004025000040;47,975195808000080;1
184073;08;2;12;000;2019;11;16;5;3;5;3;1;1;1;0;0;0;0;457631,258484660650000;5428561,308175480000000;8,420637381000063;49,008490379000079;1
184078;08;2;22;000;2019;11;19;5;3;0;7;2;1;0;0;0;0;0;461623,143302198500000;5482415,281309897100000;8,470061111000064;49,493159527000046;0
184080;08;2;22;000;2019;11;08;5;3;6;4;0;0;0;1;0;0;1;462710,529779870990000;5480575,729191109500000;8,485249475000046;49,476681495000037;0
184083;08;2;16;007;2019;11;10;5;3;8;1;0;1;0;0;0;0;0;436108,515945554710000;5394131,558835273600000;8,131730886000071;48,696948445000032;1
184084;08;2;15;103;2019;11;18;5;3;5;3;2;1;1;0;0;0;0;466659,342311645860000;5443562,983402602400000;8,542848704000051;49,143987421000077;0
184090;08;1;19;055;2019;11;07;5;3;6;7;0;0;1;1;0;0;0;543996,699435436170000;5404084,628351442500000;9,598985899000070;48,788201833000073;0
184094;08;1;17;012;2019;11;15;5;3;6;4;0;0;1;1;0;0;0;543677,885000000710000;5386929,951999999600000;9,592829997000024;48,633907939000039;0
184096;08;1;11;000;2019;11;18;5;3;3;2;2;1;1;0;0;0;0;512588,279610471800000;5402104,717213865400000;9,171324946000027;48,771819681000068;0
184097;08;1;11;000;2019;11;07;5;2;4;6;0;1;1;0;0;0;0;515865,607023559510000;5406010,161444660300000;9,216079474000026;48,806877666000048;0
184098;08;1;11;000;2019;11;07;5;3;1;7;1;1;1;0;0;0;0;508000,513652714900000;5397856,489132748900000;9,108803612000031;48,733678574000066;0
184099;08;1;18;080;2019;11;08;5;3;0;7;0;1;0;0;0;0;0;507106,893921272830000;5411355,440325433400000;9,096884328000044;48,855124975000081;0
184100;08;1;19;079;2019;11;17;4;3;6;4;2;0;1;1;0;0;0;523012,950634469280000;5409055,495281510100000;9,313591314000064;48,834049203000063;1
184102;08;4;36;082;2019;11;06;4;3;2;7;2;1;1;0;0;0;0;547742,894578358160000;5295411,163347441700000;9,637690547000034;47,810282904000076;1
184103;08;4;36;078;2019;11;19;4;3;5;2;2;1;1;0;0;0;0;557559,597905360160000;5291714,879715224700000;9,768308412000067;47,776225323000062;0
184105;08;4;21;000;2019;11;07;4;2;6;4;0;0;0;1;0;0;1;572418,005352512000000;5360339,835464760700000;9,978249773000073;48,392060072000049;1
184106;08;4;17;002;2019;11;12;4;3;6;4;0;0;1;1;0;0;0;488015,788417118600000;5344834,277021126800000;8,838541712000051;48,256607103000078;1
184108;08;3;37;060;2019;11;09;4;3;5;3;0;1;1;0;0;0;0;467260,097119629380000;5277405,398677891100000;8,564047563000031;47,649216992000049;1
184112;08;2;15;017;2019;11;10;4;2;5;3;0;1;1;0;0;0;0;456201,634000000540000;5421580,068000000000000;8,401841258000047;48,945593189000078;0
184113;08;2;12;000;2019;11;18;4;3;5;3;2;1;1;0;0;0;0;458848,059978804550000;5429142,887185314700000;8,437216466000052;49,013804121000078;1
184114;08;2;12;000;2019;11;18;4;3;6;2;2;0;1;1;0;0;0;453163,119743730870000;5427934,211916483900000;8,359614883000063;49,002526676000059;1
184116;08;2;22;000;2019;11;11;4;3;0;7;0;1;0;0;0;0;0;460908,777120204640000;5485247,026706375200000;8,459916717000056;49,518583841000066;0
184118;08;2;22;000;2019;11;18;4;3;3;6;2;1;1;0;0;0;0;461938,938611406830000;5481448,582069227500000;8,474514755000030;49,484484471000030;0
184119;08;2;26;009;2019;11;11;4;2;3;3;0;1;1;0;0;0;0;466721,610646284190000;5472929,918325299400000;8,541259187000037;49,408143356000039;0
184126;08;2;12;000;2019;11;07;4;3;0;7;0;1;0;0;0;0;0;455929,316686873320000;5428731,446137813900000;8,397347380000042;49,009901591000073;1
184127;08;1;27;014;2019;11;18;4;2;5;3;2;1;0;0;0;0;1;578977,736350560560000;5443214,368946356700000;10,082753636000064;49,136679494000077;0
184128;08;1;21;000;2019;11;12;4;3;6;7;0;1;0;1;0;0;0;513937,864582227540000;5442824,032299744000000;9,191086468000037;49,138087111000061;0
184130;08;1;18;048;2019;11;07;4;3;0;1;0;1;0;0;0;0;0;514390,562411687340000;5415608,733516743400000;9,196327730000064;48,893260395000027;1
184132;08;1;16;035;2019;11;14;4;3;0;3;0;1;1;0;0;0;0;526765,103000001980000;5391630,679000001400000;9,363586952000048;48,677148316000057;1
184133;08;1;11;000;2019;11;16;4;3;0;1;0;1;0;0;0;0;0;514359,338765747850000;5402024,140042234200000;9,195425894000039;48,771056464000026;1
184134;08;1;11;000;2019;11;08;4;2;0;6;0;1;1;0;0;0;0;507538,165263472120000;5399074,344474984300000;9,102538161000041;48,744640180000033;1
184135;08;1;18;081;2019;11;17;4;2;6;4;2;1;0;1;0;0;0;518580,149196885530000;5412453,432806516100000;9,253341567000064;48,864764728000068;0
184140;08;4;16;041;2019;11;11;3;3;5;2;0;1;1;0;0;0;0;504400,136124487030000;5374547,514016769800000;9,059592614000053;48,524022345000049;0
184142;08;3;35;063;2019;11;18;3;3;6;2;2;0;1;1;0;0;0;497570,159596201030000;5287345,085021734200000;8,967589292000071;47,739474672000028;1
184143;08;3;35;063;2019;11;16;3;2;1;7;1;0;1;1;0;0;0;495039,721604639660000;5288821,875820167400000;8,933819928000048;47,752747722000038;1
184144;08;3;35;063;2019;11;08;3;3;5;3;0;1;0;0;0;0;1;499917,396409406330000;5287812,095460303100000;8,998898094000026;47,743681214000048;0
184145;08;3;35;063;2019;11;12;3;3;9;7;0;1;0;0;0;0;0;498826,828254938130000;5286582,578108081600000;8,984353567000028;47,732617447000052;1
184147;08;3;35;063;2019;11;17;3;2;6;4;2;0;1;1;0;0;0;498137,282534477300000;5287855,737533723900000;8,975151740000058;47,744071202000043;1
184149;08;3;26;027;2019;11;08;3;3;4;3;0;1;0;0;0;1;0;462129,472192263230000;5308169,358984466600000;8,493048151000039;47,925725692000071;0
184151;08;3;17;096;2019;11;14;3;3;0;7;0;1;0;0;0;0;0;421229,795290339740000;5368102,938276035700000;7,934498286000064;48,461127379000061;1
184155;08;3;16;011;2019;11;09;3;3;0;6;0;1;0;0;0;0;0;414553,814408925360000;5330245,986618485300000;7,851872243000059;48,119736114000034;0
184156;08;3;15;006;2019;11;14;3;3;6;6;0;1;0;1;0;0;0;402587,324021150360000;5308093,242139363700000;7,696155802000021;47,918757663000065;0
184157;08;3;11;000;2019;11;17;3;3;6;4;1;0;1;1;0;0;0;409950,715967683120000;5316953,063000004700000;7,792834008000057;47,999530601000060;1