OBJECTID;ULAND;UREGBEZ;UKREIS;UGEMEINDE;UJAHR;UMONAT;USTUNDE;UWOCHENTAG;UKATEGORIE;UART;UTYP1;ULICHTVERH;IstRad;IstPKW;IstFuss;IstKrad;IstGkfz;IstSonstige;LINREFX;LINREFY;XGCSWGS84;YGCSWGS84;STRZUSTAND
184158;08;3;11;000;2019;11;22;3;3;1;7;2;1;1;0;0;0;0;414732,464078528810000;5315428,584739932800000;7,857225560000074;47,986472987000070;1
184159;08;2;12;000;2019;11;12;3;3;5;3;0;1;1;0;0;0;0;454048,134244808930000;5428625,506878292200000;8,371636386000034;49,008811442000081;0
184160;08;2;12;000;2019;11;16;3;3;5;3;0;1;1;0;0;0;0;457799,854638068940000;5428256,625918112700000;8,422974361000058;49,005761270000050;0
184162;08;2;31;000;2019;11;19;3;3;6;4;2;0;1;1;0;0;0;477407,941266271290000;5414577,538393164100000;8,691839196000046;48,883739346000027;1
184163;08;2;25;109;2019;11;06;3;3;5;3;1;1;1;0;0;0;0;526243,983446164990000;5491775,833494328000000;9,363025731000050;49,578000078000059;1
184166;08;2;22;000;2019;11;15;3;3;6;7;0;0;1;1;0;0;0;462281,040578142740000;5478194,531659450400000;8,479547910000065;49,455237243000056;0
184168;08;2;12;000;2019;11;10;3;2;5;2;0;1;1;0;0;0;0;451774,605248226780000;5431040,422112198500000;8,340262328000051;49,030360095000049;0
184169;08;2;12;000;2019;11;13;3;3;5;3;0;1;0;0;0;0;0;457172,863000000830000;5424912,610000001300000;8,414754059000074;48,975638117000074;0
184170;08;2;12;000;2019;11;18;3;3;0;2;2;1;1;0;0;0;0;456392,353000001050000;5428405,618000002600000;8,403713894000020;49,007003625000038;0
184171;08;2;12;000;2019;11;17;3;3;0;7;2;1;0;0;0;0;0;455557,212283138190000;5428604,156301358700000;8,392273205000038;49,008729919000075;1
184173;08;3;17;001;2019;11;17;3;2;6;4;2;0;1;1;0;0;0;431404,779279503040000;5386345,936036979800000;8,069107422000059;48,626417667000055;0
184174;08;1;25;026;2019;11;06;3;3;5;3;1;1;1;0;0;0;0;493586,421995612790000;5442918,009244959800000;8,912068910000073;49,139057108000031;0
184175;08;1;19;079;2019;11;12;3;3;0;7;0;0;0;1;0;0;1;523161,181446589530000;5408588,333101799700000;9,315584788000024;48,829841220000048;0
184177;08;1;17;026;2019;11;07;3;3;7;7;0;1;0;0;0;0;1;550001,455395379100000;5394265,223235102400000;9,679539102000035;48,699418704000038;0
184181;08;1;16;071;2019;11;16;3;3;6;4;0;0;1;1;0;0;0;529090,445941424000000;5390719,932236881900000;9,395110441000043;48,668851291000067;0
184184;08;1;11;000;2019;11;11;3;3;6;7;0;0;1;1;0;0;0;510776,691451760010000;5397287,328988747700000;9,146543467000072;48,728516571000057;0
184187;08;1;11;000;2019;11;19;3;2;2;6;2;1;1;0;0;0;0;514744,994292654100000;5406564,472677856700000;9,200837457000034;48,811891770000045;0
184188;08;1;11;000;2019;11;15;3;3;4;6;0;1;1;0;0;0;0;511229,658033620570000;5403468,675088213800000;9,152871599000036;48,784115757000052;0
184190;08;4;36;049;2019;11;09;2;3;5;3;0;1;1;0;0;0;0;578246,738574685530000;5283192,719194062100000;10,042868159000022;47,697378745000037;0
184192;08;4;26;058;2019;11;13;2;3;0;7;0;1;0;0;0;0;0;558605,137063972650000;5319416,507465070100000;9,786026705000040;48,025348753000060;0
184194;08;4;21;000;2019;11;08;2;3;1;5;0;1;1;0;0;0;0;573050,474942328410000;5361439,747427739200000;9,986983475000045;48,401881076000052;0
184195;08;4;16;041;2019;11;11;2;3;0;7;0;1;0;0;0;0;0;503913,378816450950000;5375245,366719177000000;9,053006841000070;48,530303699000058;0
184196;08;4;16;041;2019;11;08;2;3;0;7;0;1;0;0;0;0;0;504143,081796707590000;5375155,172695709400000;9,056117277000055;48,529490807000059;1
184198;08;3;36;050;2019;11;07;2;3;8;7;0;1;0;0;0;0;0;399658,945483815860000;5273920,600979793800000;7,664861688000030;47,610919779000028;1
184199;08;3;26;074;2019;11;08;2;3;5;3;0;1;1;0;0;0;0;460066,676544738930000;5322560,152112538000000;8,464097064000043;48,055071705000046;0
184200;08;3;17;096;2019;11;16;2;3;5;2;0;1;1;0;0;0;0;422720,497722582890000;5369824,002134431200000;7,954341020000072;48,476793163000082;0
184201;08;3;17;057;2019;11;09;2;3;0;7;0;1;0;0;0;0;0;413042,646436712700000;5380207,976959409200000;7,821252960000038;48,568927415000076;1
184203;08;3;16;013;2019;11;18;2;3;5;3;2;1;1;0;0;0;0;403517,461000001060000;5334981,366000002300000;7,702542529000027;48,160752306000063;0
184205;08;3;36;050;2019;11;17;2;2;6;2;2;0;0;1;0;0;1;399717,005817102270000;5273827,696305029100000;7,665655284000025;47,610093057000029;1
184208;08;2;15;009;2019;11;09;2;2;5;3;0;1;1;0;0;0;0;470103,737000001590000;5441628,348999999500000;8,590218747000051;49,126762369000062;1
184210;08;2;26;054;2019;11;18;2;3;6;2;1;0;0;1;0;0;1;482421,559000000360000;5456798,334000000700000;8,758390499000029;49,263695670000061;1
184212;08;2;22;000;2019;11;10;2;2;5;3;0;1;1;0;0;0;0;462392,965042107740000;5478369,492302641300000;8,481075580000038;49,456817871000055;1
184215;08;2;21;000;2019;11;16;2;3;1;2;0;1;0;0;1;0;0;476934,088999999690000;5470207,232000004500000;8,682192927000074;49,384125987000061;1
184216;08;2;21;000;2019;11;18;2;3;6;2;2;0;1;1;0;0;0;473949,662318766120000;5473104,740281131100000;8,640883678000023;49,410068205000073;1
184218;08;2;21;000;2019;11;17;2;3;0;6;2;1;1;0;0;0;0;477456,125429539940000;5474344,932592706800000;8,689150694000034;49,421363546000066;1
184219;08;2;21;000;2019;11;15;2;3;5;3;0;1;1;0;0;0;0;477815,256339270620000;5472734,529997689600000;8,694192550000025;49,406891438000059;1
184220;08;2;16;043;2019;11;07;2;3;0;1;0;1;0;0;0;0;0;442475,850770385940000;5412992,842032326400000;8,215612992000047;48,867227478000075;1
184221;08;2;12;000;2019;11;17;2;3;5;3;1;1;0;0;1;0;0;456176,676796749230000;5433966,286997847300000;8,400163880000036;49,057006973000057;1
184222;08;2;12;000;2019;11;16;2;3;5;2;1;1;1;0;0;0;0;459310,650607138870000;5427246,089584657900000;8,443732506000060;48,996772759000066;1
184225;08;1;36;088;2019;11;08;2;3;4;3;0;1;1;0;0;0;0;580908,141291554090000;5409644,192485261700000;10,102531718000023;48,834499421000032;0
184231;08;1;26;066;2019;11;11;2;3;6;7;0;0;0;1;0;0;1;536746,788022315130000;5450233,901766963300000;9,504462118000049;49,203797957000063;1
184232;08;1;25;086;2019;11;06;2;3;5;3;1;1;1;0;0;0;0;504056,336819739080000;5443129,708792269200000;9,055615121000074;49,140981518000046;1
184236;08;1;18;021;2019;11;10;2;3;5;3;0;1;1;0;0;0;0;521544,193000000900000;5427293,664000002700000;9,294540216000030;48,998165712000059;1
184237;08;1;18;048;2019;11;06;2;3;0;1;1;1;0;0;0;0;0;515841,040636034680000;5417032,901454735500000;9,216171431000021;48,906036410000070;1
184238;08;1;18;046;2019;11;19;2;3;5;3;2;1;1;0;0;0;0;513255,501220217910000;5412254,583484027500000;9,180733651000026;48,863112580000063;0
184239;08;1;17;024;2019;11;07;2;3;5;3;0;1;1;0;0;0;0;560166,114549627530000;5386399,129078697400000;9,816523478000022;48,627763856000058;0
184250;08;4;21;000;2019;11;22;2;2;0;1;2;1;0;0;0;0;0;572157,095999999900000;5360758,067000001700000;9,974797710000075;48,395852085000058;0
184252;08;4;26;134;2019;11;18;1;2;2;1;2;1;1;0;0;0;0;559844,409000000920000;5335800,549000002400000;9,804944174000070;48,172627051000063;1
184254;08;3;17;057;2019;11;19;1;3;6;4;2;0;1;1;0;0;0;413539,990044894630000;5382915,849913960300000;7,827429926000036;48,593351887000040;1
184257;08;2;26;103;2019;11;19;1;3;0;7;2;1;0;0;0;0;0;472592,445727395830000;5456782,775455949800000;8,623296370000048;49,263194238000040;1
184258;08;2;22;000;2019;11;02;1;3;6;2;2;0;1;1;0;0;0;461395,942405149340000;5483126,306162208300000;8,466854411000043;49,499540391000039;0
184260;08;2;16;043;2019;11;19;1;3;5;3;2;1;1;0;0;0;0;441395,075732713570000;5411890,544306086400000;8,201035106000063;48,857211169000038;1
184261;08;2;11;000;2019;11;17;1;3;6;2;2;0;1;1;0;0;0;444341,451000001280000;5400678,896000001600000;8,242719619000070;48,756632260000060;1
184265;08;1;18;081;2019;11;19;1;3;6;3;2;0;1;1;0;0;0;518875,700871211480000;5412789,189749684200000;9,257386882000048;48,867776184000036;0
184266;08;1;16;049;2019;11;15;1;3;8;1;0;1;0;0;0;0;0;524809,211000001060000;5385434,438999999300000;9,336646643000051;48,621487663000039;1
184275;08;3;36;050;2019;11;13;7;3;6;4;0;0;1;1;0;0;0;399210,748778739010000;5274058,616828881200000;7,658867917000066;47,612091721000070;0
184277;08;3;35;002;2019;11;19;7;3;4;6;2;1;0;0;0;0;0;507463,174943645480000;5283779,461957529200000;9,099487251000028;47,707353991000048;0
184280;08;3;26;074;2019;11;17;7;3;5;3;2;1;1;0;0;0;0;462784,118284028950000;5325079,553251417400000;8,500344150000046;48,077902402000063;0
184283;08;3;16;056;2019;11;15;7;3;0;2;0;1;1;0;0;0;0;423481,918171655390000;5328252,583040950800000;7,972174343000063;48,102940105000073;0
184292;08;1;11;000;2019;11;07;7;3;5;3;1;1;1;0;0;0;0;507838,936939324250000;5395822,078070618200000;9,106567566000024;48,715378999000052;1
184294;08;1;11;000;2019;11;19;7;3;6;7;2;1;0;1;0;0;0;515675,008282383900000;5405863,707895448400000;9,213478067000040;48,805565027000057;1
184295;08;1;18;048;2019;11;10;7;3;0;2;0;1;1;0;0;0;0;513737,765980951490000;5415705,531034341100000;9,187425057000041;48,894145978000040;0
184297;08;2;31;000;2019;11;17;6;2;5;3;2;1;1;0;0;0;0;477166,341000000950000;5415737,174000000600000;8,688478968000027;48,894162177000055;1
184299;08;1;27;014;2019;11;13;6;2;5;2;0;1;1;0;0;0;0;578413,589274371970000;5443227,348295930800000;10,075023360000046;49,136868491000030;0
184301;08;4;36;008;2019;11;17;6;3;5;3;2;1;1;0;0;0;0;547663,996246151630000;5311040,999829625700000;9,638362018000066;47,950907541000049;1
184302;08;4;17;002;2019;11;13;6;3;6;4;0;0;1;1;0;0;0;488826,045517859980000;5346691,625699777200000;8,849408849000042;48,273331994000046;0
184305;08;3;26;074;2019;11;16;6;3;5;7;0;1;1;0;0;0;0;464032,883218077010000;5323330,488626143000000;8,517256480000071;48,062238169000068;0
184307;08;3;17;096;2019;11;15;6;3;6;7;0;1;0;1;0;0;0;422252,106130102650000;5368706,695942895500000;7,948212133000027;48,466685326000061;0
184308;08;3;17;057;2019;11;12;6;3;1;5;0;1;1;0;0;0;0;413764,307154907840000;5380169,552617926200000;7,831041240000047;48,568681529000060;0
184310;08;3;11;000;2019;11;10;6;3;5;3;0;1;1;0;0;0;0;413173,051390695390000;5317800,421112775800000;7,835850472000061;48,007598643000051;0
184312;08;3;11;000;2019;11;10;6;3;5;3;0;1;1;0;0;0;0;414098,646174008960000;5318056,447426216700000;7,848206672000060;48,010026771000071;0
184313;08;2;12;000;2019;11;14;6;2;5;3;0;1;1;0;0;0;0;456274,231000001540000;5425964,712000003100000;8,402361525000060;48,985038994000035;0
184317;08;2;26;095;2019;11;10;6;3;2;6;0;1;0;0;0;0;1;474107,358797538090000;5461250,006764089700000;8,643828392000046;49,303442988000029;0
184320;08;2;26;082;2019;11;17;6;2;5;3;2;1;0;0;0;0;0;475605,594416324050000;5480668,158128185200000;8,663245464000056;49,478168020000055;0
184322;08;2;21;000;2019;11;07;6;3;3;2;0;1;1;0;0;0;0;476563,458141520620000;5473379,565412920000000;8,676899239000022;49,412646500000051;0
184324;08;2;16;043;2019;11;12;6;3;2;6;0;1;1;0;0;0;0;441622,078545712870000;5412002,541698074000000;8,204113567000036;48,858239984000079;0
184325;08;1;27;014;2019;11;14;6;2;5;3;0;1;1;0;0;0;0;575555,720269316810000;5442323,323658661900000;10,035680389000049;49,129095872000050;0
184326;08;1;21;000;2019;11;23;6;3;6;4;2;0;1;1;0;0;0;516229,035147880200000;5442945,608551792800000;9,222502809000048;49,139124473000038;1
184328;08;1;16;049;2019;11;14;6;3;6;4;0;0;1;1;0;0;0;524631,685045753610000;5386146,801451496800000;9,334280081000031;48,627903129000060;0
184330;08;1;16;019;2019;11;08;6;3;5;3;0;1;1;0;0;0;0;524197,572278935460000;5397799,543357700100000;9,329070912000077;48,732747789000030;0
184331;08;1;11;000;2019;11;12;6;3;5;3;0;1;1;0;0;0;0;512340,842801300810000;5395398,717691836900000;9,167756493000070;48,711497580000071;0
184332;08;1;11;000;2019;11;21;6;3;6;4;2;0;1;1;0;0;0;513380,760992380790000;5403328,003433957700000;9,182150276000073;48,782807729000069;0
184333;08;1;11;000;2019;11;09;6;2;0;7;0;1;0;0;0;0;0;512379,471193153410000;5406623,957564603500000;9,168619280000030;48,812478520000070;0
184335;08;1;28;007;2019;11;15;5;3;5;3;0;1;1;0;0;0;0;557259,131383324040000;5482668,369840137700000;9,790695553000035;49,493947629000047;0
184337;08;3;11;000;2019;11;15;5;2;5;3;0;1;1;0;0;0;0;411908,613318095920000;5314654,836359616400000;7,819546589000026;47,979130177000059;0
184338;08;1;19;079;2019;11;13;5;3;6;3;0;0;1;1;0;0;0;523013,969757441430000;5408563,436080193100000;9,313577576000057;48,829622726000082;0
184339;08;1;19;020;2019;11;15;5;3;6;4;0;0;1;1;0;0;0;519285,479725164360000;5409672,279143113600000;9,262827704000074;48,839724624000041;0
184340;08;4;37;044;2019;11;18;5;3;5;3;2;1;1;0;0;0;0;532815,961646029730000;5322944,921645935600000;9,440421108000066;48,058939196000040;0
184343;08;3;35;075;2019;11;12;5;2;5;3;0;1;1;0;0;0;0;489086,988675899800000;5288937,734275437900000;8,854395804000035;47,753716889000032;0
184345;08;3;17;009;2019;11;16;5;3;6;4;1;0;1;1;0;0;0;425121,981288171370000;5362206,136773703600000;7,988191831000052;48,408560421000061;0
184346;08;3;11;000;2019;11;07;5;3;0;7;0;1;0;0;0;0;0;414210,754078648050000;5319533,895050585300000;7,849413846000061;48,023331982000059;0
184347;08;2;12;000;2019;11;15;5;3;6;4;0;0;1;1;0;0;0;455392,140073081480000;5425647,962928418100000;8,390340679000076;48,982126714000060;0
184348;08;2;12;000;2019;11;09;5;3;5;3;0;1;0;0;0;0;1;457512,432808090000000;5428573,732859872300000;8,419011311000077;49,008593972000028;0
184351;08;2;26;063;2019;11;18;5;3;5;3;0;1;1;0;0;0;0;470012,425076571290000;5471865,774712966800000;8,586701923000021;49,398742719000040;0
184352;08;2;26;037;2019;11;10;5;3;5;3;0;1;1;0;0;0;0;465711,457077215430000;5468652,883946005300000;8,527703708000047;49,369616627000028;0
184353;08;2;22;000;2019;11;10;5;2;6;4;0;0;1;1;0;0;0;462083,969948272220000;5483608,400160348000000;8,476309795000077;49,503919962000055;0
184354;08;2;21;000;2019;11;09;5;3;4;6;0;1;1;0;0;0;0;478267,634688865390000;5472940,035029133800000;8,700417059000074;49,408756249000078;0
184356;08;2;16;007;2019;11;17;5;3;0;3;2;1;0;0;0;0;1;436052,104617299510000;5394214,235404798800000;8,130951560000028;48,697686345000079;0
184358;08;1;21;000;2019;11;18;5;3;6;4;2;0;1;1;0;0;0;515149,807341244070000;5441291,388835946100000;9,207644364000032;49,124271751000038;0
184359;08;1;21;000;2019;11;13;5;3;6;3;0;0;1;1;0;0;0;515175,010786836970000;5440863,748083239400000;9,207973715000037;49,120424344000071;0
184360;08;1;21;000;2019;11;13;5;3;5;3;0;1;1;0;0;0;0;517066,617489902300000;5443436,101296525400000;9,234006879000049;49,143513913000049;0
184361;08;1;19;020;2019;11;06;5;3;0;6;2;1;0;0;0;0;1;519959,464627640320000;5407497,536547135600000;9,271906968000053;48,820139809000068;0
184363;08;1;18;046;2019;11;07;5;3;6;2;0;0;1;1;0;0;0;514013,781999999660000;5411949,773000001900000;9,191062021000050;48,860353902000043;0
184365;08;1;17;026;2019;11;16;5;2;5;3;1;1;1;0;0;0;0;546430,706425082870000;5395148,633258793500000;9,631113788000050;48,707641441000078;0
184366;08;1;16;049;2019;11;09;5;3;5;3;0;1;1;0;0;0;0;525477,762773826720000;5386023,647960413200000;9,345754538000051;48,626761338000051;0
184367;08;1;15;045;2019;11;15;5;3;0;7;0;1;1;0;0;0;0;498639,273000000980000;5396150,346999997300000;8,981500300000050;48,718379922000054;0
184368;08;1;15;024;2019;11;07;5;3;4;2;1;1;1;0;0;0;0;501966,221045974640000;5386037,332302559200000;9,026683580000054;48,627400325000053;1
184369;08;1;15;003;2019;11;07;5;3;6;4;0;0;1;1;0;0;0;501490,147316578780000;5393041,722645130000000;9,020248006000031;48,690414194000027;0
184372;08;1;18;011;2019;11;11;5;3;6;4;0;0;1;1;0;0;0;504981,614655570130000;5408049,945498509300000;9,067871416000060;48,825409909000030;0
184374;08;4;35;016;2019;11;09;4;3;6;3;0;0;0;1;0;0;1;535622,425800209860000;5278199,428158100700000;9,474398443000041;47,656208951000053;0
184376;08;4;16;041;2019;11;17;4;3;6;3;2;0;1;1;0;0;0;503466,643418694850000;5373231,847751263500000;9,046939058000021;48,512191975000064;0
184377;08;3;36;091;2019;11;12;4;3;3;2;0;1;1;0;0;0;0;396392,671740004790000;5271992,761117242300000;7,621869000000061;47,593064464000065;0
184380;08;3;17;001;2019;11;13;4;3;0;7;0;1;0;0;0;0;0;432661,093048895710000;5384514,881604652900000;8,086451598000053;48,610083733000067;0
184381;08;3;17;057;2019;11;12;4;2;0;3;0;1;1;0;0;0;0;412643,096945076250000;5380456,282591193900000;7,815785930000061;48,571105200000034;0
184382;08;3;11;000;2019;11;11;4;3;1;5;0;1;1;0;0;0;0;413954,511000001800000;5316718,133000001300000;7,846542926000041;47,997968766000042;0
184383;08;3;11;000;2019;11;11;4;3;0;2;0;1;0;0;1;0;0;414027,655730679630000;5317948,911698995200000;7,847276567000051;48,009049902000072;0
184385;08;2;31;000;2019;11;07;4;3;5;7;2;1;1;0;0;0;0;479220,935446844440000;5415383,004473881800000;8,716527564000046;48,891048496000053;0
184387;08;2;26;063;2019;11;16;4;2;5;3;1;1;1;0;0;0;0;469986,246000000280000;5470917,587999997700000;8,586412742000050;49,390212713000039;0
184388;08;2;26;084;2019;11;07;4;3;5;2;0;1;1;0;0;0;0;469735,689785135910000;5470312,739567916800000;8,583006241000021;49,384759838000036;0
184389;08;2;22;000;2019;11;14;4;3;4;2;0;1;1;0;0;0;0;462013,686686916280000;5480233,144698556500000;8,475663445000066;49,473556915000074;0
184391;08;2;22;000;2019;11;06;4;3;5;5;2;1;1;0;0;0;0;462863,771542359140000;5479229,012098569400000;8,487491153000065;49,464577815000041;0
184392;08;2;22;000;2019;11;08;4;3;0;7;0;0;0;1;0;0;1;461587,229524933730000;5481280,327813953200000;8,469675491000032;49,482948953000061;0
184393;08;2;26;018;2019;11;17;4;3;0;1;2;1;0;0;0;0;0;472867,610000000340000;5472160,677000001100000;8,626031899000054;49,401529267000058;1
184394;08;2;26;018;2019;11;07;4;3;5;3;0;1;0;0;0;0;0;472819,726289776150000;5471499,439127119300000;8,625417168000070;49,395579428000076;1
184398;08;2;15;017;2019;11;07;4;3;0;1;0;1;0;0;0;0;0;456006,612202636900000;5421172,975727222900000;8,399221937000050;48,941917467000053;0
184399;08;2;12;000;2019;11;07;4;3;4;6;0;1;0;0;0;0;0;452894,335655085740000;5428631,694164445600000;8,355859211000052;49,008780102000060;1
184401;08;2;12;000;2019;11;15;4;3;3;6;0;1;1;0;0;0;0;460733,354497294870000;5427432,748473720600000;8,463163456000075;48,998543927000071;0
184403;08;1;21;000;2019;11;14;4;3;5;3;0;1;1;0;0;0;0;515767,860862038100000;5444410,031209619700000;9,216237393000029;49,152309441000057;0
184404;08;1;21;000;2019;11;15;4;3;1;6;0;1;1;0;0;0;0;515563,439861747440000;5443195,508710976700000;9,213387104000049;49,141389633000074;0
184406;08;1;18;080;2019;11;18;4;2;6;2;2;0;1;1;0;0;0;508871,531308812090000;5408271,954777512700000;9,120873830000051;48,827363692000063;0
184408;08;1;16;080;2019;11;09;4;2;6;2;0;0;1;1;0;0;0;517899,616254943420000;5397565,276539480300000;9,243413669000063;48,730853090000039;0
184409;08;1;16;071;2019;11;17;4;2;6;2;2;0;1;1;0;0;0;528200,749400001950000;5391349,952999999700000;9,383069708000051;48,674559725000051;0
184411;08;1;15;003;2019;11;08;4;3;6;4;0;0;1;1;0;0;0;501165,427808205600000;5392519,737987974700000;9,015834271000074;48,685719055000050;0
184414;08;1;11;000;2019;11;12;4;3;6;7;0;0;1;1;0;0;0;516089,679576567370000;5398480,525542544200000;9,218836595000028;48,739136003000056;0
184415;08;1;18;011;2019;11;17;4;3;6;7;1;0;0;1;0;1;0;505874,691434346140000;5407586,161554608500000;9,080032380000034;48,821229956000082;0
184416;08;2;12;000;2019;11;21;3;3;6;4;2;1;0;1;0;0;0;456653,673625707630000;5427785,347964510300000;8,407353175000026;49,001442626000028;0
184417;08;4;36;082;2019;11;17;3;2;6;2;2;0;1;1;0;0;0;546953,962103586640000;5296306,850739389700000;9,627250664000030;47,818399401000079;0
184418;08;4;35;016;2019;11;21;3;3;0;7;2;1;0;0;0;0;0;535672,245618516580000;5278353,142185861200000;9,475074436000057;47,657589235000046;1
184419;08;4;35;016;2019;11;15;3;3;5;3;0;1;1;0;0;0;0;531688,582999999630000;5280494,721000000800000;9,422177903000033;47,677065425000080;0
184420;08;4;15;061;2019;11;16;3;2;5;2;0;1;1;0;0;0;0;514888,093419637530000;5370064,548806045200000;9,201474262000033;48,483530914000028;0
184421;08;3;37;116;2019;11;07;3;3;6;7;1;0;0;1;0;0;1;417674,201884805220000;5275140,670228455200000;7,904293282000026;47,624435012000049;1
184422;08;3;35;063;2019;11;16;3;3;6;4;0;0;1;1;0;0;0;494553,947109965610000;5288790,345966571900000;8,927339121000046;47,752460110000072;0
184423;08;3;35;043;2019;11;10;3;3;5;3;0;1;1;0;0;0;0;512817,633283382280000;5280085,184289949000000;9,170755631000077;47,674030153000047;0
184424;08;3;27;050;2019;11;06;3;3;6;4;2;0;1;1;0;0;0;486191,844392984170000;5314613,805708255600000;8,814947679000056;47,984677897000040;1
184425;08;3;17;096;2019;11;14;3;3;5;3;0;1;1;0;0;0;0;422042,246787477280000;5369730,502554662500000;7,945182743000032;48,475868407000064;0
184426;08;3;17;065;2019;11;09;3;3;6;4;0;0;1;1;0;0;0;416914,542525155470000;5355088,729657249500000;7,878714620000039;48,343511687000046;0
184427;08;3;17;057;2019;11;15;3;2;5;2;0;1;1;0;0;0;0;412868,500594727690000;5380460,085212865800000;7,818840037000030;48,571170783000071;0
184428;08;3;36;050;2019;11;09;3;2;6;7;0;0;1;1;0;0;0;399273,833070924510000;5273681,081765633100000;7,659793878000073;47,608705476000068;0
184429;08;3;11;000;2019;11;13;3;3;5;3;0;1;1;0;0;0;0;413858,478964407930000;5320597,280562348700000;7,844476375000056;48,032850055000040;0
184430;08;3;36;091;2019;11;13;3;2;0;7;0;1;0;0;0;0;0;396900,487898962570000;5272029,392489578600000;7,628613097000027;47,593474916000048;0
184431;08;3;11;000;2019;11;11;3;3;0;1;0;1;0;0;0;0;0;413884,015065542420000;5316710,948386831200000;7,845599554000046;47,997894646000077;0
184434;08;2;22;000;2019;11;07;3;3;6;2;0;0;1;1;0;0;0;464320,804257725370000;5483731,117717837900000;8,507192269000029;49,505159463000041;0
184436;08;2;15;106;2019;11;15;3;3;5;2;0;1;1;0;0;0;0;464867,303620150310000;5455471,531154327100000;8,517236586000024;49,251004774000080;1
184437;08;2;12;000;2019;11;07;3;3;0;1;0;1;0;0;0;0;0;456907,078479180110000;5427215,635375313500000;8,410878070000024;48,996335724000062;0
184438;08;2;12;000;2019;11;08;3;3;5;3;0;1;1;0;0;0;0;455040,176164701580000;5429894,645654609400000;8,385060522000060;49,020300515000031;0
184439;08;1;25;065;2019;11;13;3;3;6;1;0;1;0;1;0;0;0;516861,869120173160000;5448919,099522044900000;9,231429282000022;49,192840671000056;0
184441;08;1;18;063;2019;11;15;3;3;5;3;0;1;1;0;0;0;0;514436,456935353580000;5422343,222479188800000;9,197192226000027;48,953840656000068;0
184442;08;1;18;014;2019;11;12;3;3;6;6;0;0;1;1;0;0;0;520680,334298544560000;5421589,747614340900000;9,282440180000037;48,946885391000080;0
184445;08;1;15;003;2019;11;11;3;3;6;4;0;0;1;1;0;0;0;501544,235000000340000;5391614,180999999900000;9,020977611000035;48,677571738000040;0
184450;08;1;18;048;2019;11;15;3;3;1;5;0;1;1;0;0;0;0;512724,151405825280000;5417247,868035031500000;9,173644387000024;48,908042071000068;0
184451;08;1;19;020;2019;11;22;2;2;5;3;2;1;1;0;0;0;0;519283,445115933190000;5409078,362888867000000;9,262772030000065;48,834381949000033;1
184453;08;4;16;041;2019;11;16;2;2;5;3;0;1;0;0;0;0;0;504670,034766387190000;5374983,811502816200000;9,063252833000036;48,527945482000064;0
184454;08;3;37;126;2019;11;08;2;3;6;6;0;0;1;1;0;0;0;440904,022027757950000;5274701,196329657000000;8,213491538000028;47,623017364000077;0
184455;08;3;26;074;2019;11;19;2;3;6;7;2;0;1;1;0;0;0;465485,258575278330000;5323648,789215091600000;8,536723604000031;48,065182097000047;0
184457;08;3;15;015;2019;11;16;2;3;4;2;0;1;1;0;0;0;0;394356,081935608760000;5320503,118976429100000;7,582964879000031;48,029074523000077;0
184459;08;3;11;000;2019;11;12;2;3;3;6;0;1;0;0;0;0;0;413932,629347029140000;5315638,447250980900000;7,846466167000074;47,988253646000032;0
184460;08;3;11;000;2019;11;16;2;2;6;4;1;1;0;1;0;0;0;411757,882317633370000;5316462,521112054600000;7,817155658000047;47,995370049000030;0
184463;08;2;22;000;2019;11;06;2;3;2;2;2;1;1;0;0;0;0;460458,125374183990000;5487192,224937269500000;8,453495823000026;49,536050467000052;1
184464;08;2;26;032;2019;11;11;2;2;0;1;0;1;0;0;0;0;0;466883,841000000010000;5462935,421000002000000;8,544326924000075;49,318254076000073;0
184465;08;2;16;043;2019;11;18;2;3;5;2;1;1;1;0;0;0;0;442056,804105295800000;5411404,240690240600000;8,210124417000031;48,852899031000049;0
184469;08;1;21;000;2019;11;07;2;3;6;2;2;0;1;1;0;0;0;515995,320012615990000;5443685,916297268100000;9,219327946000021;49,145789914000034;0
184471;08;1;17;026;2019;11;16;2;3;6;4;0;0;1;1;0;0;0;546205,735613416880000;5393041,908665541600000;9,627820325000073;48,688707006000072;0
184475;08;1;11;000;2019;11;11;2;3;6;7;0;1;0;1;0;0;0;507935,085315117610000;5406914,664071647500000;9,108088603000056;48,815166338000040;0
184476;08;1;11;000;2019;11;07;2;3;0;7;1;1;0;0;0;0;0;507487,968542822640000;5396754,076302111100000;9,101813203000063;48,723767608000060;0
184479;08;3;35;075;2019;11;14;1;2;2;2;0;1;1;0;0;0;0;487690,902880443260000;5290072,593655077700000;8,835736807000046;47,763902678000079;0
184483;08;2;26;031;2019;11;17;1;3;6;2;2;0;1;1;0;0;0;474405,144943545570000;5493581,489352295200000;8,645835748000025;49,594268914000054;0
184484;08;2;22;000;2019;11;13;1;3;3;7;0;1;1;0;0;0;1;461223,737991179340000;5481980,901892578200000;8,464588665000065;49,489227126000060;0