OBJECTID;ULAND;UREGBEZ;UKREIS;UGEMEINDE;UJAHR;UMONAT;USTUNDE;UWOCHENTAG;UKATEGORIE;UART;UTYP1;ULICHTVERH;IstRad;IstPKW;IstFuss;IstKrad;IstGkfz;IstSonstige;LINREFX;LINREFY;XGCSWGS84;YGCSWGS84;STRZUSTAND
184489;08;3;16;020;2019;11;17;7;3;6;4;2;0;0;1;0;0;1;408470,112186986950000;5338326,134506674500000;7,768406925000022;48,191570329000058;0
184492;08;4;35;016;2019;11;15;7;3;6;3;0;0;1;1;0;0;0;537049,024448785930000;5279668,908947980000000;9,493520929000056;47,669350309000038;0
184493;08;4;21;000;2019;11;16;7;3;0;1;0;1;0;0;0;0;0;571404,516999999990000;5361050,939000003000000;9,964682151000034;48,398572234000028;0
184496;08;4;15;014;2019;11;07;7;3;5;3;0;1;1;0;0;0;0;525594,629815884870000;5375047,883386336300000;9,346664720000035;48,528017333000037;1
184498;08;3;36;091;2019;11;13;7;3;5;3;0;1;1;0;0;0;0;395492,731060131450000;5271967,091567289100000;7,609908188000077;47,592689139000072;0
184505;08;3;11;000;2019;11;11;7;3;0;7;0;1;0;0;0;0;0;411572,476443210620000;5316929,084697436500000;7,814574782000022;47,999541296000075;0
184507;08;2;12;000;2019;11;06;7;3;5;3;2;1;0;0;0;0;1;455183,346000000830000;5428485,732000004500000;8,387174200000061;49,007637644000056;1
184508;08;1;11;000;2019;11;16;3;3;3;6;0;1;1;0;0;0;0;512497,835078421980000;5403267,691518971700000;9,170129362000068;48,782283535000033;1
184509;08;3;26;052;2019;11;16;3;3;6;7;1;0;1;1;0;0;0;447745,643436681480000;5334163,949020816000000;8,297339300000033;48,158573319000027;0
184510;08;3;17;040;2019;11;07;3;2;6;4;1;0;1;1;0;0;0;432074,293000000530000;5348244,532000001500000;8,084376115000055;48,283756661000041;1
184514;08;2;12;000;2019;11;17;3;3;6;2;2;1;0;1;0;0;0;456231,689627353100000;5428470,202554270600000;8,401510163000069;49,007573197000056;0
184515;08;2;31;000;2019;11;08;3;3;6;4;0;0;1;1;0;0;0;476660,389543790370000;5415347,755710838400000;8,681598597000061;48,890640255000051;1
184517;08;2;26;063;2019;11;18;3;3;0;7;2;1;1;0;0;0;0;470969,983884895220000;5470886,686620850100000;8,599970480000025;49,389982458000077;0
184518;08;2;11;000;2019;11;16;3;2;9;1;0;1;0;0;0;0;0;443211,293204210700000;5401977,269827136800000;8,227165161000073;48,768209291000062;1
184520;08;1;17;024;2019;11;07;3;3;0;7;0;0;1;1;0;0;0;560435,990248659630000;5386082,002966003500000;9,820139385000061;48,624885196000037;0
184523;08;1;17;019;2019;11;06;3;3;6;2;2;0;1;1;0;0;0;551985,215116889220000;5394191,571871895300000;9,706487793000065;48,698594021000076;0
184526;08;1;15;045;2019;11;16;3;3;3;6;0;1;1;0;0;0;0;498680,348797668700000;5395684,838803784900000;8,982060233000027;48,714192270000069;1
184528;08;1;11;000;2019;11;08;3;2;5;7;0;1;1;0;0;0;0;507647,814583283850000;5396154,826614104200000;9,103975499000057;48,718374794000056;0
184529;08;1;11;000;2019;11;18;3;3;5;3;2;1;1;0;0;0;0;511791,218000001270000;5406123,083999998900000;9,160592398000063;48,807984164000061;0
184530;08;1;18;080;2019;11;06;3;3;4;2;2;1;1;0;0;0;0;509265,435000001450000;5408660,669000001600000;9,126249504000043;48,830854760000079;1
184532;08;3;16;009;2019;11;13;2;3;3;7;0;1;0;0;0;0;0;417672,128104698840000;5324408,379752544700000;7,894890215000032;48,067635641000038;0
184534;08;1;19;084;2019;11;07;2;3;5;2;1;1;1;0;0;0;0;546556,912254331630000;5413992,015911217800000;9,634964571000069;48,877135624000061;1
184535;08;1;36;088;2019;11;16;2;3;5;2;1;1;1;0;0;0;0;580426,125026306140000;5409629,391399292300000;10,095961659000068;48,834428921000040;0
184536;08;4;36;052;2019;11;06;2;3;5;3;2;1;1;0;0;0;0;566180,418963969690000;5293672,854546429600000;9,883664867000050;47,793012279000038;0
184537;08;4;36;064;2019;11;16;2;3;6;4;1;0;1;1;0;0;0;545171,715610075740000;5292239,978667380300000;9,603019723000045;47,781937359000040;0
184538;08;4;21;000;2019;11;15;2;3;5;3;0;1;1;0;0;0;0;571371,553567793220000;5360531,217491656500000;9,964148531000035;48,393900922000057;0
184539;08;4;15;061;2019;11;16;2;3;5;2;0;1;1;0;0;0;0;515914,687574381010000;5370391,206748871100000;9,215379070000040;48,486444492000032;0
184540;08;4;15;061;2019;11;12;2;3;0;1;0;1;0;0;0;0;0;515109,674232576970000;5369306,265650305900000;9,204445387000021;48,476703827000051;1
184542;08;3;11;000;2019;11;07;2;3;0;6;0;1;1;0;0;0;0;413670,569354366510000;5316676,518831135700000;7,842745806000039;47,997556153000062;0
184543;08;2;12;000;2019;11;19;2;2;5;3;2;1;1;0;0;0;0;455965,484728010370000;5427901,120620517100000;8,397931992000054;49,002435304000073;1
184547;08;2;26;018;2019;11;21;2;3;5;3;2;1;1;0;0;0;0;473019,540355228820000;5472313,770580079400000;8,628115523000076;49,402913067000043;1
184548;08;2;16;007;2019;11;13;2;3;2;6;0;1;0;0;0;0;0;436111,095635809940000;5394368,600924566400000;8,131729267000026;48,699080916000071;1
184550;08;2;15;007;2019;11;18;2;3;1;1;2;1;1;0;0;0;0;478994,015485901390000;5431601,459047511200000;8,712594758000023;49,036934927000061;0
184552;08;1;16;035;2019;11;13;2;3;6;7;0;1;0;1;0;0;0;526718,356194225140000;5392476,010490451000000;9,363006581000036;48,684754866000048;0
184554;08;1;11;000;2019;11;08;2;3;5;3;0;1;1;0;0;0;0;514096,155577081260000;5403169,234898222600000;9,191883334000067;48,781363660000068;0
184555;08;1;11;000;2019;11;08;2;3;6;7;0;0;1;1;0;0;0;515750,761430256070000;5403349,806641228500000;9,214413350000029;48,782948368000064;0
184556;08;1;11;000;2019;11;18;2;3;6;4;2;0;1;1;0;0;0;511019,688501183870000;5397112,765513137000000;9,149843109000074;48,726941946000068;0
184558;08;4;35;016;2019;11;17;1;3;4;2;1;1;1;0;0;0;0;535255,026363455690000;5277772,348002348100000;9,469471361000046;47,652386454000066;0
184560;08;4;16;041;2019;11;09;1;3;5;3;0;1;1;0;0;0;0;506359,377000001260000;5374845,192000003500000;9,086131827000031;48,526683567000077;0
184562;08;2;15;103;2019;11;15;1;2;8;7;0;1;0;0;0;0;0;466254,946878262800000;5443006,549395319100000;8,537350608000054;49,138960155000063;0
184566;08;1;15;003;2019;11;15;1;1;5;3;0;1;1;0;0;0;0;498486,604000000280000;5392237,958999998900000;8,979439036000031;48,683183394000025;0
184567;08;1;15;028;2019;11;09;1;3;6;4;0;0;1;1;0;0;0;498273,590547275730000;5406581,268263129500000;8,976484913000036;48,812215415000026;0
184568;08;1;25;065;2019;11;17;7;2;6;4;2;0;1;1;0;0;0;517142,770212134350000;5449487,816502882200000;9,235308883000073;49,197948624000048;0
184569;08;1;28;139;2019;11;16;7;2;6;4;2;0;1;1;0;0;0;551108,976078189910000;5490811,311992876200000;9,706830101000037;49,567735350000078;0
184573;08;3;35;043;2019;11;14;7;2;0;1;0;1;0;0;0;0;0;514107,964857170360000;5280813,078064778800000;9,187968769000065;47,680552615000067;0
184574;08;3;17;096;2019;11;15;7;3;5;3;0;1;1;0;0;0;0;424194,491000000390000;5369664,572000000600000;7,974310984000056;48,475538542000038;0
184575;08;3;11;000;2019;11;19;7;3;0;7;2;1;0;0;0;0;0;410580,948810787870000;5314285,126706149400000;7,801836406000064;47,975620349000053;0
184576;08;3;11;000;2019;11;04;7;2;0;7;2;1;0;0;0;0;0;414315,085612692870000;5316054,768117519100000;7,851507939000044;47,992049972000075;0
184579;08;2;31;000;2019;11;16;7;2;0;7;0;1;0;0;0;0;0;479690,411129185930000;5414374,800948010800000;8,722982274000060;48,881994577000057;0
184581;08;2;11;000;2019;11;15;7;2;0;1;0;1;0;0;0;0;0;442033,017846827400000;5399449,946554688700000;8,211487536000050;48,745367016000046;1
184583;08;1;25;056;2019;11;01;7;3;1;5;2;1;1;0;0;0;0;511132,467001957820000;5435851,870786003800000;9,152432724000050;49,075426855000046;0
184585;08;1;15;029;2019;11;16;7;3;6;4;1;1;0;1;0;0;0;497299,432821798140000;5398422,325655134400000;8,963269686000047;48,738814369000067;1
184586;08;1;11;000;2019;11;14;7;3;6;4;0;1;0;1;0;0;0;508581,897090213370000;5398170,802380364400000;9,116716710000048;48,736498403000041;0
184590;08;3;16;011;2019;11;14;6;3;2;6;0;1;0;0;0;0;1;414766,502624752930000;5328810,098954513700000;7,855016528000022;48,106848516000071;0
184591;08;4;36;009;2019;11;11;6;3;6;4;0;0;1;1;0;0;0;554832,832233197990000;5306004,641039490700000;9,733725166000056;47,905023886000038;0
184593;08;4;35;016;2019;11;13;6;3;0;4;0;0;0;1;0;0;1;535579,839935533700000;5277822,732282923500000;9,473800669000070;47,652822003000040;0
184596;08;4;16;041;2019;11;07;6;3;1;1;0;1;1;0;0;0;0;503712,679630663250000;5373222,611653523500000;9,050270355000066;48,512107477000029;0
184598;08;3;35;043;2019;11;03;6;3;1;5;2;1;1;0;0;0;0;513004,339170828460000;5279275,187232907900000;9,173218784000028;47,666738342000031;0
184599;08;3;26;074;2019;11;18;6;3;6;4;2;0;1;1;0;0;0;460118,386074773970000;5322861,229285283000000;8,464762898000060;48,057783642000061;0
184601;08;3;17;141;2019;11;08;6;2;0;6;0;1;0;0;0;0;1;417747,289111988620000;5383219,954385550700000;7,884417498000062;48,596653982000078;0
184602;08;3;11;000;2019;11;13;6;3;0;7;0;1;0;0;0;0;0;410238,852868657560000;5315743,897582780600000;7,796948667000038;47,988694426000052;0
184605;08;2;12;000;2019;11;22;6;2;5;3;2;1;0;0;1;0;0;455515,905000001190000;5428694,209000000700000;8,391698519000045;49,009536976000049;0
184607;08;2;36;030;2019;11;13;6;3;5;3;0;1;1;0;0;0;0;475956,620274154470000;5417826,722744880200000;8,671851907000075;48,912913200000048;0
184609;08;2;26;032;2019;11;11;6;3;5;2;0;1;1;0;0;0;0;466940,793308760970000;5463222,989872014200000;8,545086728000058;49,320843797000066;0
184611;08;2;26;012;2019;11;10;6;3;5;3;0;1;1;0;0;0;0;476247,947218190880000;5477199,026855863600000;8,672320868000043;49,446989543000029;0
184613;08;2;12;000;2019;11;08;6;3;5;3;1;1;1;0;0;0;0;461400,484282223510000;5427877,279358184000000;8,472241508000025;49,002584661000071;0
184615;08;1;17;026;2019;11;15;6;3;4;2;0;1;1;0;0;0;0;545757,406000000420000;5395708,973000003000000;9,622024583000041;48,712731765000058;0
184617;08;1;18;049;2019;11;16;6;3;6;4;0;0;1;1;0;0;0;519156,455411849540000;5421054,310331083800000;9,261602973000038;48,942117887000052;0
184621;08;3;36;050;2019;11;16;5;2;5;2;0;1;1;0;0;0;0;398921,600154810590000;5273080,101283947000000;7,655247182000039;47,603244618000076;0
184625;08;1;11;000;2019;11;07;5;3;1;5;1;1;0;0;0;0;1;512525,922093274070000;5400479,447726065300000;9,170426793000047;48,757200103000059;0
184626;08;3;37;096;2019;11;12;5;3;6;4;0;0;0;1;0;0;1;420666,640554078850000;5267194,939091038000000;7,945550607000030;47,553326232000074;0
184627;08;3;37;126;2019;11;17;5;2;6;4;2;0;1;1;0;0;0;445339,403780879450000;5275766,441645951900000;8,272383924000053;47,632990928000027;0
184631;08;3;35;043;2019;11;00;5;3;0;1;2;1;0;0;0;0;0;512014,852513169870000;5280320,643431920600000;9,160067564000030;47,676164152000069;0
184632;08;3;35;043;2019;11;10;5;3;5;2;0;1;0;0;0;1;0;512774,419959694150000;5279997,140032196400000;9,170177373000058;47,673238816000037;0
184635;08;3;15;098;2019;11;07;5;3;2;6;2;1;1;0;0;0;0;407930,410972706970000;5312619,449316619000000;7,766685947000042;47,960261408000065;0
184636;08;3;11;000;2019;11;13;5;3;6;7;0;0;1;1;0;0;0;412439,616310160610000;5317570,839825961700000;7,826065795000034;48,005433429000050;0
184637;08;2;12;000;2019;11;12;5;3;2;6;0;1;1;0;0;0;0;455965,497598402200000;5427901,411199981300000;8,397932136000065;49,002437919000045;0
184638;08;2;36;076;2019;11;07;5;3;5;3;1;1;1;0;0;0;0;473931,708919140510000;5424099,266311682800000;8,643814822000024;48,969256144000042;0
184641;08;2;26;032;2019;11;18;5;3;6;2;2;0;1;1;0;0;0;467636,979606865910000;5462350,057446086800000;8,554737124000042;49,313029212000060;0
184643;08;2;21;000;2019;11;09;5;3;6;1;0;1;0;1;0;0;0;477521,431518614290000;5470062,167881839000000;8,690293534000034;49,382843114000082;0
184654;08;4;36;064;2019;11;14;4;2;6;4;0;0;1;1;0;0;0;545674,104007538410000;5292172,153639100500000;9,609718830000077;47,781291708000026;0
184655;08;4;35;016;2019;11;15;4;3;1;3;0;1;0;0;0;1;0;536601,165000000970000;5278584,605000000400000;9,487464490000036;47,659619909000071;0
184659;08;4;16;041;2019;11;17;4;3;0;7;2;1;0;0;0;0;0;506571,807814303790000;5374944,570112463100000;9,089010567000059;48,527575419000073;0
184660;08;4;16;023;2019;11;17;4;3;4;2;2;1;1;0;0;0;0;510578,705241427760000;5371754,687728606200000;9,143200173000025;48,498823361000063;0
184661;08;4;16;041;2019;11;18;4;3;5;3;2;1;1;0;0;0;0;504570,683000002060000;5371842,321000002300000;9,061872753000046;48,499684189000050;0
184662;08;4;16;025;2019;11;11;4;3;0;7;0;1;1;0;0;0;0;504035,059575118120000;5361439,816714409700000;9,054521804000046;48,406102030000056;1
184663;08;4;15;061;2019;11;12;4;3;6;4;0;0;1;1;0;0;0;515472,029000469480000;5371411,091374892700000;9,209426238000049;48,495630789000074;0
184664;08;4;15;061;2019;11;07;4;3;6;4;2;0;1;1;0;0;0;515646,969116779980000;5369800,654453463900000;9,211733853000055;48,481138390000069;0
184665;08;4;15;059;2019;11;12;4;3;5;3;0;1;1;0;0;0;0;516651,097231578080000;5368481,150447093000000;9,225268991000064;48,469241846000045;0
184666;08;3;35;063;2019;11;12;4;3;0;3;0;1;1;0;0;0;0;497179,548433015120000;5288346,869966693200000;8,962372586000072;47,748486731000071;0
184670;08;3;16;011;2019;11;07;4;3;2;6;2;1;1;0;0;0;0;416367,429380283690000;5328212,615746416200000;7,876635366000073;48,101686218000054;0
184672;08;2;26;098;2019;11;18;4;3;5;3;2;1;1;0;0;0;0;477169,838675589300000;5459915,909792715700000;8,686030498000037;49,291564921000031;0
184673;08;2;25;075;2019;11;04;4;3;7;7;2;1;0;0;0;0;1;531765,095938885580000;5474239,856274012500000;9,437985628000035;49,420006739000030;0
184674;08;2;22;000;2019;11;14;4;3;5;3;0;1;1;0;0;0;0;463138,850768235510000;5485642,176742641300000;8,490689121000060;49,522277712000061;0
184676;08;2;21;000;2019;11;12;4;3;1;5;0;1;1;0;0;0;0;477304,315368209970000;5474892,108898676900000;8,687026170000024;49,426279652000062;0
184677;08;2;26;085;2019;11;07;4;2;6;4;1;0;1;1;0;0;0;491060,331893725320000;5455314,638375975200000;8,877160100000026;49,250536824000051;0
184678;08;2;16;024;2019;11;11;4;3;1;7;0;1;1;0;0;0;0;445211,842214270490000;5408656,276964157800000;8,253497081000035;48,828467430000046;0
184679;08;2;16;043;2019;11;10;4;3;8;7;0;1;0;0;0;0;0;441667,752629105000000;5411922,082958970200000;8,204747660000066;48,857520557000043;0
184680;08;2;12;000;2019;11;11;4;3;0;7;0;1;0;0;0;0;0;456259,650203727190000;5428531,563282141500000;8,401885865000054;49,008127126000034;0
184682;08;1;21;000;2019;11;15;4;3;5;7;0;1;1;0;0;0;0;517504,242000000550000;5443056,139000000400000;9,239990756000054;49,140083716000049;0
184683;08;1;16;078;2019;11;07;4;3;5;3;0;1;1;0;0;0;0;510392,766892694870000;5394114,501009255600000;9,141242885000054;48,699980214000050;1
184687;08;1;11;000;2019;11;13;4;3;6;4;0;1;0;1;0;0;0;512584,932286970320000;5401740,473737811700000;9,171268245000022;48,768543037000029;0
184688;08;1;18;018;2019;11;16;4;2;5;3;1;1;1;0;0;0;0;512232,980742448940000;5430082,413907935800000;9,167327335000039;49,023506818000044;0
184689;08;2;25;001;2019;11;12;3;3;0;6;0;1;0;0;0;0;1;528670,332000001330000;5472732,801000002800000;9,395206474000077;49,406604890000040;0
184690;08;3;36;081;2019;11;18;3;3;6;4;2;0;1;1;0;0;0;411069,628075337970000;5277825,082818042500000;7,815863486000069;47,647710400000051;0
184691;08;1;19;067;2019;11;14;3;3;5;3;0;1;1;0;0;0;0;537482,707836785350000;5405245,018923850700000;9,510412096000039;48,799066960000061;0
184692;08;1;19;008;2019;11;16;3;3;0;1;2;1;0;0;0;0;0;531453,171000001020000;5421696,876000002000000;9,429574109000043;48,947394990000078;1
184697;08;4;17;079;2019;11;15;3;3;6;4;0;0;1;1;0;0;0;500975,330349981780000;5340176,224419936500000;9,013129520000064;48,214812059000053;0
184698;08;4;16;041;2019;11;15;3;3;0;1;0;0;0;1;0;0;1;504207,780945968810000;5373541,337317407100000;9,056977328000073;48,514971730000070;0
184699;08;4;16;041;2019;11;14;3;3;6;2;0;0;1;1;0;0;0;502505,700499514120000;5374443,039376497300000;9,033934975000022;48,523092875000032;0
184700;08;4;16;025;2019;11;13;3;3;5;3;0;1;1;0;0;0;0;502746,289524666970000;5360399,143917786000000;9,037101113000063;48,396746494000070;0
184701;08;4;15;061;2019;11;05;3;3;3;2;2;1;1;0;0;0;0;515957,357782572510000;5370503,679891698100000;9,215960833000054;48,487455258000068;0
184702;08;4;15;078;2019;11;07;3;3;2;6;1;1;0;0;0;0;0;528823,011822069060000;5371619,281714713200000;9,390153444000021;48,497033070000043;0
184703;08;3;36;091;2019;11;16;3;2;5;2;1;1;1;0;0;0;0;397788,219027966260000;5271859,596114577700000;7,640457452000021;47,592088095000065;0
184705;08;4;36;064;2019;11;16;3;3;5;3;0;0;1;1;0;0;0;539273,338151254690000;5292992,059343969400000;9,524351057000047;47,789090590000058;0
184706;08;3;26;074;2019;11;17;3;2;6;4;2;0;1;1;0;0;0;458533,129934006370000;5322891,143706442800000;8,443485853000027;48,057951700000046;1
184707;08;3;17;146;2019;11;08;3;3;4;1;0;1;1;0;0;0;0;431090,232338616620000;5355468,034755511200000;8,069932613000049;48,348629344000074;1
184708;08;3;17;096;2019;11;22;3;3;0;7;2;1;0;0;0;0;0;424704,746985698120000;5370215,483596462800000;7,981114640000044;48,480555312000035;1
184710;08;3;15;108;2019;11;08;3;3;6;7;1;0;1;1;0;0;0;404085,719762089660000;5302872,720600664600000;7,717366648000052;47,872024519000036;0
184712;08;3;11;000;2019;11;09;3;3;0;1;0;1;0;0;0;0;0;412569,655856695030000;5317909,755827507000000;7,827739785000063;48,008499879000055;1
184713;08;3;11;000;2019;11;12;3;3;5;3;0;1;1;0;0;0;0;411449,744000001810000;5314570,974999999600000;7,813416240000038;47,978312469000059;0
184716;08;2;26;068;2019;11;06;3;3;5;3;2;1;1;0;0;0;0;468825,320733928120000;5460251,651043426200000;8,571250084000042;49,294216113000061;0
184718;08;2;22;000;2019;11;19;3;3;6;4;2;0;1;1;0;0;0;463006,204859413210000;5486364,199459616100000;8,488788719000070;49,528763817000026;0
184719;08;2;22;000;2019;11;06;3;3;5;3;2;1;1;0;0;0;0;462163,781843013130000;5481427,119503002600000;8,477620942000044;49,484305485000050;0
184722;08;2;21;000;2019;11;17;3;3;5;3;2;1;1;0;0;0;0;476940,608658881860000;5475109,924148110700000;8,681998067000052;49,428225176000069;0
184725;08;1;25;006;2019;11;09;3;3;0;7;0;0;1;1;0;0;0;508282,152254447340000;5454473,435093708300000;9,113787610000031;49,242979275000039;1
184727;08;1;16;050;2019;11;07;3;3;5;2;1;1;1;0;0;0;0;526641,068253230300000;5388753,287246510400000;9,361716771000033;48,651268709000078;0
184728;08;1;16;033;2019;11;12;3;2;6;6;0;0;0;1;0;0;1;533366,225990762930000;5389001,310709722300000;9,453044323000029;48,653176982000048;0
184732;08;1;11;000;2019;11;15;3;3;5;3;0;1;1;0;0;0;0;511388,359572617340000;5400822,060174761300000;9,154958742000076;48,760304080000026;1
184734;08;1;11;000;2019;11;17;3;3;6;4;2;0;1;1;0;0;0;508956,684359821490000;5406429,901610460100000;9,121993811000039;48,810791581000046;1
184738;08;3;11;000;2019;11;10;2;3;3;6;0;1;0;0;0;0;1;414507,099022258070000;5316117,850281829000000;7,854068524000070;47,992643122000061;1
184739;08;1;19;085;2019;11;08;2;2;8;1;0;1;0;0;0;0;0;529335,244814104400000;5413492,957179572400000;9,400059500000054;48,873700428000063;1
184740;08;1;36;088;2019;11;07;2;3;5;3;0;1;1;0;0;0;0;579645,717000002040000;5411033,844000002400000;10,085602086000051;48,847161515000039;0
184742;08;4;17;002;2019;11;09;2;3;6;4;0;0;0;1;0;0;1;488891,795480739330000;5346425,884252212900000;8,850301940000065;48,270942347000073;0
184743;08;4;16;041;2019;11;08;2;3;0;1;0;1;0;0;0;0;0;504191,945418655870000;5373245,202455019600000;9,056759924000062;48,512307696000050;2
184748;08;3;36;019;2019;11;15;2;3;5;3;0;1;1;0;0;0;0;394750,838000001390000;5275836,996000001200000;7,599113563000060;47,627379360000077;0
184750;08;3;35;063;2019;11;13;2;3;5;3;0;1;1;0;0;0;0;497873,405052240940000;5288673,447647396500000;8,971627672000068;47,751427801000034;0
184751;08;3;35;063;2019;11;17;2;3;5;3;1;1;1;0;0;0;0;497802,560409647410000;5287688,515820706300000;8,970687462000058;47,742565556000045;0
184754;08;3;15;006;2019;11;07;2;3;5;2;0;1;1;0;0;0;0;402517,848000001160000;5307443,359999997500000;7,695373114000063;47,912901423000051;1
184761;08;2;12;000;2019;11;16;2;2;5;3;1;1;0;0;0;0;1;460800,433672547340000;5426707,708054266900000;8,464150450000034;48,992026285000065;1
184768;08;2;22;000;2019;11;13;2;1;5;3;0;1;0;0;0;0;1;462436,419816642070000;5478262,529802151000000;8,481685315000050;49,455858481000064;0
184770;08;2;16;007;2019;11;13;2;3;0;7;0;1;0;0;0;0;0;435780,392239926380000;5392308,094158383100000;8,127555721000022;48,680512581000073;1
184771;08;2;12;000;2019;11;11;2;3;5;3;0;1;1;0;0;0;0;454465,849438527600000;5429320,475519996100000;8,377270066000051;49,015093695000076;0
184772;08;1;25;102;2019;11;13;2;3;6;4;0;0;1;1;0;0;0;520557,678785037250000;5444272,046039335400000;9,281916249000062;49,150926538000078;1
184775;08;1;21;000;2019;12;06;4;3;6;4;2;0;1;1;0;0;0;514835,441645422950000;5443123,494646012800000;9,203403087000027;49,140759857000035;0
184778;08;1;18;068;2019;12;18;4;2;0;7;2;0;1;1;0;0;0;501115,184041245840000;5423077,949213950000000;9,015234718000045;48,960617561000049;0
184779;08;1;18;011;2019;12;07;4;3;5;1;0;1;1;0;0;0;0;503072,968294726680000;5409228,169418884400000;9,041876132000027;48,836021446000075;0
184780;08;1;17;026;2019;12;15;4;3;1;1;0;1;0;0;0;1;0;547279,860320239330000;5394518,789180243400000;9,642583105000028;48,701911872000039;0
184781;08;1;17;026;2019;12;09;4;3;0;1;0;1;0;0;0;0;0;549695,584874531250000;5393516,950964955600000;9,675292470000045;48,692712087000075;0
184783;08;1;11;000;2019;12;18;4;3;5;3;2;1;1;0;0;0;0;511715,881726628170000;5406411,846932005100000;9,159574591000023;48,810583266000037;0
184784;08;1;11;000;2019;12;07;4;3;6;4;0;0;1;1;0;0;0;509042,647830128670000;5406839,493648350200000;9,123173692000023;48,814474981000046;0
184785;08;1;11;000;2019;12;18;4;3;6;7;2;0;1;1;0;0;0;513229,773290777580000;5402594,877798639200000;9,180071321000071;48,776215821000051;0
184786;08;4;36;008;2019;12;08;3;2;1;5;0;1;1;0;0;0;0;547402,179700098000000;5311003,433895424000000;9,634851603000072;47,950589006000030;0
184787;08;4;37;100;2019;12;15;3;2;4;2;0;1;1;0;0;0;0;537120,588617593050000;5317503,978345992000000;9,497719475000054;48,009752192000064;0
184789;08;4;21;000;2019;12;15;3;3;6;3;0;0;1;1;0;0;0;572327,119275920090000;5361168,105089807900000;9,977164912000035;48,399520999000060;0
184792;08;4;16;036;2019;12;14;3;3;6;2;0;0;1;1;0;0;0;495364,576985043470000;5368945,203826053100000;8,937283016000038;48,473620042000050;0
184793;08;4;15;061;2019;12;06;3;3;5;3;2;1;1;0;0;0;0;516081,970542320980000;5370733,493587773300000;9,217656129000034;48,489519567000059;0
184794;08;4;15;059;2019;12;17;3;3;0;2;2;1;1;0;0;0;0;516815,035146965650000;5369515,379196357000000;9,227528450000023;48,478541789000076;0
184796;08;3;35;043;2019;12;16;3;3;5;2;1;1;1;0;0;0;0;513794,450373886150000;5280000,965548398000000;9,183765994000055;47,673252278000064;0
184797;08;3;25;057;2019;12;14;3;3;6;4;0;0;1;1;0;0;0;472746,399927535090000;5356577,110354263300000;8,632068130000050;48,361778840000056;0
184801;08;2;37;028;2019;12;21;3;3;6;4;2;0;1;1;0;0;0;456295,863223650490000;5368241,767969746100000;8,408775478000052;48,465790160000040;1
184802;08;2;26;096;2019;12;13;3;3;3;2;0;1;1;0;0;0;0;475072,000000000000000;5488556,758999999600000;8,655381395000063;49,549101546000031;0
184806;08;2;26;032;2019;12;19;3;1;6;4;2;0;1;1;0;0;0;467006,305237427350000;5463147,919826310100000;8,545994387000064;49,320172099000047;0
184807;08;2;22;000;2019;12;15;3;2;0;4;0;0;1;1;0;0;0;463836,122839486230000;5486529,435876254000000;8,500241605000042;49,530300126000043;0
184808;08;2;22;000;2019;12;07;3;3;0;4;1;0;0;1;0;0;1;464323,004588502460000;5483741,627544768200000;8,507221710000067;49,505254123000043;1
184809;08;2;12;000;2019;12;14;3;3;6;7;0;0;1;1;0;0;0;453381,497688716280000;5429548,383660206600000;8,362415123000062;49,017062754000051;0
184810;08;1;36;088;2019;12;05;3;3;4;6;2;1;1;0;0;0;0;582109,968299590050000;5408745,548312038200000;10,118725746000052;48,826259097000047;1
184811;08;1;19;067;2019;12;18;3;2;6;2;2;0;1;1;0;0;0;538763,075213203210000;5405051,214443475000000;9,527828149000072;48,797245062000059;0
184813;08;1;26;066;2019;12;07;3;3;0;1;0;1;0;0;0;0;0;536840,396667908880000;5449464,365512725000000;9,505676552000068;49,196870396000065;2
184814;08;1;25;027;2019;12;13;3;3;6;4;0;0;1;1;0;0;0;517645,915693097750000;5447388,731487419500000;9,242123052000068;49,179052572000046;0
184815;08;1;21;000;2019;12;17;3;3;1;7;2;1;1;0;0;0;0;509472,523311103690000;5447617,811776941600000;9,129980170000067;49,181293888000027;0
184816;08;1;19;084;2019;12;15;3;3;6;7;0;0;1;1;0;0;0;546528,820641215890000;5413882,953301029300000;9,634569060000047;48,876156687000048;0
184818;08;1;19;008;2019;12;07;3;3;6;4;1;0;1;1;0;0;0;531585,632686376570000;5422210,489034663900000;9,431422994000059;48,952008414000034;0
184820;08;1;18;007;2019;12;11;3;3;6;7;0;0;1;1;0;0;0;510062,911941879430000;5427154,538289392400000;9,137571829000024;48,997208119000049;0
184822;08;1;16;049;2019;12;12;3;3;0;7;0;1;0;0;0;0;0;524617,257159490140000;5386075,858915073800000;9,334080069000038;48,627265494000028;0
184823;08;1;16;019;2019;12;18;3;3;0;4;2;0;0;1;1;0;0;524021,050875315440000;5397963,496703717900000;9,326679934000026;48,734229526000036;0
184824;08;1;16;080;2019;12;17;3;2;6;4;2;0;1;1;0;0;0;521135,834457067770000;5394537,449142074200000;9,287266754000029;48,703513550000025;0