OBJECTID;ULAND;UREGBEZ;UKREIS;UGEMEINDE;UJAHR;UMONAT;USTUNDE;UWOCHENTAG;UKATEGORIE;UART;UTYP1;ULICHTVERH;IstRad;IstPKW;IstFuss;IstKrad;IstGkfz;IstSonstige;LINREFX;LINREFY;XGCSWGS84;YGCSWGS84;STRZUSTAND
184825;08;1;16;072;2019;12;17;3;3;6;4;2;0;1;1;0;1;0;530956,410093420190000;5392817,753740808000000;9,420610618000069;48,687633328000061;0
184827;08;1;15;024;2019;12;07;3;3;6;4;2;0;1;1;0;0;0;500928,405877172020000;5387744,036478277300000;9,012603218000038;48,642756560000066;1
184828;08;1;11;000;2019;12;23;3;2;4;2;2;1;1;0;0;0;0;515395,134243275040000;5403250,647839555500000;9,209568558000058;48,782065249000027;0
184829;08;1;11;000;2019;12;17;3;2;6;4;2;0;1;1;0;0;0;507422,534573070700000;5398594,151349557600000;9,100956641000039;48,740321748000042;0
184831;08;4;35;016;2019;12;18;2;2;4;2;2;1;1;0;0;0;0;534014,572802164590000;5278344,310032866900000;9,452997988000050;47,657599054000059;0
184833;08;4;16;041;2019;12;20;2;3;0;7;2;1;0;0;0;0;0;504722,115295148450000;5375076,979074003200000;9,063959288000035;48,528783260000068;0
184834;08;4;15;061;2019;12;06;2;3;6;4;2;0;1;1;0;0;0;515065,213068825190000;5371606,874233488000000;9,203926761000048;48,497402007000062;0
184837;08;3;35;043;2019;12;11;2;3;5;2;0;1;1;0;0;0;0;511448,358221989130000;5280168,740809833600000;9,152516504000062;47,674807663000081;0
184839;08;3;17;065;2019;12;13;2;2;5;2;0;1;1;0;0;0;0;413750,527000001630000;5354707,602000000000000;7,836101485000029;48,339659415000028;0
184842;08;2;12;000;2019;12;08;2;3;5;3;0;1;1;0;0;0;0;458484,894761459900000;5428200,310085797700000;8,432346562000021;49,005301161000034;0
184844;08;2;31;000;2019;12;17;2;3;6;4;2;0;1;1;0;0;0;478789,712000001220000;5415549,186000002500000;8,710636173000069;48,892528800000036;0
184846;08;2;26;082;2019;12;15;2;2;0;1;0;1;0;0;0;0;0;476020,442733095030000;5480926,776376092800000;8,668956490000028;49,480510748000029;0
184850;08;2;22;000;2019;12;17;2;2;5;3;2;0;1;1;0;0;1;461154,980259984730000;5481541,648598486600000;8,463682483000071;49,485271882000063;0
184851;08;2;26;038;2019;12;09;2;3;5;3;0;1;1;0;0;0;0;472475,600697036830000;5480368,449134079700000;8,620059012000070;49,475338381000029;0
184856;08;1;18;071;2019;12;17;2;3;0;4;2;0;0;1;0;0;1;510286,516544081270000;5419189,103697780500000;9,140427445000057;48,925550172000044;0
184857;08;1;18;003;2019;12;07;2;3;6;2;2;0;1;1;0;0;0;510878,437582824380000;5417165,911025298800000;9,148454148000042;48,907339981000064;0
184858;08;1;18;015;2019;12;12;2;3;5;3;0;1;1;0;0;0;0;507681,740810202430000;5429994,750870797800000;9,105072237000059;49,022791716000029;0
184859;08;1;16;049;2019;12;08;2;3;5;3;0;1;0;0;0;0;1;525673,006591198970000;5387204,888217287100000;9,348477279000065;48,637379823000060;0
184861;08;1;16;078;2019;12;07;2;3;4;2;1;1;1;0;0;0;0;512477,524740919470000;5392420,908594956600000;9,169524510000031;48,684706338000069;0
184863;08;1;11;000;2019;12;06;2;3;5;3;1;1;0;0;0;0;1;514226,907259670090000;5403602,706711201000000;9,193678179000074;48,785260154000071;0
184866;08;3;15;074;2019;12;12;1;3;5;3;0;1;0;0;0;0;1;396793,189930747260000;5298265,887801123800000;7,620973197000069;47,829456272000073;0
184869;08;2;26;098;2019;12;17;1;3;5;3;2;1;1;0;0;0;0;478251,181123304180000;5459946,549456941000000;8,700899666000055;49,291879973000050;0
184871;08;2;22;000;2019;12;10;1;3;5;3;0;1;1;0;0;0;0;462210,034080025740000;5478755,513657651800000;8,478514657000062;49,460278597000070;0
184873;08;2;15;017;2019;12;01;1;2;0;1;2;1;0;0;0;0;0;459713,482408211570000;5419768,830374512800000;8,449979555000027;48,929539297000076;0
184874;08;1;17;026;2019;12;17;1;2;6;4;2;0;1;1;0;0;0;548568,243697810920000;5395100,027634875800000;9,660160778000034;48,707041405000041;0
184877;08;3;16;056;2019;11;11;7;3;7;7;0;1;0;0;0;0;1;423037,083832683970000;5327415,271322958200000;7,966351145000033;48,095354420000035;0
184880;08;4;36;049;2019;11;22;7;3;5;3;2;1;1;0;0;0;0;578166,597049035130000;5282894,282534059100000;10,041746736000050;47,694703657000048;0
184881;08;4;21;000;2019;11;20;7;2;0;1;2;1;0;0;0;0;0;573677,373844938350000;5360958,958512464500000;9,995367785000042;48,397483322000028;0
184883;08;4;16;036;2019;11;13;7;2;0;7;0;1;1;0;0;0;0;496383,179070814510000;5370046,037708692300000;8,951055106000069;48,483530303000066;1
184885;08;3;26;074;2019;11;12;7;3;0;5;0;1;1;0;0;0;0;459111,233098476190000;5323558,230825683100000;8,451180238000063;48,063990583000077;0
184887;08;3;17;122;2019;11;12;7;2;5;3;0;1;0;0;0;0;0;417479,746014300730000;5367339,317876309200000;7,883932832000028;48,453778044000046;0
184889;08;2;21;000;2019;11;11;7;3;0;7;0;1;1;0;0;0;0;478672,695656158960000;5473431,934437627000000;8,705974364000042;49,413195145000032;0
184890;08;2;16;015;2019;11;10;7;3;3;5;0;1;1;0;0;0;0;449839,666068489660000;5406198,884032242000000;8,316847938000024;48,806753582000056;0
184891;08;2;16;007;2019;11;10;7;3;4;2;0;1;1;0;0;0;0;435629,218535633760000;5393497,981874845900000;8,125316880000071;48,691200121000065;1
184892;08;1;21;000;2019;11;17;7;3;6;4;0;0;1;1;0;0;0;516436,298593785610000;5443734,552360128600000;9,225376583000070;49,146215767000058;0
184893;08;1;17;024;2019;11;10;7;3;3;2;0;1;1;0;0;0;0;559665,505778360180000;5384810,005138233300000;9,809501729000033;48,613517151000053;0
184896;08;2;25;058;2019;11;07;6;3;2;6;0;1;1;0;0;0;0;507681,398369249890000;5465013,020839717200000;9,105736495000031;49,337792227000079;1
184898;08;1;21;000;2019;11;15;6;3;6;4;0;0;1;1;0;0;0;515949,939118633050000;5441472,630013408100000;9,218618114000037;49,125881836000076;1
184899;08;3;36;081;2019;11;06;6;3;6;2;2;0;1;1;0;0;0;411137,708999999800000;5277169,962000001200000;7,816902904000074;47,641826399000081;1
184900;08;3;15;006;2019;11;15;6;3;6;4;0;0;1;1;0;0;0;403179,795986646790000;5307965,115156343200000;7,704112570000063;47,917694911000069;1
184901;08;3;11;000;2019;11;08;6;3;3;2;0;1;1;0;0;0;0;413688,946999999690000;5315789,490000000200000;7,843170490000034;47,989579490000040;1
184902;08;3;11;000;2019;11;08;6;3;0;7;1;1;0;0;0;0;0;414493,313032166100000;5316219,987795215100000;7,853863430000047;47,993560046000027;1
184903;08;3;16;043;2019;11;17;6;3;6;4;2;0;1;1;0;0;0;411546,475619002250000;5331113,896057382200000;7,811291804000064;48,127132255000049;0
184904;08;1;19;020;2019;11;13;6;3;0;1;0;1;0;0;0;0;0;520045,110642669720000;5406801,789878249200000;9,273039713000060;48,813878252000052;1
184905;08;1;36;088;2019;11;19;6;3;6;4;2;0;1;1;0;0;0;580330,869233694860000;5409700,657027311600000;10,094677829000034;48,835082231000058;1
184907;08;4;37;076;2019;11;17;6;3;6;4;2;0;1;1;0;0;0;524735,874589270910000;5321907,170946985500000;9,331920914000023;48,049967092000031;1
184908;08;4;37;104;2019;11;07;6;3;6;4;2;0;1;1;0;0;0;515914,808469540440000;5326481,474062223000000;9,213725949000036;48,091403128000081;1
184911;08;4;15;053;2019;11;22;6;3;0;1;2;1;0;0;0;0;0;538280,307543009520000;5362227,932854626300000;9,517305324000063;48,412042438000071;1
184912;08;3;37;096;2019;11;07;6;3;5;3;2;1;1;0;0;0;0;422397,659879622050000;5267828,247084548700000;7,968442520000053;47,559232940000072;1
184916;08;3;11;000;2019;11;15;6;3;2;6;0;1;0;0;0;0;0;415322,746439962650000;5317634,539866061900000;7,864699751000046;48,006394915000044;1
184917;08;2;31;000;2019;11;11;6;3;6;2;0;0;1;1;0;0;0;478351,875974209980000;5415902,735443536200000;8,704644291000022;48,895694069000058;1
184918;08;2;26;031;2019;11;19;6;3;6;7;2;0;1;1;0;0;0;473566,205884207970000;5493080,958900928500000;8,634260988000051;49,589730789000043;0
184919;08;2;26;107;2019;11;07;6;3;5;3;0;1;1;0;0;0;0;475555,958070782010000;5483158,193978166200000;8,662406284000042;49,500563135000050;1
184920;08;2;22;000;2019;11;09;6;3;0;1;0;1;0;0;0;0;0;463508,746686128900000;5486873,446680195600000;8,495685856000023;49,533374681000055;1
184921;08;2;22;000;2019;11;11;6;3;5;3;0;1;1;0;0;0;0;462044,051751233640000;5488377,152723426000000;8,475299650000068;49,546809614000040;0
184922;08;2;22;000;2019;11;16;6;3;6;7;0;0;1;1;0;0;0;461736,434771206230000;5481317,946350408700000;8,471731678000026;49,483296737000046;0
184925;08;2;22;000;2019;11;19;6;3;0;1;2;1;1;0;0;0;0;462159,823649770580000;5480761,981327252500000;8,477629941000032;49,478322661000050;1
184929;08;2;21;000;2019;11;17;6;3;0;7;2;1;0;0;0;0;0;477333,602234191260000;5473906,468834439300000;8,687486338000042;49,417415087000052;1
184931;08;2;12;000;2019;11;13;6;3;6;4;0;1;0;1;0;0;0;454776,095355285330000;5428601,750691060000000;8,381592843000021;49,008651531000055;1
184933;08;2;12;000;2019;11;11;6;2;4;6;0;1;0;0;0;0;0;457323,785584439520000;5429161,025236466900000;8,416370080000036;49,013863727000057;1
184935;08;3;17;057;2019;11;12;6;3;6;6;0;1;0;1;0;0;0;412699,643102381380000;5380509,973533697400000;7,816541030000053;48,571595996000042;0
184937;08;1;15;024;2019;11;13;6;3;6;4;0;0;1;1;0;0;0;500733,369112495330000;5387848,653092326600000;9,009955756000068;48,643697968000026;1
184940;08;1;28;115;2019;11;17;5;2;6;4;2;0;1;1;0;0;0;547572,428000000310000;5496982,588999999700000;9,658670779000033;49,623528736000026;1
184942;08;2;25;058;2019;11;21;5;3;6;4;2;0;1;1;0;0;0;507664,360187348910000;5465655,843788681600000;9,105514322000033;49,343574677000049;1
184943;08;3;36;050;2019;11;07;5;2;0;1;1;1;0;0;0;0;0;398602,473721796650000;5273063,719828784500000;7,651006507000034;47,603047418000074;1
184944;08;3;11;000;2019;11;10;5;2;0;2;0;1;1;0;0;0;0;412043,887340707700000;5314753,903276110100000;7,821338621000052;47,980039928000053;0
184945;08;3;16;056;2019;11;01;5;3;6;7;2;0;1;1;0;0;0;420774,081764601170000;5326545,416296973800000;7,936124724000024;48,087252271000068;0
184946;08;3;11;000;2019;11;07;5;3;4;2;0;1;1;0;0;0;0;413617,778990799560000;5316280,072717769100000;7,842118097000025;47,993982849000076;1
184947;08;3;16;011;2019;11;14;5;3;1;5;0;1;1;0;0;0;0;413871,503900757990000;5330637,266207115700000;7,842627001000039;48,123163789000046;1
184948;08;1;19;079;2019;11;09;5;2;4;1;0;1;1;0;0;0;0;525984,809382389300000;5407997,635195300000000;9,354020229000071;48,824415733000080;1
184949;08;1;36;065;2019;11;18;5;2;6;4;2;0;1;1;0;0;0;558887,958999999800000;5405790,787999996900000;9,801947002000077;48,802317058000028;0
184950;08;4;36;082;2019;11;16;5;3;6;4;1;0;1;1;0;0;0;546783,000227918850000;5296574,531098134800000;9,624995857000045;47,820820159000050;0
184951;08;4;36;064;2019;11;15;5;3;5;3;0;1;1;0;0;0;0;545600,314333498480000;5291080,936342727400000;9,608619260000069;47,771479220000060;1
184954;08;3;16;043;2019;11;17;5;3;5;2;2;1;1;0;0;0;0;411790,207540609870000;5331369,730312503900000;7,814513571000020;48,129467327000043;1
184956;08;3;11;000;2019;11;12;5;3;0;1;0;1;0;0;0;0;0;414271,912160510200000;5316184,307766476600000;7,850903504000030;47,993209445000048;1
184957;08;2;12;000;2019;11;11;5;3;6;7;0;0;0;1;0;0;1;455331,331933010370000;5427092,567986341200000;8,389350880000052;48,995116719000066;1
184958;08;2;12;000;2019;11;12;5;2;0;3;0;1;0;0;0;0;0;458875,279118250120000;5428637,305638419500000;8,437639915000034;49,009258147000025;1
184959;08;2;15;009;2019;11;17;5;3;1;5;2;1;1;0;0;0;0;470153,388961810620000;5441054,993529159600000;8,590941721000036;49,121607340000025;1
184960;08;2;12;000;2019;11;07;5;3;6;4;1;0;1;1;0;0;0;457892,653424849730000;5428453,320340737700000;8,424222783000062;49,007536904000062;1
184961;08;2;31;000;2019;11;08;5;2;6;4;0;0;1;1;0;0;0;478104,786830977540000;5415288,058155074700000;8,701306125000031;48,890155957000047;1
184962;08;2;31;000;2019;11;15;5;2;6;4;0;0;1;1;0;0;0;477066,884006329810000;5415428,265867956000000;8,687139431000048;48,891379674000063;1
184963;08;2;36;046;2019;11;09;5;2;8;7;0;1;0;0;0;0;1;486798,831491434950000;5416883,533661266800000;8,819857654000032;48,904754636000064;1
184964;08;2;36;040;2019;11;07;5;3;0;3;2;1;1;0;0;0;0;488278,220962947230000;5421942,183453885800000;8,839899811000066;48,950290473000052;1
184968;08;2;22;000;2019;11;17;5;3;6;4;2;0;1;1;0;0;0;461878,652905717490000;5481375,705262750400000;8,473689491000073;49,483825198000034;0
184969;08;2;22;000;2019;11;15;5;3;5;3;0;1;0;0;0;1;0;464289,405861202630000;5476685,333041843000000;8,507394574000045;49,441784008000070;0
184970;08;2;22;000;2019;11;14;5;3;6;7;0;0;1;1;0;0;0;464819,382467541840000;5484156,430201426100000;8,514040571000066;49,509014064000041;0
184971;08;2;21;000;2019;11;09;5;3;4;2;0;1;1;0;0;0;0;474675,739000000990000;5474406,091000001900000;8,650809759000026;49,421804244000043;1
184973;08;2;15;103;2019;11;10;5;3;5;3;0;1;1;0;0;0;0;466557,288375275210000;5443131,103718834000000;8,541485277000049;49,140097069000035;1
184974;08;2;15;017;2019;11;13;5;3;5;3;0;1;1;0;0;0;0;456999,769371788950000;5421422,562036706100000;8,412757494000061;48,944232394000039;0
184975;08;2;12;000;2019;11;07;5;3;0;1;1;1;0;0;0;0;0;455157,321197284390000;5428119,452345112300000;8,386858810000035;49,004341034000049;1
184979;08;1;16;019;2019;11;06;5;3;5;3;2;1;1;0;0;0;0;520450,383685246110000;5399594,667545422900000;9,278201427000056;48,749030833000063;1
184980;08;1;16;019;2019;11;16;5;3;6;4;2;0;1;1;0;0;0;523281,078232420610000;5398443,241563618200000;9,316643769000052;48,738573348000045;1
184982;08;1;15;045;2019;11;08;5;3;5;3;0;1;1;0;0;0;0;501316,733387413430000;5394976,880680715700000;9,017897842000025;48,707823436000069;0
184985;08;1;18;048;2019;11;11;5;3;6;4;0;0;1;1;0;0;0;513641,051738771610000;5415490,260198196400000;9,186098399000059;48,892211595000049;0
184987;08;2;35;066;2019;11;06;4;3;6;7;2;0;1;1;0;0;0;463931,323462612930000;5385773,392661349800000;8,510544346000074;48,623988943000029;0
184988;08;1;21;000;2019;11;16;4;3;1;5;1;1;1;0;0;0;0;516504,436605880040000;5443495,293464414800000;9,226301092000028;49,144061730000033;1
184989;08;3;11;000;2019;11;11;4;3;6;4;0;0;0;1;0;0;1;410071,004349253140000;5316740,634763173800000;7,794490699000050;47,997636700000044;1
184990;08;3;11;000;2019;11;21;4;2;0;1;2;1;0;0;0;0;0;410343,648938377390000;5316195,570226548200000;7,798258571000076;47,992772021000064;0
184991;08;1;19;008;2019;11;10;4;3;5;3;0;1;1;0;0;0;0;531890,361860058270000;5421588,228408031200000;9,435536392000074;48,946395266000081;0
184992;08;1;36;088;2019;11;08;4;3;5;2;0;1;1;0;0;0;0;579067,162288477640000;5409329,776931271000000;10,077388821000056;48,831908645000055;1
184994;08;4;35;016;2019;11;15;4;3;0;1;0;1;0;0;0;0;0;536117,879118962210000;5281780,630800310500000;9,481292538000048;47,688402942000039;1
184995;08;4;21;000;2019;11;08;4;2;0;1;0;1;0;0;0;0;0;571362,271524651910000;5360419,891216574200000;9,964004241000055;48,392900560000044;1
184998;08;1;11;000;2019;11;10;4;3;6;7;0;0;1;1;0;0;0;510661,959379217590000;5405939,448973529000000;9,145207563000042;48,806352604000040;0
184999;08;3;37;116;2019;11;07;4;3;5;2;2;1;1;0;0;0;0;417633,629841070620000;5275745,977534156300000;7,903639514000076;47,629875274000028;1
185000;08;3;36;069;2019;11;06;4;3;5;3;1;1;1;0;0;0;0;409112,878368748350000;5268503,200950086100000;7,791747593000025;47,563580751000075;1
185001;08;3;35;063;2019;11;11;4;2;0;1;0;1;0;0;0;0;0;497261,608877604830000;5287644,342852739600000;8,963471770000069;47,742166036000071;0
185003;08;3;17;065;2019;11;06;4;3;5;3;2;1;1;0;0;0;0;413766,563161185940000;5354700,813422642600000;7,836319229000026;48,339600542000028;1
185008;08;2;26;006;2019;11;07;4;3;5;6;2;1;1;0;0;0;0;483767,470000000670000;5466635,957000002300000;8,776489479000077;49,352222940000047;1
185009;08;2;22;000;2019;11;16;4;3;5;3;1;1;1;0;0;0;0;462482,800416861660000;5480984,920276010400000;8,482067179000069;49,480347932000029;1
185018;08;1;17;019;2019;11;06;4;3;5;3;2;1;1;0;0;0;0;551313,905272803270000;5393331,618837103200000;9,697258453000075;48,690913955000042;1
185019;08;1;16;079;2019;11;12;4;3;0;4;0;0;0;1;1;0;0;534935,872692225500000;5377732,126147510500000;9,473407771000041;48,551714370000070;1
185020;08;1;15;045;2019;11;15;4;3;5;2;0;1;1;0;0;0;0;500776,926611455160000;5395083,883842969300000;9,010560661000056;48,708786950000047;0
185023;08;1;11;000;2019;11;09;4;3;6;4;0;0;1;1;0;0;0;508178,067748405970000;5397338,283538829500000;9,111207987000057;48,729014480000046;0
185028;08;3;11;000;2019;11;08;3;3;5;3;0;1;1;0;0;0;0;411925,566823149100000;5315216,141840623700000;7,819658611000023;47,984181625000076;0
185029;08;3;36;006;2019;11;12;3;3;2;6;0;1;0;0;0;0;1;391529,353139624930000;5287498,854480164100000;7,553351404000068;47,731744216000038;0
185034;08;4;35;016;2019;11;06;3;3;0;7;1;1;0;0;0;0;0;535192,035523381080000;5278246,190186185800000;9,468670723000059;47,656653245000030;1
185035;08;4;15;061;2019;11;14;3;3;5;2;0;1;1;0;0;0;0;516194,290000000970000;5371348,977000001800000;9,219200134000062;48,495053785000039;1
185036;08;4;15;061;2019;11;15;3;3;0;1;0;1;0;0;0;0;0;513300,487430727110000;5370284,149504093500000;9,179996970000047;48,485542126000041;1
185037;08;1;16;077;2019;12;07;4;3;5;3;1;1;1;0;0;0;0;516534,171712562440000;5389350,429389666800000;9,224516554000047;48,656989828000064;0
185038;08;1;16;056;2019;12;16;4;3;1;7;0;1;1;0;0;0;0;532038,944709933360000;5395628,945632187600000;9,435536914000068;48,712867685000049;1
185039;08;1;16;019;2019;12;20;4;3;6;4;2;0;1;1;0;0;0;521720,611215066160000;5398194,094935467500000;9,295407175000037;48,736388411000064;1
185040;08;1;16;019;2019;12;09;4;3;6;4;0;0;1;1;0;0;0;522958,151654581540000;5399696,498749006500000;9,312321594000025;48,749859489000073;0
185043;08;1;11;000;2019;12;19;4;2;6;4;1;0;1;1;0;0;0;513165,786094569600000;5403270,019010009200000;9,179222013000072;48,782290693000050;1
185044;08;1;11;000;2019;12;17;4;3;6;2;2;0;1;1;0;0;0;507991,949611076150000;5406433,729380872100000;9,108853818000057;48,810839172000044;0
185045;08;4;26;128;2019;12;07;3;3;2;7;2;1;1;0;0;0;0;558953,522765651350000;5333432,351235196000000;9,792634104000058;48,151405860000068;1
185046;08;4;21;000;2019;12;18;3;3;6;4;2;0;0;1;0;0;1;573744,287600480020000;5361083,860271582400000;9,996293575000038;48,398599015000059;0
185047;08;4;17;002;2019;12;18;3;3;2;2;2;1;1;0;0;0;0;488867,493480531500000;5346300,251346465200000;8,849977747000025;48,269811635000053;1
185048;08;4;16;015;2019;12;10;3;3;5;2;0;1;1;0;0;0;0;506541,895971369000000;5366484,972280405500000;9,088472944000046;48,451469748000079;0
185050;08;4;15;059;2019;12;12;3;3;6;7;0;0;1;1;0;0;0;516885,690821779890000;5368280,524679234300000;9,228434629000049;48,467430685000068;0
185052;08;3;35;043;2019;12;12;3;3;0;1;0;1;0;0;0;0;0;513032,633325529280000;5279344,942118220000000;9,173597744000062;47,667365404000066;0
185053;08;3;27;050;2019;12;17;3;3;6;1;1;0;0;1;0;0;1;486279,724810011680000;5314652,452677778900000;8,816124182000067;47,985027501000047;0
185055;08;3;27;050;2019;12;19;3;2;6;4;2;0;1;1;0;0;0;486922,342006377880000;5314719,127570312500000;8,824734309000064;47,985640849000049;0
185058;08;3;17;096;2019;12;16;3;2;5;3;0;1;1;0;0;0;0;421746,882210195060000;5368250,085373135300000;7,941464001000043;48,462515493000069;0
185059;08;3;16;017;2019;12;16;3;3;0;1;2;1;0;0;0;0;0;412783,652999999930000;5340087,624000001700000;7,826073422000036;48,208022001000074;0
185060;08;3;11;000;2019;12;09;3;3;6;4;0;1;0;1;0;0;0;414186,459735732530000;5315750,551292950300000;7,849845056000049;47,989296175000050;0
185061;08;3;11;000;2019;12;15;3;3;1;5;0;1;1;0;0;0;0;413573,863267556760000;5316832,577921636400000;7,841418293000061;47,998946893000038;0
185062;08;3;11;000;2019;12;19;3;3;5;2;2;1;1;0;0;0;0;414452,929583833550000;5318024,298878904400000;7,852962444000070;48,009785108000074;0
185063;08;2;36;040;2019;12;12;3;3;2;6;0;1;1;0;0;0;0;488891,965337196360000;5422182,690684847500000;8,848275956000066;48,952465325000048;0
185064;08;2;31;000;2019;12;07;3;3;0;4;2;0;1;1;0;0;0;477807,281879616900000;5415599,194208383600000;8,697230730000058;48,892944248000049;0
185065;08;2;22;000;2019;12;11;3;3;5;2;0;1;1;0;0;0;0;463582,559504789300000;5486025,586821157500000;8,496784207000076;49,525753097000063;0
185066;08;2;22;000;2019;12;12;3;2;5;3;0;1;1;0;0;0;0;462328,627379477960000;5481431,454388689200000;8,479896341000028;49,484354730000064;1
185067;08;2;22;000;2019;12;15;3;3;2;6;0;1;1;0;0;0;0;462312,299882974480000;5481248,377146635200000;8,479688377000059;49,482707030000029;0
185068;08;2;22;000;2019;12;15;3;3;5;3;0;1;1;0;0;0;0;464374,400458496060000;5484524,508354788600000;8,507860938000022;49,512298757000053;0
185069;08;2;22;000;2019;12;12;3;3;6;4;0;0;1;1;0;0;0;462043,321034451020000;5481846,892440803300000;8,475917593000077;49,488073602000043;0
185071;08;2;16;043;2019;12;15;3;3;5;3;0;1;1;0;0;0;0;441850,102554623040000;5411281,328767139500000;8,207324419000031;48,851774103000025;0
185073;08;2;12;000;2019;12;15;3;3;5;2;0;1;1;0;0;0;0;454143,478312354530000;5425696,465552792000000;8,373270698000056;48,982471561000068;0
185074;08;2;15;066;2019;12;23;3;1;0;1;2;1;0;0;0;0;0;460208,375781946820000;5453881,372379694100000;8,453378378000025;49,236416334000069;0
185075;08;2;12;000;2019;12;12;3;2;5;2;0;1;1;0;0;0;0;461865,979705573990000;5427811,741000341300000;8,478611951000062;49,002024063000079;0
185077;08;2;15;046;2019;12;10;3;2;6;4;0;1;0;1;0;0;0;451392,617812309410000;5414396,119976043700000;8,337024054000040;48,880613247000042;0
185082;08;1;25;006;2019;12;17;3;3;6;7;1;0;1;1;0;0;0;508217,424543968400000;5453902,722009006900000;9,112886623000065;49,237846456000057;0
185084;08;1;19;067;2019;12;19;3;3;6;4;2;0;1;1;0;0;0;538354,194289442150000;5406036,624514062000000;9,522352796000064;48,806134731000043;0
185086;08;1;15;045;2019;12;16;3;2;6;4;0;0;1;1;0;0;0;499005,350220255550000;5396769,812426805500000;8,986475792000022;48,723953357000028;0
185088;08;1;16;033;2019;12;17;3;2;3;6;2;1;0;0;0;0;1;533571,940090493300000;5388522,742125175900000;9,455798598000058;48,648860818000060;0
185091;08;1;16;033;2019;12;16;3;3;6;3;1;0;1;1;0;0;0;533103,430356394500000;5387820,372497521300000;9,449381812000070;48,642567368000073;0
185094;08;1;15;028;2019;12;07;3;3;0;1;1;1;0;0;0;0;0;502322,109346841460000;5404888,443833854000000;9,031619423000052;48,796984959000042;2
185095;08;1;15;003;2019;12;06;3;3;0;1;2;1;0;0;0;0;0;501966,205136661420000;5392919,367086360200000;9,026716060000069;48,689312152000070;1
185096;08;1;11;000;2019;12;12;3;3;5;3;0;1;1;0;0;0;0;512809,883315732700000;5403456,501624429600000;9,174383047000049;48,783975707000081;0
185098;08;1;11;000;2019;12;15;3;3;6;2;0;0;0;1;0;0;1;511713,625886988830000;5406412,949488712500000;9,159543897000049;48,810593227000027;0
185099;08;1;11;000;2019;12;07;3;3;6;4;0;1;0;1;0;0;0;511408,130815630780000;5395717,683899316900000;9,155086448000077;48,714384773000063;0
185100;08;4;36;011;2019;12;17;2;3;5;2;2;1;1;0;0;0;0;549066,562993136230000;5297912,597097976100000;9,655652616000054;47,832688430000076;1
185101;08;4;35;016;2019;12;10;2;3;8;1;0;1;0;0;0;0;0;537250,169740064070000;5278139,323870059100000;9,496069834000025;47,655576493000069;0
185104;08;3;35;075;2019;12;13;2;3;5;3;0;1;1;0;0;0;0;489894,329648273070000;5289265,345782320900000;8,865159908000067;47,756677749000062;1
185105;08;3;35;063;2019;12;17;2;3;5;2;2;1;1;0;0;0;0;495137,679547399280000;5288853,475109476600000;8,935126529000058;47,753032785000073;1
185110;08;3;11;000;2019;12;07;2;1;6;3;2;0;0;1;0;0;1;412341,226570347320000;5314145,461302354900000;7,825446424000063;47,974607605000074;1
185112;08;3;11;000;2019;12;17;2;3;5;2;1;1;1;0;0;0;0;413884,532241843640000;5319180,232539368800000;7,845110620000071;48,020106775000045;1
185113;08;3;11;000;2019;12;16;2;3;5;2;1;1;1;0;0;0;0;414734,082261355590000;5315677,904215013600000;7,857197728000074;47,988715935000073;1
185115;08;2;22;000;2019;12;10;2;3;5;3;0;1;1;0;0;0;0;467607,478000001050000;5484260,898000001900000;8,552543432000050;49,510109057000079;0
185116;08;2;22;000;2019;12;10;2;3;3;6;0;1;1;0;0;0;0;461816,402863106690000;5481623,582129605100000;8,472806155000058;49,486050807000026;1
185118;08;2;21;000;2019;12;09;2;3;5;3;0;1;1;0;0;0;0;477143,881885170010000;5472562,512430314000000;8,684947979000071;49,405319320000046;1
185119;08;2;21;000;2019;12;22;2;2;1;5;2;1;1;0;0;0;0;477109,657714847480000;5474728,357353298000000;8,684351330000027;49,424799441000062;1
185120;08;2;15;009;2019;12;20;2;3;5;3;2;1;1;0;0;0;0;469474,627000002190000;5442249,153000002700000;8,581548925000050;49,132315682000069;1
185122;08;1;27;076;2019;12;17;2;3;6;4;2;0;1;1;0;0;0;553588,917599903420000;5440638,877557424800000;9,734377837000068;49,116253143000051;1
185124;08;1;21;000;2019;12;16;2;3;4;2;2;1;1;0;0;0;0;514901,846000000830000;5441522,482999999100000;9,204254349000053;49,126356589000068;1
185126;08;1;19;085;2019;12;17;2;3;6;4;2;0;1;1;0;0;0;528938,240874054840000;5414318,852672833900000;9,394703942000035;48,881148506000045;1
185127;08;1;19;067;2019;12;15;2;3;6;4;0;0;0;1;0;0;1;538814,973714993340000;5406715,002848045900000;9,528692110000065;48,812208498000075;0
185131;08;1;18;079;2019;12;07;2;3;4;2;1;1;1;0;0;0;0;509459,593784667550000;5422763,223367450800000;9,129221632000053;48,957715019000034;1
185132;08;1;16;050;2019;12;17;2;3;5;3;2;1;1;0;0;0;0;526786,871000000280000;5388425,887000003800000;9,363675173000047;48,648317188000078;1
185133;08;1;16;019;2019;12;17;2;2;6;4;2;0;1;1;0;0;0;525925,221725778650000;5396839,350228173700000;9,352504968000062;48,724040526000067;1