OBJECTID;ULAND;UREGBEZ;UKREIS;UGEMEINDE;UJAHR;UMONAT;USTUNDE;UWOCHENTAG;UKATEGORIE;UART;UTYP1;ULICHTVERH;IstRad;IstPKW;IstFuss;IstKrad;IstGkfz;IstSonstige;LINREFX;LINREFY;XGCSWGS84;YGCSWGS84;STRZUSTAND
185135;08;1;11;000;2019;12;16;2;3;4;7;2;1;1;0;0;0;0;512065,131598521020000;5403419,768207058300000;9,164243586000055;48,783660149000070;1
185136;08;1;11;000;2019;12;17;2;3;6;4;2;0;1;1;0;0;0;514223,781820192930000;5403614,991538159500000;9,193636056000059;48,785370739000030;1
185137;08;1;11;000;2019;12;19;2;3;5;2;2;1;1;0;0;0;0;513675,126000000160000;5402755,605000000400000;9,186138359000040;48,777652080000053;1
185138;08;1;11;000;2019;12;07;2;3;5;3;1;1;1;0;0;0;0;507783,937964611690000;5398446,223158143500000;9,105869419000044;48,738986573000034;1
185140;08;1;11;000;2019;12;18;2;2;5;2;2;1;1;0;0;0;0;518089,124385358770000;5406934,325491646300000;9,246402825000075;48,815130545000045;0
185141;08;1;11;000;2019;12;17;2;3;6;4;2;0;1;1;0;0;0;515566,177191168070000;5406507,670512950000000;9,212020328000051;48,811360757000045;1
185142;08;1;11;000;2019;12;17;2;3;6;2;2;0;1;1;0;0;0;512081,024360814130000;5402669,828254500400000;9,164437896000038;48,776913437000076;1
185143;08;4;21;000;2019;12;02;1;3;0;1;2;1;0;0;0;0;0;572638,513565942650000;5360893,358943000400000;9,981323781000071;48,397013788000038;0
185147;08;3;17;150;2019;12;11;1;3;0;7;0;1;0;0;0;0;0;407581,394849707370000;5360034,526611784500000;7,751701231000027;48,386699972000031;1
185148;08;3;36;050;2019;12;19;1;3;6;7;0;0;1;1;0;0;0;400472,089114505800000;5275227,406130893200000;7,675381475000052;47,622800395000070;0
185149;08;3;11;000;2019;12;17;1;3;1;7;2;1;1;0;0;0;0;413199,149641942230000;5317158,167784875300000;7,836330284000042;48,001824913000064;0
185150;08;2;35;006;2019;12;14;1;3;5;3;0;1;1;0;0;0;0;471765,772611658090000;5381582,991646220900000;8,617140852000034;48,586694682000029;1
185152;08;2;15;017;2019;12;17;1;3;6;7;2;1;0;1;0;0;0;455761,757000000220000;5421255,927000002900000;8,395869358000027;48,942646167000078;1
185155;08;1;36;065;2019;12;18;1;1;6;4;2;0;1;1;0;0;0;559555,308553456330000;5405712,176227856400000;9,811022743000024;48,801546361000078;1
185156;08;1;26;094;2019;12;17;1;3;6;6;2;0;1;1;0;0;0;538248,085702426730000;5454461,820888785600000;9,525474220000035;49,241735771000037;1
185157;08;1;16;056;2019;12;13;1;2;5;3;0;1;1;0;0;0;0;530335,021000001580000;5395864,922999998600000;9,412391795000076;48,715075725000077;0
185158;08;1;16;049;2019;12;18;1;3;6;4;2;0;1;1;0;0;0;525339,907620406710000;5386176,770830269900000;9,343893123000044;48,628144438000049;1
185160;08;4;26;021;2019;12;14;7;2;0;7;0;1;0;0;0;0;0;559010,027720486750000;5327721,798075605200000;9,792602902000056;48,100027759000056;0
185161;08;4;26;021;2019;12;23;7;2;5;3;2;1;1;0;0;0;0;558560,582000000400000;5328014,928999999500000;9,786606922000033;48,102706293000040;0
185162;08;4;17;002;2019;12;15;7;3;0;7;0;1;0;0;0;0;0;488773,935843918470000;5346467,109514324000000;8,848712533000025;48,271311161000028;1
185163;08;4;16;041;2019;12;08;7;3;0;7;0;1;0;0;0;0;0;504442,836242610590000;5374627,013862172100000;9,060171764000074;48,524737253000069;1
185165;08;4;15;080;2019;12;17;7;2;6;4;2;0;1;1;0;0;0;510741,444232892250000;5374582,329999676000000;9,145475907000048;48,524259071000074;1
185167;08;3;17;001;2019;12;12;7;3;5;3;0;1;1;0;0;0;0;432046,470551520590000;5386909,632363243000000;8,077722105000021;48,631558183000038;1
185168;08;3;15;108;2019;12;18;7;3;5;3;2;1;0;0;0;0;0;404969,219456921330000;5304274,227581564300000;7,728870029000063;47,884762660000035;1
185169;08;2;31;000;2019;12;05;7;3;0;7;2;1;1;0;0;0;0;476436,706329811360000;5415403,734585661400000;8,678543909000041;48,891135356000063;1
185171;08;2;26;095;2019;12;18;7;3;3;2;2;1;1;0;0;0;0;473912,828851712870000;5461952,056495707500000;8,641106685000068;49,309749619000058;0
185172;08;2;25;001;2019;12;17;7;3;6;2;2;0;1;1;0;0;0;528428,145904826930000;5472231,411385830500000;9,391832251000039;49,402106366000055;1
185175;08;2;22;000;2019;12;16;7;3;6;4;2;0;1;1;0;0;0;461781,250740086660000;5483666,970576113100000;8,472123204000070;49,504427769000074;1
185178;08;2;11;000;2019;12;14;7;3;3;6;0;1;1;0;0;0;0;440811,850000001490000;5403722,211000001100000;8,194263391000050;48,783681592000050;1
185179;08;2;12;000;2019;12;19;7;3;2;6;2;1;1;0;0;0;0;456682,370662905280000;5428473,921851707600000;8,407672053000056;49,007638451000048;1
185181;08;1;21;000;2019;12;17;7;3;8;6;2;1;1;0;0;0;0;516023,179567353800000;5444651,689534626900000;9,219748372000026;49,154476622000061;1
185183;08;1;17;018;2019;12;00;7;3;0;1;2;1;0;0;0;0;0;538525,629114471380000;5395024,484408726900000;9,523656851000055;48,707063085000073;2
185187;08;1;16;033;2019;12;12;7;3;5;3;0;1;1;0;0;0;0;533746,006359917110000;5388401,727162431900000;9,458151915000030;48,647762807000049;1
185188;08;1;16;046;2019;12;12;7;2;6;7;0;0;1;1;0;0;0;527753,845591435210000;5378027,852231202600000;9,376108001000034;48,554733780000049;1
185197;08;4;26;128;2019;12;09;6;3;6;4;0;0;1;1;0;0;0;559353,680000000630000;5330922,355000000400000;9,797663805000070;48,128788474000032;0
185199;08;4;25;072;2019;12;18;6;3;6;4;2;0;1;1;0;0;0;582669,328228369360000;5371650,122793184600000;10,118935308000061;48,492532988000050;0
185201;08;3;17;034;2019;12;14;6;3;5;3;0;1;1;0;0;0;0;427211,859222550880000;5361030,623116511900000;8,016631313000062;48,398231255000042;0
185202;08;3;17;096;2019;12;17;6;3;0;7;1;1;0;0;0;0;0;422080,847252991980000;5369816,891886929100000;7,945688836000045;48,476650257000074;0
185203;08;3;17;065;2019;12;06;6;3;5;3;2;1;1;0;0;0;0;414568,574413983150000;5354628,450943512800000;7,847154394000029;48,339058621000049;2
185204;08;3;17;057;2019;12;17;6;3;8;7;2;1;0;0;0;0;0;413348,911915727890000;5380288,231367386900000;7,825386898000033;48,569691676000048;1
185208;08;3;11;000;2019;12;19;6;3;5;3;0;1;1;0;0;0;0;413209,674332366320000;5317152,143822206200000;7,836472569000023;48,001772155000026;0
185213;08;2;31;000;2019;12;07;6;3;4;7;1;1;0;0;0;0;1;477682,231023782860000;5414795,986133467400000;8,695568588000072;48,885714367000048;1
185214;08;2;26;096;2019;12;16;6;3;6;7;1;0;1;1;0;0;0;475891,876004460270000;5486119,671718528500000;8,666864656000030;49,527214065000067;0
185216;08;2;22;000;2019;12;15;6;3;6;4;0;0;1;1;0;0;0;462065,322000000630000;5481475,084000000700000;8,476257032000035;49,484730755000044;0
185217;08;2;15;017;2019;12;10;6;3;6;7;0;0;1;1;0;0;0;456647,272089764480000;5421152,546928646000000;8,407972533000077;48,941778940000063;0
185219;08;2;12;000;2019;12;17;6;3;6;3;2;0;1;1;0;0;0;456267,482725210490000;5428253,487772477800000;8,402022915000032;49,005626360000065;0
185225;08;1;18;048;2019;12;07;6;3;3;6;2;1;1;0;0;0;0;513822,044267742890000;5415704,168897695800000;9,188574818000063;48,894131850000065;0
185226;08;1;18;003;2019;12;07;6;2;0;1;0;1;0;0;0;0;0;511297,166008389550000;5417688,576206574200000;9,154182830000025;48,912034237000057;1
185227;08;1;15;045;2019;12;17;6;2;6;7;2;1;0;1;0;0;0;500625,729933087710000;5394085,879362037400000;9,008503952000069;48,699808992000044;0
185230;08;1;15;003;2019;12;17;6;2;6;4;2;0;1;1;0;0;0;500352,410990592090000;5390591,804817464200000;9,004786445000036;48,668376120000062;0
185231;08;1;11;000;2019;12;17;6;3;6;4;2;0;1;1;0;0;0;513512,490154901520000;5408603,634897347500000;9,184117133000029;48,830263794000075;0
185234;08;3;36;008;2019;12;18;5;3;5;2;1;1;1;0;0;0;0;396897,754524502900000;5276126,303783085200000;7,627612753000051;47,630327082000065;0
185237;08;3;26;061;2019;12;17;5;2;6;4;2;0;1;1;0;0;0;470316,648000000040000;5319286,309000000400000;8,601874077000048;48,026176471000042;1
185238;08;3;26;074;2019;12;07;5;2;6;1;1;0;1;1;0;0;0;459808,145673822610000;5322894,835787801100000;8,460596303000045;48,058066519000079;0
185240;08;3;17;026;2019;12;12;5;3;4;1;0;1;1;0;0;0;0;412270,775981787590000;5345586,449306430300000;7,818032929000026;48,257412729000066;0
185243;08;3;11;000;2019;12;17;5;3;5;2;2;1;1;0;0;0;0;413415,026544225400000;5315255,279662072700000;7,839607639000064;47,984737047000067;0
185244;08;3;11;000;2019;12;13;5;3;3;2;0;1;0;0;1;0;0;412301,040479311720000;5317007,398283422000000;7,824323484000047;48,000346112000045;0
185245;08;2;12;000;2019;12;15;5;3;5;3;0;1;1;0;0;0;0;453353,293562118900000;5426080,320898884900000;8,362427749000062;48,985865202000070;0
185246;08;2;12;000;2019;12;09;5;3;0;1;0;1;0;0;0;0;0;462254,084143931980000;5427894,791495204000000;8,483910369000057;49,002794978000054;2
185247;08;2;37;028;2019;12;10;5;3;6;4;0;0;1;1;0;0;0;456787,328812735160000;5368473,941457903000000;8,415399617000048;48,467912749000050;1
185248;08;2;31;000;2019;12;14;5;3;6;7;0;0;1;1;0;0;0;478513,588122182530000;5415118,412943769200000;8,706891824000024;48,888644194000051;0
185249;08;2;31;000;2019;12;12;5;3;6;4;0;0;1;1;0;0;0;478701,677235480400000;5415348,793091677100000;8,709445610000046;48,890723112000046;0
185250;08;2;26;062;2019;12;18;5;3;5;2;2;1;1;0;0;0;0;469774,469482460060000;5468259,808853950400000;8,583696537000037;49,366296082000076;1
185251;08;2;26;084;2019;12;16;5;3;1;5;1;1;1;0;0;0;0;468873,834625661370000;5470697,143681658400000;8,571101504000069;49,388174022000044;0
185253;08;2;21;000;2019;12;12;5;3;0;1;0;1;0;0;0;0;0;478690,462835482320000;5473080,003787277300000;8,706238196000072;49,410030202000030;0
185254;08;2;16;015;2019;12;05;5;3;5;2;2;1;1;0;0;0;0;450969,252428277400000;5404867,241031287200000;8,332390086000032;48,794865175000041;0
185255;08;2;16;043;2019;12;15;5;3;6;4;0;0;1;1;0;0;0;441983,529955471870000;5410685,072646589900000;8,209227531000067;48,846423272000038;0
185257;08;2;15;046;2019;12;16;5;3;6;4;2;0;1;1;0;0;0;450804,474532964640000;5415101,877724343900000;8,328917761000071;48,886915267000063;0
185258;08;2;12;000;2019;12;13;5;3;5;3;0;1;0;0;0;1;0;455150,721292707140000;5430932,189824171400000;8,386457687000075;49,029641336000054;0
185259;08;2;12;000;2019;12;08;5;3;2;2;0;1;1;0;0;0;0;455798,691268558610000;5428849,312532395100000;8,395548388000066;49,010952468000028;0
185260;08;1;27;014;2019;12;10;5;3;6;7;0;0;1;1;0;0;0;577625,367441073060000;5443476,156634323300000;10,064266990000021;49,139206335000040;0
185262;08;1;21;000;2019;12;11;5;3;6;3;0;0;1;1;0;0;0;517170,089999999850000;5443061,166999999400000;9,235409642000036;49,140138375000049;0
185263;08;1;19;085;2019;12;21;5;3;0;1;2;1;0;0;0;0;0;529977,136609395970000;5413218,405725950400000;9,408792949000031;48,871199974000035;2
185264;08;1;19;085;2019;12;14;5;2;6;7;0;0;1;1;0;0;0;528316,760440838520000;5412008,761953240300000;9,386067530000048;48,860396523000077;0
185265;08;1;19;001;2019;12;17;5;3;6;2;2;0;1;1;0;0;0;552786,178222047170000;5410389,753899073200000;9,719450984000048;48,844233734000056;0
185268;08;1;18;048;2019;12;11;5;3;6;7;0;1;0;1;0;0;0;512474,691520836200000;5415496,238672629000000;9,170186560000047;48,892289956000070;0
185269;08;1;18;048;2019;12;17;5;3;3;2;2;1;1;0;0;0;0;512890,085547974330000;5416040,308528298500000;9,175870732000021;48,897175764000053;0
185273;08;1;16;019;2019;12;10;5;3;5;3;0;1;1;0;0;0;0;523395,651407944040000;5398383,860478514800000;9,318198671000062;48,738034870000035;0
185277;08;4;35;059;2019;12;15;4;3;0;1;0;1;0;0;0;0;0;512854,141934609970000;5290686,571527626400000;9,171554872000058;47,769416313000079;0
185279;08;4;16;036;2019;12;09;4;3;6;7;0;0;1;1;0;0;0;495018,817539613690000;5369699,468873683400000;8,932595927000023;48,480403091000028;0
185280;08;4;16;041;2019;12;11;4;3;6;7;0;0;0;1;0;0;1;504151,256182065230000;5373761,794211514300000;9,056214124000064;48,516955418000066;0
185281;08;4;15;061;2019;12;13;4;3;6;4;0;0;1;1;0;0;0;515540,933960113670000;5371516,298233307900000;9,210362830000065;48,496575566000047;0
185282;08;4;15;050;2019;12;17;4;3;6;4;2;0;1;1;0;0;0;520593,575961074790000;5377191,132134210300000;9,279035169000053;48,547482542000068;0
185284;08;3;35;022;2019;12;16;4;3;6;7;0;0;1;1;0;0;0;483128,733658744020000;5300410,592094777200000;8,774453332000064;47,856814678000035;0
185286;08;3;17;065;2019;12;17;4;3;6;4;2;0;1;1;0;0;0;417024,838027440010000;5354852,503605723400000;7,880249371000048;48,341401349000080;0
185287;08;3;11;000;2019;12;07;4;3;5;1;1;1;1;0;0;0;0;417010,815033944320000;5315368,326950805300000;7,887766133000071;47,986230633000048;0
185289;08;3;11;000;2019;12;16;4;3;5;3;0;1;1;0;0;0;0;414411,901893187310000;5315288,683970427100000;7,852958091000062;47,985171705000027;0
185290;08;3;36;091;2019;12;13;4;3;5;3;0;1;1;0;0;0;0;395855,983438467610000;5272178,083461342400000;7,614688392000062;47,594645497000045;0
185295;08;2;26;032;2019;12;07;4;3;5;3;1;1;0;0;0;0;0;467181,092632374730000;5463618,271964807100000;8,548360758000058;49,324412261000077;1
185296;08;2;21;000;2019;12;15;4;2;6;4;0;0;1;1;0;0;0;477263,087194290940000;5475061,698980523300000;8,686447921000024;49,427803543000039;0
185297;08;2;21;000;2019;12;18;4;3;3;5;1;1;1;0;0;0;0;477278,312211682090000;5472568,518880179200000;8,686800613000060;49,405378382000038;0
185298;08;2;26;085;2019;12;14;4;3;0;7;0;0;0;1;0;1;0;490219,969363389540000;5455199,499299604400000;8,865615529000024;49,249488270000029;0
185305;08;2;22;000;2019;12;22;4;3;3;2;2;1;1;0;0;0;0;461983,076000002210000;5482132,782000001500000;8,475058308000030;49,490641257000050;0
185306;08;2;12;000;2019;12;07;4;3;5;2;2;1;1;0;0;0;0;457026,846647962000000;5428505,576633920900000;8,412378827000055;49,007947274000060;1
185307;08;2;12;000;2019;12;09;4;3;5;3;0;1;1;0;0;0;0;456504,397000001740000;5425518,453000001600000;8,405554974000040;48,981041076000054;1
185310;08;1;28;039;2019;12;15;4;3;1;1;0;1;1;0;0;0;0;523783,512298628690000;5510901,619077961900000;9,330153384000028;49,750127337000038;1
185313;08;1;19;079;2019;12;07;4;3;5;3;0;1;1;0;0;0;0;522540,326725525780000;5407508,458661278700000;9,307066049000071;48,820149773000026;1
185314;08;1;15;003;2019;12;12;4;3;6;4;0;0;1;1;0;0;0;500896,388075873260000;5392691,345543755200000;9,012179292000042;48,687263300000041;0
185317;08;1;16;035;2019;12;07;4;3;5;3;2;1;1;0;0;0;0;526755,152088396250000;5391631,894733507200000;9,363451857000030;48,677159679000056;0
185321;08;1;15;003;2019;12;18;4;3;6;2;2;0;1;1;0;0;0;501066,246320250440000;5392276,238077787700000;9,014486097000031;48,683528681000041;0
185322;08;1;15;003;2019;12;10;4;3;1;5;0;1;1;0;0;0;0;500520,437796291900000;5392507,293651329400000;9,007070995000049;48,685607976000028;0
185323;08;1;15;003;2019;12;16;4;3;5;3;2;1;1;0;0;0;0;501022,533310761680000;5392397,337120469700000;9,013892509000073;48,684618174000036;0
185328;08;4;36;004;2019;12;18;3;3;6;7;2;0;1;1;0;0;0;581514,169673972760000;5310404,072536105300000;10,091527910000025;47,941763843000047;0
185329;08;4;35;016;2019;12;10;3;3;6;3;0;0;1;1;0;0;0;530983,314989981240000;5279805,082487676300000;9,412733142000036;47,670894612000041;1
185332;08;3;35;043;2019;12;13;3;2;0;1;0;1;0;0;0;0;0;511828,005296649410000;5279879,715283205700000;9,157566363000058;47,672200273000044;1
185333;08;3;27;050;2019;12;12;3;3;5;3;0;1;1;0;0;0;0;486149,183638810180000;5315396,826635062700000;8,814350693000051;47,991721938000069;0
185337;08;3;17;065;2019;12;17;3;3;5;3;2;1;1;0;0;0;0;415816,918820508760000;5354676,091265497700000;7,863987059000067;48,339654722000034;0
185338;08;3;17;057;2019;12;09;3;3;2;6;0;1;0;0;0;0;1;414840,296865418550000;5380215,355891574200000;7,845614220000073;48,569240640000032;0
185339;08;3;11;000;2019;12;11;3;3;6;2;0;0;1;1;0;0;0;413263,331960292530000;5315857,058887397900000;7,837453521000043;47,990129710000076;0
185342;08;2;31;000;2019;12;07;3;3;6;4;2;0;1;1;0;0;0;481175,758550382220000;5417476,189119374400000;8,743098899000074;48,909940590000076;1
185343;08;2;26;095;2019;12;15;3;3;6;7;0;0;1;1;0;0;0;473134,856338589450000;5461501,828265558900000;8,630434279000042;49,305666108000025;0
185346;08;2;21;000;2019;12;15;3;3;2;6;0;1;0;0;0;0;0;477796,464164951820000;5472944,438608069000000;8,693921774000046;49,408778849000043;0
185347;08;2;16;041;2019;12;09;3;3;5;3;0;1;0;0;0;1;0;435030,164352121760000;5391689,415320921700000;8,117462109000030;48,674869900000033;0
185349;08;2;16;009;2019;12;12;3;3;5;3;0;1;1;0;0;0;0;446649,001724956560000;5419723,606473306200000;8,271633043000065;48,928144083000063;0
185350;08;2;15;021;2019;12;11;3;3;5;3;0;1;1;0;0;0;0;468874,851010373790000;5445584,061170628300000;8,573069592000024;49,162283545000037;0
185351;08;2;12;000;2019;12;17;3;3;6;3;2;1;0;1;0;0;0;455999,053999999540000;5429209,594000000500000;8,398249126000053;49,014207556000031;0
185352;08;2;12;000;2019;12;07;3;3;6;4;2;0;1;1;0;0;0;462079,481897032820000;5421606,000156128800000;8,482109513000069;48,946214785000052;0
185353;08;2;11;000;2019;12;00;3;3;6;7;2;0;0;1;0;0;1;444154,787000001410000;5401536,435000002400000;8,240063771000052;48,764329279000037;0
185355;08;1;21;000;2019;12;11;3;3;6;2;0;0;1;1;0;0;0;512457,677570534870000;5440374,452445991300000;9,170717715000023;49,116084017000048;0
185356;08;1;19;086;2019;12;07;3;3;5;3;0;1;1;0;0;0;0;534691,069694714620000;5406248,455470105600000;9,472483800000020;48,808255549000080;0
185357;08;1;18;078;2019;12;12;3;3;6;7;0;0;1;1;0;0;0;514087,893825424840000;5419834,700966766100000;9,192344381000055;48,931282900000042;0
185358;08;1;18;048;2019;12;14;3;3;6;2;0;0;0;1;0;0;1;513823,912510192950000;5415458,181505346700000;9,188591983000038;48,891918971000052;0
185359;08;1;18;046;2019;12;11;3;1;6;2;0;0;1;1;0;0;0;513337,874032061550000;5412419,106825057400000;9,181862129000024;48,864590831000044;0
185360;08;1;16;077;2019;12;17;3;3;6;4;2;0;1;1;0;0;0;514636,726613053120000;5391559,385620165600000;9,198829590000059;48,676909122000040;0
185361;08;1;15;042;2019;12;15;3;3;6;4;0;0;1;1;0;0;0;495861,700473502280000;5406165,297065094100000;8,943637234000050;48,808461993000037;0
185364;08;1;15;003;2019;12;16;3;3;6;3;2;0;1;1;0;0;0;500285,272378348750000;5392629,528073156300000;9,003875974000039;48,686707762000026;0
185365;08;1;11;000;2019;12;18;3;2;6;4;2;0;0;1;0;0;1;511127,495202726680000;5402446,637297412400000;9,151453178000054;48,774923412000078;0
185366;08;1;11;000;2019;12;19;3;3;6;4;2;0;1;1;0;0;0;516518,564464037310000;5405577,927469341100000;9,224954877000073;48,802972340000053;0
185367;08;4;21;000;2019;12;13;2;3;5;3;0;1;0;0;0;0;1;572663,312424073000000;5360709,664841173200000;9,981626964000043;48,395358558000055;0
185368;08;4;26;070;2019;12;13;2;2;5;3;0;1;1;0;0;0;0;565478,258385966530000;5342343,609044067600000;9,881723638000040;48,230931562000080;0
185371;08;4;16;041;2019;12;16;2;3;0;7;2;1;0;0;0;0;0;504530,401142695920000;5374826,812411487100000;9,061359874000061;48,526534086000026;1
185372;08;4;16;041;2019;12;06;2;2;5;3;2;1;1;0;0;0;0;502394,084565657190000;5376151,687539542100000;9,032433163000064;48,538464910000073;1
185374;08;3;36;091;2019;12;15;2;3;0;7;0;1;0;0;0;0;0;397147,745031568220000;5272093,657538443800000;7,631885971000031;47,594092265000029;0
185375;08;3;36;081;2019;12;10;2;3;4;2;0;1;0;0;0;0;1;412123,018483042720000;5278492,883368089800000;7,829752469000027;47,653861734000031;0
185376;08;3;35;043;2019;12;11;2;3;5;3;0;1;1;0;0;0;0;513533,647019878960000;5280264,463484328200000;9,180299826000066;47,675628653000047;1
185378;08;3;26;003;2019;12;10;2;3;6;7;0;0;1;1;0;0;0;465413,253915812820000;5318320,419648308300000;8,536187674000075;48,017239777000043;0
185379;08;3;26;074;2019;12;17;2;2;6;6;1;1;0;1;0;0;0;468415,821810943070000;5322382,792893378100000;8,576151619000029;48,053943983000067;1
185380;08;3;15;074;2019;12;07;2;2;5;3;2;1;0;0;0;0;0;397160,279252612030000;5296530,896108008900000;7,626288557000066;47,813909042000034;0
185383;08;3;11;000;2019;12;19;2;3;6;4;2;0;1;1;0;0;0;417523,138864722100000;5314769,382449146400000;7,894746084000076;47,980909078000082;0
185384;08;3;11;000;2019;12;14;2;3;4;6;0;1;0;0;0;0;0;412409,395000000480000;5315353,733000000900000;7,826113220000025;47,985485741000048;0
185387;08;2;26;031;2019;12;15;2;3;6;1;0;0;1;1;0;0;0;474873,235082319010000;5493220,784634046300000;8,652335796000045;49,591044183000065;0
185389;08;2;22;000;2019;12;16;2;3;3;3;0;1;0;0;0;0;1;460143,932075455780000;5483749,026391360900000;8,449501378000036;49,505060421000053;0
185390;08;2;21;000;2019;12;17;2;2;0;7;1;1;0;0;0;0;0;476255,318402768110000;5469569,223818348700000;8,672878934000039;49,378361099000074;0
185392;08;2;22;000;2019;12;15;4;3;5;3;0;1;1;0;0;0;0;462892,733681080860000;5480887,157255740800000;8,487735327000053;49,479493802000036;0
185393;08;2;15;108;2019;12;10;2;3;6;4;0;0;1;1;0;0;0;449705,537479884920000;5424915,527229201000000;8,312717524000050;48,975101600000073;0
185394;08;2;15;108;2019;12;08;2;3;5;3;1;1;1;0;0;0;0;450530,176467556510000;5425734,282973561400000;8,323885921000056;48,982532906000074;0
185396;08;2;15;009;2019;12;12;2;2;6;4;0;0;1;1;0;0;0;470233,459225203840000;5441722,335617229300000;8,591989836000039;49,127614094000080;0
185399;08;1;26;066;2019;12;13;2;3;6;4;0;0;1;1;0;0;0;535721,838999998760000;5451052,076000001300000;9,490464896000049;49,211217998000052;0
185400;08;1;25;056;2019;12;11;2;3;6;4;0;0;1;1;0;0;0;511069,809926923360000;5435857,452441988500000;9,151574940000046;49,075478194000027;0
185401;08;1;21;000;2019;12;07;2;3;6;4;1;0;0;1;0;0;1;516750,132308102210000;5442963,882850268900000;9,229647839000052;49,139274868000030;0
185403;08;1;19;079;2019;12;11;2;3;6;6;0;0;0;1;0;0;1;523100,479058627040000;5408582,634742397800000;9,314757374000067;48,829792220000058;0
185404;08;1;19;067;2019;12;11;2;3;1;5;0;1;1;0;0;0;0;539412,045098417440000;5405482,404408799500000;9,536706007000021;48,801083044000052;0
185405;08;2;15;109;2019;12;07;4;3;5;3;2;1;0;0;0;0;1;461098,895510489120000;5434063,058384604800000;8,467524701000059;49,058207925000033;1
185410;08;1;17;007;2019;12;16;2;3;9;1;0;1;0;0;0;0;0;558689,057763293390000;5383320,260256944200000;9,796044622000068;48,600208704000067;1
185411;08;1;16;019;2019;12;14;2;3;3;6;0;1;0;0;0;0;1;522435,409386136570000;5398349,321213603000000;9,305136965000031;48,737759480000079;0
185414;08;1;11;000;2019;12;11;2;3;5;3;0;1;0;0;0;0;1;512578,892795278690000;5401729,339678663800000;9,171185713000057;48,768442998000069;0
185416;08;4;25;020;2019;12;14;1;3;0;1;0;1;0;0;0;0;0;557803,968050145540000;5362506,164714109200000;9,781157683000060;48,413056815000061;0
185417;08;4;16;041;2019;12;18;1;3;6;4;2;0;1;1;0;0;0;503621,147553228770000;5373694,107570955500000;9,049035087000050;48,516349766000076;1
185418;08;4;15;061;2019;12;10;1;2;0;1;0;1;0;0;0;0;0;515466,494735660960000;5370868,648036640100000;9,209331238000061;48,490750914000046;1
185422;08;2;21;000;2019;12;16;1;3;6;7;2;0;0;1;0;0;1;479108,122250233780000;5473322,833146229400000;8,711982968000029;49,412228902000038;0
185425;08;2;15;017;2019;12;15;1;3;0;5;0;1;1;0;0;0;0;456854,396866449150000;5421519,040184382300000;8,410762073000058;48,945090113000049;1
185426;08;2;12;000;2019;12;05;1;3;5;3;2;1;1;0;0;0;0;454367,169188898060000;5428335,236225510000000;8,376031348000026;49,006224112000041;1
185431;08;4;16;041;2019;12;12;7;3;0;7;0;0;0;1;0;0;1;504545,712541722690000;5373760,843645062300000;9,061555631000033;48,516944135000074;1
185435;08;2;35;046;2019;12;11;7;3;6;7;0;0;1;1;0;0;0;479875,951284831390000;5377664,924381522500000;8,727303770000049;48,551760124000054;1
185438;08;2;22;000;2019;12;18;7;3;1;5;2;1;1;0;0;0;0;461500,949541972020000;5482218,661148080600000;8,468392990000041;49,491383294000059;0
185440;08;2;21;000;2019;12;12;7;3;0;3;0;1;1;0;0;0;0;482141,366000000390000;5474453,320000002200000;8,753748188000031;49,422494089000054;1
185441;08;1;36;043;2019;12;15;7;3;6;4;0;0;1;1;0;0;0;569993,369543273000000;5408269,005512591500000;9,953585053000040;48,823456503000045;0
185443;08;1;26;066;2019;12;06;7;2;6;6;2;1;0;1;0;0;0;537143,319149188700000;5449477,243940552700000;9,509835528000053;49,196967958000073;1
185444;08;1;17;019;2019;12;19;7;3;0;1;2;1;0;0;0;0;0;552255,836783105510000;5392256,247966306300000;9,709920511000064;48,681162377000078;1
185445;08;1;15;028;2019;12;17;7;3;6;2;2;0;1;1;0;0;0;500559,001089003870000;5404059,372431112500000;9,007610612000065;48,789530767000031;0
185446;08;1;15;004;2019;12;08;7;3;0;7;0;0;1;1;0;0;0;487426,056253593420000;5373801,715145990300000;8,829729424000050;48,517202366000049;1
185451;08;4;36;081;2019;12;18;6;3;6;4;2;0;1;1;0;0;0;561999,231551310050000;5281480,544447323300000;9,826105267000060;47,683738392000066;1
185452;08;4;35;016;2019;12;09;6;3;5;3;0;1;1;0;0;0;0;536898,848751892340000;5280236,008513558700000;9,491568466000047;47,674461302000054;1
185454;08;4;16;041;2019;12;07;6;3;5;3;1;1;1;0;0;0;0;502391,431301673870000;5376158,815427165500000;9,032397260000039;48,538529045000075;1
185456;08;4;15;059;2019;12;18;6;3;6;3;2;0;1;1;0;0;0;516418,130931737830000;5368641,571186257500000;9,222123565000061;48,470691178000038;1
185457;08;4;15;078;2019;12;17;6;3;6;4;2;0;1;1;0;0;0;529443,828514607620000;5370950,009974166800000;9,398509533000038;48,490983383000071;1
185463;08;3;11;000;2019;12;16;6;3;0;7;0;1;0;0;0;0;0;413777,576603143480000;5315605,871163310500000;7,844395023000061;47,987939726000036;1