OBJECTID;ULAND;UREGBEZ;UKREIS;UGEMEINDE;UJAHR;UMONAT;USTUNDE;UWOCHENTAG;UKATEGORIE;UART;UTYP1;ULICHTVERH;IstRad;IstPKW;IstFuss;IstKrad;IstGkfz;IstSonstige;LINREFX;LINREFY;XGCSWGS84;YGCSWGS84;STRZUSTAND
185465;08;3;11;000;2019;12;12;6;3;5;2;0;1;1;0;0;0;0;414803,935000001450000;5316557,483000002800000;7,857959167000047;47,996637415000066;1
185467;08;2;26;009;2019;12;11;4;2;0;7;0;1;0;0;0;0;1;466239,159227214750000;5472911,519878277600000;8,534610414000042;49,407951292000064;1
185468;08;2;26;098;2019;12;07;6;3;5;2;2;1;1;0;0;0;0;477890,277307846580000;5460427,406514413700000;8,695909807000021;49,296192343000030;1
185471;08;2;22;000;2019;12;08;6;3;3;6;1;1;1;0;0;0;0;467608,552146876230000;5483203,297317484400000;8,552645012000028;49,500596471000051;1
185472;08;2;26;018;2019;12;10;6;3;5;3;0;1;1;0;0;0;0;473482,951000000350000;5472075,331000000200000;8,634518712000045;49,400788716000079;1
185473;08;2;16;007;2019;12;07;6;3;5;3;2;1;1;0;0;0;0;436040,827620489520000;5393478,472209824200000;8,130912254000066;48,691066955000053;1
185474;08;2;15;007;2019;12;20;6;3;6;3;2;0;0;1;0;0;1;478590,300982862710000;5431667,438123900400000;8,707067699000049;49,037514549000036;1
185476;08;2;12;000;2019;12;16;6;3;1;5;0;1;1;0;0;0;0;452209,551200419660000;5431963,955536395300000;8,346103234000054;49,038701118000063;1
185477;08;2;12;000;2019;12;10;6;3;0;6;0;1;1;0;0;0;0;456065,429239657710000;5428549,120049057500000;8,399228302000040;49,008271254000078;1
185478;08;2;12;000;2019;12;17;6;2;6;4;2;0;1;1;0;0;0;458974,171860604550000;5432215,543945463400000;8,438630208000063;49,041451501000040;1
185479;08;2;12;000;2019;12;07;6;2;6;2;2;0;1;1;0;0;0;453579,149537448770000;5431066,862496350000000;8,364944381000043;49,030736415000035;1
185481;08;2;12;000;2019;12;20;6;3;0;7;2;0;1;1;0;0;0;455308,278590318750000;5431586,891791785100000;8,388540786000021;49,035541854000030;1
185483;08;1;36;028;2019;12;20;6;3;8;1;2;0;1;1;0;0;0;568694,703983219340000;5404375,779583087200000;9,935243144000026;48,788583012000061;1
185487;08;1;25;056;2019;12;17;6;3;4;2;2;1;1;0;0;0;0;511313,597688409500000;5435872,908349897700000;9,154913458000067;49,075612795000040;1
185489;08;1;19;020;2019;12;19;6;3;6;4;2;0;1;1;0;0;0;520102,831435966310000;5406978,751949317800000;9,273834604000058;48,815468304000035;1
185492;08;1;16;047;2019;12;16;6;3;5;3;1;1;1;0;0;0;0;520105,431000001730000;5392365,317000001700000;9,273156514000050;48,684007127000029;0
185496;08;1;15;045;2019;12;08;6;3;5;3;0;1;1;0;0;0;0;499254,193466668950000;5395541,637135082900000;8,989861523000059;48,712904969000078;1
185501;08;1;11;000;2019;12;16;6;3;9;1;0;1;0;0;0;0;0;513037,347844003700000;5399419,321628617100000;9,177351612000052;48,747652749000054;1
185502;08;1;11;000;2019;12;08;6;3;6;1;0;0;1;1;0;0;0;510392,852890763430000;5403057,642508631600000;9,141469647000065;48,780432682000026;2
185504;08;4;36;010;2019;12;18;5;2;6;4;2;0;1;1;0;0;0;566788,034592314620000;5306590,121872259300000;9,893771612000023;47,909157514000071;1
185505;08;4;36;064;2019;12;17;5;3;3;6;2;1;1;0;0;0;0;545585,070486396550000;5290435,633033864200000;9,608348105000061;47,765674476000072;0
185507;08;4;26;087;2019;12;19;5;2;0;3;2;1;1;0;0;0;0;570697,563380421140000;5325405,110940575600000;9,949181863000035;48,077997423000056;2
185510;08;4;15;061;2019;12;18;5;3;6;7;2;0;1;1;0;0;0;514259,142063385810000;5369883,147359594700000;9,192956791000029;48,481913542000029;1
185512;08;2;22;000;2019;12;11;4;3;6;1;0;0;0;1;0;0;1;461873,007987796330000;5481485,763354972000000;8,473600947000023;49,484814759000074;0
185515;08;3;35;063;2019;12;07;5;3;5;2;2;1;1;0;0;0;0;498124,708173995840000;5287374,006314711600000;8,974986077000040;47,739736745000073;1
185516;08;4;36;082;2019;12;13;5;2;1;2;0;1;1;0;0;0;0;547902,496222226880000;5295298,392919708000000;9,639809709000076;47,809256455000082;0
185517;08;3;27;050;2019;12;08;5;3;0;1;0;1;0;0;0;0;0;485758,161367094140000;5314383,640138920400000;8,809143269000060;47,982597549000047;2
185519;08;3;17;096;2019;12;07;5;3;5;2;1;1;0;0;0;0;1;420280,040775704200000;5368587,784321060400000;7,921561192000070;48,465368858000033;0
185525;08;2;26;096;2019;12;12;5;3;6;4;0;0;1;1;0;0;0;476107,216970736160000;5488740,071900874400000;8,669681439000044;49,550792107000063;0
185526;08;2;12;000;2019;12;13;4;3;1;5;0;1;1;0;0;0;0;455013,762384788130000;5428408,373977184300000;8,384864014000073;49,006929463000063;0
185527;08;2;22;000;2019;12;11;5;3;0;1;0;1;0;0;0;0;0;462995,673999999650000;5482668,136000001800000;8,488989647000039;49,495519091000062;1
185528;08;2;22;000;2019;12;19;5;3;6;2;2;0;1;1;0;0;0;463078,853656554590000;5478808,027061376700000;8,490498593000041;49,460804364000069;1
185531;08;2;15;109;2019;12;10;5;2;6;7;0;0;0;1;0;1;0;461041,227000000890000;5434353,895000001400000;8,466707386000053;49,060820395000064;1
185533;08;2;12;000;2019;12;12;5;3;5;3;0;1;0;0;0;0;0;454040,619656851520000;5428248,636195072900000;8,371576298000036;49,005420907000030;1
185535;08;1;19;020;2019;12;10;5;3;2;6;0;1;1;0;0;0;0;519304,900134682660000;5409014,073233876400000;9,263061362000030;48,833802946000048;1
185538;08;1;17;019;2019;12;07;5;2;1;5;2;1;1;0;0;0;0;552177,379615730610000;5394686,014034740600000;9,709161613000049;48,703025681000042;1
185541;08;1;11;000;2019;12;18;5;3;5;2;2;1;1;0;0;0;0;516138,874065890910000;5405541,861244870300000;9,219782759000054;48,802657868000040;0
185545;08;4;15;061;2019;12;19;4;3;6;4;2;0;0;1;0;0;1;516392,949091402810000;5370426,727548377600000;9,221852895000041;48,486751756000046;1
185548;08;3;37;126;2019;12;17;4;3;6;3;2;0;1;1;0;0;0;441265,218399650420000;5274761,306229077300000;8,218290176000039;47,623591025000053;1
185551;08;3;15;132;2019;12;17;4;3;2;1;2;1;1;0;0;0;0;411404,822107015180000;5325257,137025659900000;7,810604615000045;48,074430503000031;1
185552;08;3;11;000;2019;12;13;4;1;1;3;0;1;0;0;0;1;0;411766,780492257330000;5321110,953160516900000;7,816318107000029;48,037185042000033;1
185553;08;3;11;000;2019;12;18;4;3;4;2;2;1;1;0;0;0;0;414851,850000000560000;5316649,331000000200000;7,858583103000058;47,997470009000040;1
185554;08;3;11;000;2019;12;17;4;3;6;4;2;1;1;1;0;0;0;412853,686999999920000;5314766,381000001000000;7,832185515000049;47,980262999000047;1
185555;08;3;11;000;2019;12;16;4;3;0;1;0;1;0;0;0;0;0;416278,830785391850000;5315470,876716293400000;7,877937910000071;47,987057718000074;1
185556;08;2;31;000;2019;12;12;4;3;6;6;0;0;1;1;0;0;0;479827,250231689770000;5414741,068278865900000;8,724830627000074;48,885293874000070;0
185560;08;2;26;063;2019;12;07;4;3;5;2;2;1;1;0;0;0;0;470800,652567250650000;5471212,755432102800000;8,597613222000064;49,392907279000042;0
185564;08;2;22;000;2019;12;17;4;3;6;4;2;0;0;1;0;0;1;461088,797854340640000;5481964,848329735900000;8,462727118000032;49,489074094000046;1
185565;08;2;21;000;2019;12;15;4;3;6;4;0;0;1;1;0;0;0;477255,273738224060000;5470333,303779941100000;8,686610997000059;49,385272068000063;1
185566;08;2;21;000;2019;12;16;4;3;3;6;2;1;1;0;0;0;0;476960,293841893780000;5472843,705063810600000;8,682401101000039;49,407841681000036;0
185568;08;2;12;000;2019;12;18;4;2;6;4;2;0;1;1;0;0;0;461783,994616917330000;5427633,521100929000000;8,477507827000068;49,000415861000079;1
185569;08;2;12;000;2019;12;16;4;2;0;7;2;0;0;1;0;0;1;453169,589619792070000;5428844,590332692500000;8,359598331000029;49,010716061000039;1
185571;08;1;36;088;2019;12;17;4;3;6;4;1;0;1;1;0;0;0;581107,118463383060000;5413270,875015312800000;10,105960916000072;48,867092473000071;1
185572;08;1;21;000;2019;12;21;4;3;2;6;2;1;0;0;0;0;1;516683,023067648520000;5442908,457279199700000;9,228725471000075;49,138778123000066;1
185573;08;1;19;020;2019;12;07;4;3;6;4;1;0;1;1;0;0;0;519232,472568287510000;5409522,869596956300000;9,262098303000073;48,838382214000035;1
185574;08;1;19;020;2019;12;07;4;3;5;2;1;1;1;0;0;0;0;520708,669782979410000;5406815,632341764900000;9,282078812000066;48,813981014000035;0
185576;08;1;18;076;2019;12;11;4;3;6;2;0;0;0;1;0;0;1;504780,858367360200000;5422986,196078661800000;9,065311019000035;48,959774698000047;0
185577;08;1;18;048;2019;12;20;4;3;6;2;2;0;1;1;0;0;0;513824,214547715150000;5415452,314294371800000;9,188595905000057;48,891866184000037;1
185593;08;4;36;064;2019;12;03;3;3;0;1;2;1;0;0;0;0;0;546453,478391879240000;5293087,170781411200000;9,620220261000043;47,789468379000027;1
185594;08;4;36;055;2019;12;14;3;3;6;3;0;0;1;1;0;0;0;576443,418171620000000;5300384,305399199900000;10,021863492000023;47,852252097000076;0
185596;08;4;21;000;2019;12;10;3;3;0;1;0;1;0;0;0;0;0;570678,562000000850000;5360595,687000000800000;9,954799213000058;48,394558907000032;2
185597;08;4;21;000;2019;12;10;3;3;0;7;0;0;0;1;0;0;1;570356,997241141270000;5360406,116434633700000;9,950424045000034;48,392889622000041;0
185598;08;3;11;000;2019;12;22;3;3;6;4;2;0;1;1;0;0;0;411185,615798098040000;5316245,167981419700000;7,809531381000056;47,993335666000064;0
185599;08;2;26;098;2019;12;11;3;3;9;2;0;1;0;0;0;0;0;478502,068680494090000;5459879,429474672300000;8,704353555000068;49,291285105000043;0
185600;08;2;12;000;2019;12;13;3;3;5;2;0;1;1;0;0;0;0;452293,061118780640000;5428403,683195779100000;8,347664502000043;49,006682948000048;0
185603;08;1;11;000;2019;12;12;3;3;6;4;0;0;1;1;0;0;0;515981,182659721930000;5405456,275992363700000;9,217631968000035;48,801892029000044;0
185605;08;1;11;000;2019;12;16;3;3;0;7;0;1;0;0;0;0;0;513392,138289815750000;5404371,779733551700000;9,182339168000056;48,792197195000028;2
185607;08;4;25;020;2019;12;11;2;2;6;1;0;0;1;1;0;0;0;558232,537877475840000;5362040,699213933200000;9,786884162000035;48,408830170000044;0
185608;08;4;15;061;2019;12;16;2;3;5;3;1;1;1;0;0;0;0;516195,894957015290000;5370929,260284965900000;9,219205581000040;48,491277827000033;0
185610;08;3;37;128;2019;12;11;2;3;6;7;0;0;1;1;0;0;0;448455,014755867420000;5288018,757381929100000;8,312406935000070;47,743480920000081;0
185611;08;3;36;091;2019;12;09;2;3;2;3;0;1;1;0;0;0;0;395925,481999999840000;5271941,341000000000000;7,615668750000054;47,592527111000038;0
185613;08;3;26;074;2019;12;17;2;2;6;4;2;0;1;1;0;0;0;464728,762193414380000;5322875,756562607400000;8,526633603000050;48,058185903000037;1
185615;08;3;11;000;2019;12;13;2;3;5;3;0;1;1;0;0;0;0;415018,627436752430000;5318437,071279237000000;7,860464100000058;48,013573633000078;0
185616;08;2;26;032;2019;12;11;2;3;6;4;0;0;1;1;0;0;0;467159,178256931710000;5462866,483181884500000;8,548121070000036;49,317648867000059;0
185618;08;2;22;000;2019;12;22;2;3;6;2;2;0;1;1;0;0;0;465188,191880886440000;5477304,468066260200000;8,519737913000029;49,447405025000080;1
185621;08;1;27;014;2019;12;13;2;3;0;1;0;1;0;0;0;0;0;577091,710730870250000;5443927,011903379100000;10,057037952000030;49,143328468000050;0
185622;08;1;18;048;2019;12;14;2;3;6;7;0;0;0;1;0;0;1;513804,441478840080000;5415870,573738224800000;9,188340287000074;48,895629176000057;0
185625;08;1;15;045;2019;12;12;2;3;6;7;0;0;1;1;0;0;0;500565,032273774040000;5394375,667793519800000;9,007679440000061;48,702416011000025;0
185629;08;1;11;000;2019;12;09;2;3;5;3;0;1;1;0;0;0;0;515248,620827486740000;5403684,002140453100000;9,207590213000060;48,785967268000036;0
185631;08;3;17;034;2019;12;19;1;3;0;1;2;1;0;0;0;0;0;430686,032462500970000;5366295,379196252700000;8,062690369000052;48,445980964000057;2
185633;08;3;11;000;2019;12;22;1;3;5;3;2;1;1;0;0;0;0;414163,435314200820000;5315486,424147404700000;7,849589334000029;47,986917158000040;0
185634;08;2;26;098;2019;12;11;1;3;0;3;0;1;1;0;0;0;0;477773,643706290980000;5460051,527414383400000;8,694326597000043;49,292807068000059;0
185638;08;1;27;076;2019;12;02;1;2;0;7;2;0;1;1;0;0;0;557298,818178161980000;5440254,501759527300000;9,785158577000061;49,112461268000061;0
185640;08;4;16;036;2019;12;01;7;3;0;7;2;1;0;0;0;0;0;495220,994989640080000;5369338,413773389500000;8,935335866000060;48,477156454000067;1
185641;08;3;16;009;2019;12;15;7;3;8;3;0;1;0;0;0;0;1;416366,725968308750000;5325464,261881500500000;7,877164267000069;48,076963815000056;0
185645;08;2;15;110;2019;12;17;7;3;6;7;2;0;1;1;0;0;0;461909,104000001210000;5418792,532000001500000;8,480045613000073;48,920896185000061;0
185646;08;2;12;000;2019;12;11;7;3;4;6;0;1;1;0;0;0;0;456663,252833130770000;5424887,412708587900000;8,407793152000068;48,975375927000073;0
185649;08;1;18;048;2019;12;15;7;3;0;7;0;1;0;0;0;0;0;513849,432944914330000;5415935,578477513000000;9,188956326000039;48,896212937000030;0
185650;08;1;17;015;2019;12;02;7;3;8;2;2;1;1;0;0;0;1;559292,077999998820000;5392872,276999998800000;9,805590312000049;48,686075015000029;1
185653;08;4;37;044;2019;12;19;6;2;0;7;2;1;0;0;0;0;0;533184,836533485910000;5322872,215832658100000;9,445365960000061;48,058265992000031;1
185654;08;3;17;096;2019;12;08;6;3;3;6;0;1;1;0;0;0;0;422309,023617479020000;5373839,010191096000000;7,948027446000026;48,512857015000066;1
185655;08;3;15;015;2019;12;10;6;3;0;1;0;1;0;0;0;1;0;394878,593998285940000;5320532,342434981800000;7,589964122000026;48,029423591000068;1
185656;08;4;15;050;2019;12;15;6;3;0;1;0;1;0;0;0;0;0;521005,235464338210000;5376306,078674752300000;9,284568291000028;48,539506752000079;1
185658;08;2;26;103;2019;12;14;6;3;0;3;0;1;1;0;0;0;0;472217,063663538550000;5457252,588592484600000;8,618104431000063;49,267403271000035;1
185663;08;2;15;009;2019;12;12;6;3;0;7;0;1;1;0;0;0;0;470307,238876967690000;5441885,456998869800000;8,592989097000043;49,129084970000065;1
185665;08;1;15;003;2019;12;11;6;3;6;7;0;0;1;1;0;1;0;500584,925797119740000;5392689,821684943500000;9,007947428000023;48,687249961000077;0
185668;08;3;11;000;2019;12;20;5;3;6;4;2;1;0;1;0;0;0;413711,721243868580000;5315423,731969725300000;7,843549182000061;47,986292434000063;0
185673;08;1;28;115;2019;12;16;5;3;0;1;0;1;0;0;0;0;0;548654,064880075860000;5497465,566417105500000;9,673705557000062;49,627786473000072;0
185674;08;4;26;021;2019;12;21;4;2;0;1;2;1;0;0;0;0;0;558225,488259317350000;5327327,048318440100000;9,782012395000038;48,096548706000078;1
185679;08;4;36;082;2019;12;14;3;3;5;3;0;1;1;0;0;0;0;546992,775265963750000;5294050,202952142800000;9,627524511000047;47,798093622000067;1
185680;08;4;21;000;2019;12;10;3;3;6;7;0;0;1;1;0;0;0;570436,400770187380000;5360892,763937270300000;9,951578156000039;48,397258308000062;1
185683;08;2;26;096;2019;12;11;3;3;0;4;0;0;1;1;0;0;0;473861,627005004320000;5488168,567573212100000;8,638674617000049;49,545558888000073;1
185687;08;1;36;018;2019;12;16;3;3;6;6;2;0;1;1;0;0;0;589024,482069164510000;5429596,004758894400000;10,217462533000059;49,012829611000029;1
185688;08;1;21;000;2019;12;10;3;3;5;3;0;1;1;0;0;0;0;516965,568000000900000;5443319,255000002700000;9,232616443000040;49,142465643000037;1
185689;08;1;17;026;2019;12;13;3;3;6;4;0;0;1;1;0;0;0;548081,385504140520000;5394452,278706006700000;9,653468198000041;48,701252308000051;1
185690;08;1;15;045;2019;12;17;3;3;6;4;2;0;1;1;0;0;0;495587,761108052920000;5393087,854781970400000;8,940046363000022;48,690815383000029;0
185694;08;4;15;061;2019;12;17;2;2;6;4;2;0;1;1;0;0;0;515684,658417643050000;5370173,510962590600000;9,212257854000029;48,484491804000072;1
185696;08;4;15;061;2019;12;14;2;3;6;4;0;0;1;1;0;0;0;514439,387659452860000;5369675,882660819200000;9,195388725000044;48,480044795000026;1
185700;08;3;17;096;2019;12;12;2;3;0;7;0;1;1;0;0;0;0;422089,433027872820000;5369028,124687297300000;7,945951969000021;48,469556424000075;1
185701;08;3;17;096;2019;12;10;2;3;5;3;0;1;1;0;0;0;0;420687,176919882190000;5368416,394206218400000;7,927100353000071;48,463878697000041;1
185705;08;3;36;050;2019;12;12;2;2;0;7;0;1;0;0;0;0;0;399265,734449039210000;5273463,664046328500000;7,659736125000052;47,606748471000060;1
185707;08;2;26;059;2019;12;12;2;3;6;2;0;0;1;1;0;0;0;465263,750204076060000;5460207,263640796800000;8,522272840000028;49,293624741000031;0
185709;08;1;28;007;2019;12;11;2;3;5;3;0;1;1;0;0;0;0;555533,121866724450000;5483023,842701660500000;9,766913201000023;49,497305207000068;1
185710;08;1;28;007;2019;12;10;2;3;6;4;0;0;1;1;0;0;0;555698,146364691670000;5482263,778130359900000;9,769084852000049;49,490454033000049;1
185712;08;1;16;056;2019;12;16;2;3;6;7;2;0;1;1;0;0;0;531289,706080734730000;5395110,650685653100000;9,425312774000076;48,708243245000062;1
185718;08;1;11;000;2019;12;10;2;3;2;6;0;1;1;0;0;0;0;513102,750676696190000;5402293,403391575400000;9,178332811000075;48,773506467000061;1
185720;08;3;36;050;2019;12;12;1;3;5;3;0;1;1;0;0;0;0;399473,746012398040000;5274495,016811600000000;7,662266322000050;47,616058142000043;1
185721;08;3;35;063;2019;12;01;1;3;0;7;2;1;0;0;0;0;0;498223,039078865200000;5287371,793798161700000;8,976297691000070;47,739717116000065;1
185723;08;2;31;000;2019;12;20;1;3;6;4;2;0;1;1;0;0;0;476351,596654857510000;5415410,178159218300000;8,677382469000065;48,891190077000033;1
185725;08;2;15;021;2019;12;12;1;3;5;3;0;1;1;0;0;0;0;469975,293317575940000;5443753,947594305500000;8,588299923000022;49,145876229000066;1
185730;08;4;21;000;2019;12;11;7;3;3;2;0;1;1;0;0;0;0;570793,930577170100000;5361276,863092660900000;9,956472369000039;48,400673352000069;1
185732;08;3;17;096;2019;12;16;7;2;0;7;1;1;0;0;0;0;0;421873,069617969920000;5369120,394511167000000;7,943008079000038;48,470359541000050;1
185733;08;3;15;108;2019;12;18;7;2;5;2;2;1;0;0;0;0;1;404627,669000000690000;5304665,067000001700000;7,724216281000054;47,888227653000058;1
185736;08;2;36;028;2019;12;08;7;3;0;1;0;1;0;0;0;0;0;494094,005534178580000;5422609,941403890000000;8,919324038000070;48,956380307000074;2
185745;08;1;27;043;2019;12;12;7;2;6;7;0;0;0;1;0;0;1;567457,374242294580000;5446612,788917036700000;9,925406665000025;49,168618570000035;0
185746;08;1;21;000;2019;12;08;7;3;0;7;0;1;0;0;0;0;0;512494,162000000480000;5440280,661000000300000;9,171214785000075;49,115239585000040;2
185747;08;1;18;048;2019;12;19;7;3;6;4;2;0;1;1;0;0;0;512906,508913794530000;5416041,060790309700000;9,176094833000036;48,897182189000034;1
185748;08;1;18;010;2019;12;18;7;3;0;7;2;0;1;1;0;0;0;506713,084702219810000;5431559,387809125700000;9,091848707000054;49,036877803000039;1
185751;08;1;16;056;2019;12;08;7;3;6;2;1;0;1;1;0;0;0;530686,579080698080000;5395239,537418622500000;9,417124439000077;48,709432659000072;1
185754;08;4;26;128;2019;12;06;6;2;0;2;2;1;0;0;0;0;0;558406,059170164170000;5330615,492899853700000;9,784887758000025;48,126115576000075;2
185757;08;4;15;061;2019;12;09;6;3;0;7;0;1;0;0;0;0;0;514612,968341543340000;5370810,624585250400000;9,197777231000032;48,490249343000073;1
185758;08;3;37;126;2019;12;18;6;3;6;4;2;0;1;1;0;0;0;445154,457240928900000;5275500,510717520500000;8,269955533000029;47,630582698000069;1
185760;08;3;35;043;2019;12;08;6;2;0;1;0;1;0;0;0;0;0;512277,941097202710000;5280958,730793288000000;9,163590486000032;47,681900499000051;2
185762;08;3;15;064;2019;12;15;6;3;6;4;0;0;1;1;0;0;0;422002,001126540820000;5312988,175298851000000;7,955079025000032;47,965447619000031;0
185763;08;3;11;000;2019;12;19;6;3;0;1;2;1;0;0;0;0;0;412370,654725631700000;5314119,742799256000000;7,825845896000033;47,974380289000067;1
185764;08;3;36;050;2019;12;12;6;3;2;6;0;1;1;0;0;0;0;398752,148449471220000;5274324,419902805200000;7,652705956000034;47,614411206000057;0
185771;08;2;22;000;2019;12;12;6;3;5;3;0;1;0;0;0;0;1;463684,703821874220000;5478023,468333266700000;8,498930766000058;49,453784132000067;1
185773;08;2;15;066;2019;12;06;6;3;5;3;2;1;1;0;0;0;0;459603,529473048630000;5455371,261361897000000;8,444919756000047;49,249777995000045;1
185774;08;2;15;009;2019;12;08;6;3;5;2;0;1;1;0;0;0;0;474089,804634685630000;5437532,572843566500000;8,645116542000039;49,090100728000039;1
185775;08;2;15;089;2019;12;16;6;3;2;6;1;1;1;0;0;0;0;468869,032113006340000;5431137,277686623900000;8,574103083000068;49,032331331000080;1
185779;08;2;12;000;2019;12;18;6;3;5;3;2;1;1;0;0;0;0;456895,485669411720000;5427199,009769666900000;8,410721358000046;48,996185365000031;1
185780;08;1;36;065;2019;12;06;6;3;0;1;2;1;0;0;0;0;0;558410,106926874260000;5406466,185797009600000;9,795536277000053;48,808437385000047;2
185782;08;1;36;088;2019;12;07;6;3;8;1;2;1;0;0;0;0;0;581254,396387516520000;5409917,495636194900000;10,107303383000044;48,836912346000076;1
185783;08;1;26;066;2019;12;17;6;3;0;1;2;1;0;0;0;0;0;536245,331402072680000;5450081,998980155200000;9,497564657000055;49,202461458000073;1
185786;08;1;18;019;2019;12;07;6;2;6;4;0;0;0;1;0;1;0;505770,741889274680000;5405960,810168957300000;9,078593393000062;48,806609433000062;1
185788;08;1;11;000;2019;12;18;6;2;2;6;2;1;1;0;0;0;0;512349,212388039570000;5401317,255191383900000;9,168047645000058;48,764740509000035;1
185789;08;4;37;104;2019;12;09;5;3;6;7;0;0;1;1;0;0;0;516035,079882687890000;5325735,446948481700000;9,215313090000052;48,084688118000031;0
185790;08;4;35;059;2019;12;13;5;3;6;4;0;1;0;1;0;0;0;512687,845807631500000;5289942,070044016500000;9,169313708000061;47,762720945000069;0
185791;08;4;21;000;2019;12;16;5;3;5;3;2;1;1;0;0;0;0;570478,200968513270000;5357185,889298351500000;9,951521083000046;48,363909018000072;1
185792;08;4;17;051;2019;12;14;5;3;4;2;0;1;1;0;0;0;0;491704,397950535640000;5358222,520369673100000;8,887973302000034;48,377115770000046;0
185793;08;3;36;050;2019;12;15;5;3;5;7;0;0;1;1;0;0;0;399428,756202070970000;5272871,705000920200000;7,662040321000063;47,601448908000066;0
185795;08;3;26;074;2019;12;14;5;3;7;1;0;1;0;0;0;0;0;460296,893860293550000;5328447,802021186800000;8,466639144000055;48,108055310000054;0
185797;08;3;16;011;2019;12;00;5;2;0;1;2;1;0;0;0;0;0;412871,553999999540000;5331644,347000001000000;7,828986881000049;48,132086499000081;0
185801;08;2;25;014;2019;12;13;5;3;6;4;0;0;1;1;0;0;0;524086,676631096750000;5486293,147461989900000;9,332849575000068;49,528775269000050;0
185803;08;2;22;000;2019;12;12;5;3;6;4;0;0;1;1;0;0;0;461215,522550163790000;5481775,919332468900000;8,464495345000046;49,487382893000074;0
185804;08;2;21;000;2019;12;15;5;3;5;3;0;1;1;0;0;0;0;476159,252482684330000;5471937,834081949700000;8,671413430000030;49,399662664000061;0
185805;08;2;21;000;2019;12;11;5;2;1;7;0;1;0;0;0;0;1;476759,681577282960000;5472448,102213988100000;8,679658888000063;49,404275668000025;0
185806;08;2;16;017;2019;12;23;5;2;1;5;2;1;1;0;0;0;0;451904,739388580430000;5402323,977138400100000;8,345424529000070;48,772060650000071;0
185809;08;2;15;109;2019;12;15;5;3;6;4;0;0;1;1;0;0;0;461378,185794195160000;5434776,032619718500000;8,471279405000075;49,064638800000068;0
185810;08;2;12;000;2019;12;10;5;2;3;5;0;1;1;0;0;0;0;455747,691413503140000;5428481,022323550700000;8,394891155000039;49,007636005000052;0
185811;08;2;12;000;2019;12;15;5;3;1;5;0;1;1;0;0;0;0;455417,279786879200000;5429703,411533672400000;8,390239076000057;49,018607720000034;0
185812;08;2;12;000;2019;12;17;5;3;0;2;2;1;1;0;0;0;0;457344,237698345450000;5428588,339057833000000;8,416709946000026;49,008713753000052;1
185816;08;1;36;050;2019;12;07;5;2;0;1;1;1;0;0;0;0;0;581428,671000001950000;5403956,102000000000000;10,108495171000072;48,783271386000081;2
185817;08;1;21;000;2019;12;16;5;3;6;7;0;0;1;1;0;0;0;515995,931638204490000;5443016,068330552400000;9,219309742000064;49,139764397000079;0
185818;08;1;21;000;2019;12;07;5;3;5;3;2;1;1;0;0;0;0;516624,331483445130000;5443945,902907583900000;9,227963614000032;49,148111871000026;0
185819;08;1;25;026;2019;12;07;5;3;0;2;2;1;1;0;0;0;0;493546,885000000710000;5442518,379999999000000;8,911533250000048;49,135461873000054;0
185820;08;1;19;068;2019;12;10;5;2;6;2;0;0;1;1;0;0;0;525717,999249586840000;5413692,052725490200000;9,350742857000057;48,875652014000082;0
185825;08;1;16;033;2019;12;15;5;3;4;2;0;1;1;0;0;0;0;533182,259665587920000;5388618,032430503500000;9,450515803000030;48,649738852000041;1
185828;08;1;11;000;2019;12;07;5;3;6;4;1;0;1;1;0;0;0;512730,164441340600000;5402004,313702186600000;9,173252864000062;48,770913571000051;0
185829;08;3;36;081;2019;12;08;4;3;5;3;0;1;1;0;0;0;0;411057,237026921470000;5277872,509506510600000;7,815688886000032;47,648135338000031;1
185831;08;3;25;049;2019;12;17;4;3;6;4;2;0;1;1;0;0;0;475822,888488566500000;5330651,626662567300000;8,675081591000037;48,128661519000048;1
185832;08;3;17;057;2019;12;18;4;3;6;4;2;0;1;1;0;0;0;412899,089572184720000;5380444,960601752600000;7,819257779000054;48,571039000000042;0
185833;08;3;15;059;2019;12;16;4;3;6;7;0;0;1;1;0;0;0;402197,665367471990000;5322515,491951912600000;7,687657090000073;48,048424396000030;0
185834;08;3;11;000;2019;12;23;4;2;5;3;2;1;1;0;0;0;0;411077,139510574750000;5315002,020621793300000;7,808335170000021;47,982138159000044;1
185836;08;3;11;000;2019;12;15;4;2;0;7;0;1;0;0;0;0;0;414554,016031389120000;5318185,047607177900000;7,854285525000023;48,011244626000064;0
185837;08;3;11;000;2019;12;17;4;3;5;3;2;1;1;0;0;0;0;414505,914000000800000;5315432,977000003700000;7,854189039000062;47,986482253000077;0
185840;08;2;31;000;2019;12;08;4;3;0;6;0;1;1;0;0;0;0;479034,210391297940000;5416442,279935577900000;8,713925887000073;48,900571097000068;1
185846;08;2;22;000;2019;12;11;4;3;6;4;0;0;1;1;0;0;0;462318,170417205430000;5481817,237426755900000;8,479715205000048;49,487824001000035;1